{
    "data_path": "data/merged_scores.json",
    "save_path": "score_hof/{timestamp}/hall_of_fame_{iz_scope}.csv",
    "test_path": "",
    "resume_path": "",
    "fit_type": "per_iz",
    "derived_features": [
        "max_score_exp_ratios",
        "exp_pod_ratio",
        "exp_time_ratio"
    ],
    "feature_mode": "normal",
    "target_mode": "normal",
    "weight_mode": "normal",
    "weight_bracket_mode": "none",
    "max_score_weight_dampening": 1.0,
    "disabled_izs": null,
    "visualize": false
}