Complexity,Loss,Equation
1,2756.5099009900955,"12923.889851055055"
3,83.50858497258415,"(max_score_exp_ratios * 0.4233422055340375)"
4,83.4009900990099,"floor(max_score_exp_ratios * 0.42335867803642796)"
5,34.00694494857886,"min(0.4235242808883235 * max_score_exp_ratios, max_score)"
6,33.89108910891089,"min(floor(max_score_exp_ratios * 0.4235306994042241), max_score)"
7,20.926528751567137,"min((0.42794809205407086 * max_score_exp_ratios) - 149.46576470931544, max_score)"
8,20.856435643564357,"floor(min((max_score_exp_ratios * 0.4279003213849935) - 147.7476032376261, max_score))"
9,5.561161518398468,"min((0.4279669583177442 * max_score_exp_ratios) - (230.03705971069127 / exp_time_ratio), max_score)"
10,5.5049504950495045,"min(floor((0.42791119899495905 * max_score_exp_ratios) - (226.95414257586023 / exp_time_ratio)), max_score)"
11,4.348878751457508,"min((0.4294639558295701 * max_score_exp_ratios) - ((240.8977077183568 + pods) / exp_time_ratio), max_score)"
12,4.262376237623762,"floor(min((0.42949677876662573 * max_score_exp_ratios) - ((241.33479307314786 + pods) / exp_time_ratio), max_score))"
13,2.255256573202965,"min((0.432567834363527 * max_score_exp_ratios) - (((pods * 2.998906238918653) + 267.4615939734134) / exp_time_ratio), max_score)"
14,2.1633663366336635,"min(floor((0.43254855637918965 * max_score_exp_ratios) - (((pods * 2.9761395948183917) + 266.88950026231635) / exp_time_ratio)), max_score)"
15,2.0643564356435644,"min(floor((0.4325313555977931 * max_score_exp_ratios) - (floor((pods * 2.9764523417410347) + 266.88950026231635) / exp_time_ratio)), max_score)"
17,2.0594059405940595,"min(floor((0.4325313555977931 * max_score_exp_ratios) - (floor(((pods - 0.006918163226695944) * 2.9764523417410347) + 266.88950026231635) / exp_time_ratio)), max_score)"
18,2.0346534653465347,"min(floor((0.4325654519647739 * max_score_exp_ratios) - (floor((floor(pods * 2.9761395948183917) + exp_pod_ratio) + 266.9950722300147) / exp_time_ratio)), max_score)"
20,2.014851485148515,"min(floor((0.4325653541872492 * max_score_exp_ratios) - ((floor(floor((pods * 2.9762993455789353) + -0.05612531497233856) + exp_pod_ratio) + 266.9950722300427) / exp_time_ratio)), max_score)"
23,2.00990099009901,"min(floor((0.43256462619973945 * max_score_exp_ratios) - ((floor(floor((pods - (0.43253091402577654 / exp(1.5577721301647554))) * 2.9788777098807406) + exp_pod_ratio) + 266.99730966642784) / exp_time_ratio)), max_score)"
26,1.995049504950495,"min(floor((0.43253098040071386 * max_score_exp_ratios) - ((floor((pods - (0.03402535095293955 / ((-1.021817433276464 * (0.03402535095293955 - log(exp_pod_ratio))) * exp_time_ratio))) * 2.9760753141624208) + 266.9928278854573) / exp_time_ratio)), max_score)"
