Complexity,Loss,Equation
1,10092.792207792205,"38231.00000000008"
3,524.9646510864724,"(0.4386002867251637 * max_score_exp_ratios)"
4,524.8571428571429,"floor(max_score_exp_ratios * 0.4386162391528259)"
5,46.54818435062849,"min(0.43874980841604777 * max_score_exp_ratios, max_score)"
6,46.4025974025974,"min(floor(max_score_exp_ratios * 0.43877062225864555), max_score)"
7,25.972646214127625,"min((0.4409162567571154 * max_score_exp_ratios) + -186.8457698037337, max_score)"
8,25.871556365715026,"min(floor(0.4409289745133217 * max_score_exp_ratios) + -187.89015983993497, max_score)"
9,8.489372731903037,"min((0.4409966159627363 * max_score_exp_ratios) + (-364.1295665522648 / exp_time_ratio), max_score)"
10,8.38961038961039,"min(floor((0.4409922737030385 * max_score_exp_ratios) + (-364.12995156247484 / exp_time_ratio)), max_score)"
11,7.050181622960969,"min((0.44104612665913046 * max_score_exp_ratios) + (-453.38106286636736 / (exp_time_ratio + 0.41811489678132835)), max_score)"
12,6.167349061508764,"min((0.4410707865800808 * max_score_exp_ratios) + (-454.997675576219 / exp(exp_time_ratio * 0.4279404560268243)), max_score)"
13,4.8727081906321725,"min((0.44167697754583857 * max_score_exp_ratios) + (-562.1038564273274 / (exp_time_ratio + (0.6808600273754207 / exp_pod_ratio))), max_score)"
14,4.823912997559613,"min((0.44170477532947333 * floor(max_score_exp_ratios)) + (-562.1038564273274 / (exp_time_ratio + (0.6529727763209089 / exp_pod_ratio))), max_score)"
15,4.792207792207792,"floor(min((0.44170477532947333 * floor(max_score_exp_ratios)) + (-562.1038564273274 / (exp_time_ratio + (0.6529727763209089 / exp_pod_ratio))), max_score))"
16,4.4254335418553605,"min((0.44166240988846567 * max_score_exp_ratios) + ((-562.1038562029421 + exp(exp_time_ratio)) / (exp_time_ratio + (0.6522437855511654 / exp_pod_ratio))), max_score)"
17,4.414729307241469,"min((0.44166707797694016 * floor(max_score_exp_ratios)) + ((-562.1038564273274 + exp(exp_time_ratio)) / (exp_time_ratio + (0.6529727763209089 / exp_pod_ratio))), max_score)"
18,4.3896103896103895,"floor(min((0.44166707797694016 * floor(max_score_exp_ratios)) + ((-562.1038564273274 + exp(exp_time_ratio)) / (exp_time_ratio + (0.6529727763209089 / exp_pod_ratio))), max_score))"
