Complexity,Loss,Equation
1,1434.317073170729,"6791.999999999984"
3,95.09442816986048,"(0.4444326412764683 * max_score_exp_ratios)"
4,94.97909407665506,"floor(0.444406659175901 * max_score_exp_ratios)"
5,53.88909974720529,"min(0.4449046489041224 * max_score_exp_ratios, max_score)"
6,53.749128919860624,"floor(min(0.4450347668415433 * max_score_exp_ratios, max_score))"
7,26.288910729941833,"min((0.45965297827628065 * max_score_exp_ratios) - 252.3219127644226, max_score)"
8,26.23693379790941,"floor(min((0.45926140197725385 * max_score_exp_ratios) - 246.02829885736236, max_score))"
9,6.677711893288036,"min((0.4557750486319352 * max_score_exp_ratios) - (277.93076913129005 / exp_time_ratio), max_score)"
10,6.630662020905923,"min(floor((0.45579447205684825 * max_score_exp_ratios) - (277.92919688791625 / exp_time_ratio)), max_score)"
11,1.2735881599817394,"min((0.5109369990945439 * max_score_exp_ratios) - ((947.736283954435 / exp_time_ratio) * exp_pod_ratio), max_score)"
12,1.2334494773519165,"floor(min((0.5104232761854356 * max_score_exp_ratios) - ((939.9345953158298 / exp_time_ratio) * exp_pod_ratio), max_score))"
13,1.2090592334494774,"floor(min((0.510379730131549 * max_score_exp_ratios) - floor((939.9203085033041 / exp_time_ratio) * exp_pod_ratio), max_score))"
14,1.0726263291555118,"min(((0.5076102978984319 * max_score_exp_ratios) + exp(exp_pod_ratio)) - ((906.0466949115207 / exp_time_ratio) * exp_pod_ratio), max_score)"
15,0.9965156794425087,"floor(min(((0.5072947199277862 * max_score_exp_ratios) + exp(exp_pod_ratio)) - ((901.100119923445 / exp_time_ratio) * exp_pod_ratio), max_score))"
16,0.8275575390006527,"min((0.4712985497479115 * max_score_exp_ratios) - ((383.5402348507604 + (log(pods) * pods)) / (exp_time_ratio / 1.2031690009818925)), max_score)"
17,0.6829268292682927,"floor(min((0.4712985497479115 * max_score_exp_ratios) - ((383.5402348507604 + (log(pods) * pods)) / (exp_time_ratio / 1.2031690009818925)), max_score))"
18,0.6163617262016324,"min((0.47045388215363265 * max_score_exp_ratios) - (((549.956888421205 / 1.2358305401676337) + (log(pods + pods) * pods)) / exp_time_ratio), max_score)"
19,0.5052264808362369,"min(floor((0.47046877777716556 * max_score_exp_ratios) - (((575.6482345450767 / 1.2945134649676198) + (log(pods + pods) * pods)) / exp_time_ratio)), max_score)"
20,0.4199318431343252,"min((0.47153394335550447 * max_score_exp_ratios) - (((575.6494599731082 / 1.2682196427468786) + (log((pods + pods) + pods) * pods)) / exp_time_ratio), max_score)"
21,0.27752609534848816,"min((0.4707423095322269 * max_score_exp_ratios) - (((575.6529825149712 / 1.3298884253515306) + (log(pods + pods) * (pods + log(max_pods)))) / exp_time_ratio), max_score)"
22,0.11846689895470383,"floor(min((0.4707460074299023 * max_score_exp_ratios) - (((575.6529825149712 / 1.3313669346767436) + (log(pods + pods) * (pods + log(max_pods)))) / exp_time_ratio), max_score))"
24,0.11498257839721254,"floor(min((0.4707460074299023 * max_score_exp_ratios) - (((575.6529825149712 / 1.3313669346767436) + (log(pods + pods) * (pods + log(min(max_pods, time))))) / exp_time_ratio), max_score))"
25,0.11149825783972125,"floor(min((0.470753937437851 * max_score_exp_ratios) - (((floor(575.6529825149712) / 1.329233362295965) + (log(pods + pods) * (pods + log(min(max_pods, time))))) / exp_time_ratio), max_score))"
27,0.10801393728222997,"floor(min((0.47074376112015903 * max_score_exp_ratios) - (((575.6529823521219 / 1.3314373771320287) + (log(pods + pods) * (pods + min(log(max_pods), log(pods) - -2.3714557859512886)))) / exp_time_ratio), max_score))"
28,0.10452961672473868,"floor(min((0.4707461342964567 * max_score_exp_ratios) - (((575.6529838323752 / 1.3307970750184934) + (log(pods + pods) * (pods + min(log(max_pods + -2.3714557859512886), pods - -1.001685060331068)))) / exp_time_ratio), max_score))"
29,0.10104529616724739,"floor(min((0.4707461342964567 * max_score_exp_ratios) - (((575.6529838323752 / 1.3307970750184934) + (log(pods + pods) * (pods + min(log(max_pods + -2.3714557859512886), log(pods) - -2.3714557859512886)))) / exp_time_ratio), max_score))"
