Complexity,Loss,Equation
1,1592.2312499999978,"7254.470815739487"
3,207.30316067697942,"(max_score_exp_ratios * 0.4490646930752203)"
4,207.225,"floor(max_score_exp_ratios * 0.4488954600612608)"
5,108.356045279879,"min(max_score_exp_ratios * 0.4495031823221964, max_score)"
6,108.25625,"min(floor(max_score_exp_ratios * 0.4494859233479405), max_score)"
7,75.50506790861681,"min((max_score_exp_ratios ^ 1.0529600521830371) * 0.268174267944387, max_score)"
8,75.4375,"floor(min((max_score_exp_ratios ^ 1.0530139362060653) * 0.26805514932010505, max_score))"
9,13.860176002501666,"min(((max_score_exp_ratios + time) ^ 1.0779024197216884) * 0.20518900442331847, max_score)"
10,13.81875,"floor(min(((max_score_exp_ratios + time) ^ 1.077669667746365) * 0.2056804677172464, max_score))"
11,11.97193195347463,"min((((pods + time) + max_score_exp_ratios) ^ 1.075524591532386) * 0.2093738503541413, max_score)"
12,11.91875,"min(floor((((pods + time) + max_score_exp_ratios) ^ 1.075593994616601) * 0.20923299511218432), max_score)"
13,9.672133649794816,"min((((time + (max_score_exp_ratios + pods)) - max_time) ^ 1.0364384359763303) * 0.3202498888706559, max_score)"
14,9.6125,"min(floor((((time + (max_score_exp_ratios + pods)) - max_time) ^ 1.0364468595750986) * 0.3202384406833576), max_score)"
15,9.59375,"min(floor(floor(((time + (max_score_exp_ratios + pods)) - max_time) ^ 1.0364471400356456) * 0.32024345421576916), max_score)"
16,6.690532423020935,"min(((((time + max_score_exp_ratios) - max_time) ^ 1.0306861409349286) * 0.338860866561455) + exp(exp_pod_ratio * 1.7834686721235318), max_score)"
17,6.623056733311116,"min(floor((((time + max_score_exp_ratios) - max_time) ^ 1.0306889950811888) * 0.33888415794376436) + exp(exp_pod_ratio * 1.7851124894739419), max_score)"
18,5.773992895854364,"min(((((time + max_score_exp_ratios) - max_time) ^ 1.0307593337615646) * 0.33874348843156377) + exp(exp_pod_ratio * min(1.769705123266387, exp_time_ratio)), max_score)"
19,5.7125,"floor(min(((((time + max_score_exp_ratios) - max_time) ^ 1.0307665132001218) * 0.33874604358818544) + exp(exp_pod_ratio * min(1.769705123256542, exp_time_ratio)), max_score))"
21,4.920164900116324,"min((((((time + max_score_exp_ratios) - max_time) ^ 1.0303563177173563) * 0.3403027237236401) - exp(exp_time_ratio)) + exp(exp_pod_ratio * min(1.785540986023887, exp_time_ratio)), max_score)"
22,4.88125,"floor(min((((((time + max_score_exp_ratios) - max_time) ^ 1.0303636642893523) * 0.3403050220448927) - exp(exp_time_ratio)) + exp(exp_pod_ratio * min(1.785540986023887, exp_time_ratio)), max_score))"
23,4.46873161763235,"min((((((time + max_score_exp_ratios) - max_time) ^ 1.0297300223975383) * 0.3425283287849859) - exp(exp_time_ratio / 0.8292605948505458)) + exp(exp_pod_ratio * min(1.8071072581595327, exp_time_ratio)), max_score)"
24,4.44375,"floor(min((((((time + max_score_exp_ratios) - max_time) ^ 1.0297300223975383) * 0.3425283287849859) - exp(exp_time_ratio / 0.8292605948505458)) + exp(exp_pod_ratio * min(1.8071072581595327, exp_time_ratio)), max_score))"
25,4.4375,"floor(min((((((time + max_score_exp_ratios) - max_time) ^ 1.0297946581957547) * 0.34227309536757966) - floor(exp(exp_time_ratio / 0.8292590985278658))) + exp(exp_pod_ratio * min(1.8150108313445352, exp_time_ratio)), max_score))"
26,4.4125,"floor(min(((((((time + max_score_exp_ratios) + 0.7948159513623234) - max_time) ^ 1.0297300223975374) * 0.34252832878498973) - exp(exp_time_ratio / 0.8292605948505458)) + exp(exp_pod_ratio * min(1.8071072581595327, exp_time_ratio)), max_score))"
28,4.375,"floor(min((((((time + max_score_exp_ratios) - max_time) ^ 1.0300595904877132) * 0.34139585821707125) - exp(exp_time_ratio / 0.8426878774490402)) + (exp(exp_pod_ratio * min(1.7957895184506496, exp_time_ratio + -0.0329730146932552)) - -1.4479535090477489), max_score))"
