Complexity,Loss,Equation
1,8654.799999999994,"38820.52984576672"
3,1680.3735836686214,"(max_score_exp_ratios ^ 0.9289967794606246)"
4,1680.26,"floor(max_score_exp_ratios ^ 0.9289893599211604)"
5,227.1395272910921,"min(max_score_exp_ratios / 2.2385858721433376, max_score)"
6,227.02,"min(floor(max_score_exp_ratios / 2.238557562834825), max_score)"
7,150.4256519414356,"min((max_score_exp_ratios ^ 1.0358599538290079) / 3.366005335459951, max_score)"
8,150.34,"min(floor((max_score_exp_ratios ^ 1.0358396380236206) / 3.3651558864056286), max_score)"
9,0.21024829901463815,"min(max_score_exp_ratios / ((exp_pod_ratio ^ -0.04187607463217479) / 0.43673397264419944), max_score)"
10,0.0,"floor(min(max_score_exp_ratios / ((exp_pod_ratio ^ -0.041861376183088564) / 0.4367436390110834), max_score))"
