Complexity,Loss,Equation
1,3777.524999999998,"13946.560295636735"
3,293.1984075485744,"(0.42532104541558496 * max_score_exp_ratios)"
4,292.9875,"floor(max_score_exp_ratios / 2.3510809064194444)"
5,5.2650509028921775,"min(max_score_exp_ratios / 2.3511441195912206, max_score)"
6,5.025,"min(floor(max_score_exp_ratios / 2.3510752766547833), max_score)"
10,5.0125,"floor(min((max_score_exp_ratios - floor(log(exp_pod_ratio))) / 2.351076946055202, max_score))"
13,0.8778000867551441,"min((max_score_exp_ratios / 2.3511441195912206) - (max_pods / (max_score - (max_score_exp_ratios / 2.3192075364777427))), max_score)"
14,0.625,"floor(min((max_score_exp_ratios / 2.3510809064194444) - (pods / (max_score - (max_score_exp_ratios / 2.3192075364777427))), max_score))"
