Complexity,Loss,Equation
1,1782.0710900473912,"8221.99999999998"
3,35.46376148031069,"(max_score_exp_ratios * 0.42718529936463184)"
4,35.21800947867298,"floor(max_score_exp_ratios * 0.427208703155868)"
5,1.3840405618297054,"min(max_score_exp_ratios * 0.4271868480338551, max_score)"
6,1.127962085308057,"min(floor(max_score_exp_ratios * 0.42720870315588644), max_score)"
8,1.1232227488151658,"min(floor((max_score_exp_ratios * 0.4272081864808902) - -0.008459118380974257), max_score)"
14,1.1225124822124544,"min(min(floor((max_score_exp_ratios * 0.42720827042271253) - -0.008459118380974257), (max_score_exp_ratios - -1.6689781485320925) * 0.4271827716518679), max_score)"
15,1.1184834123222749,"floor(min(min(floor((max_score_exp_ratios * 0.42720818648089054) - -0.008459118380974257), max_score_exp_ratios * 0.4271868480338552), max_score) - -0.6236469288091698)"
