Complexity,Loss,Equation
1,539.9567567567562,"1904.000000000017"
3,33.79780080951516,"(0.44230300923987664 * max_score_exp_ratios)"
4,33.66486486486487,"floor(0.4423779852621481 * max_score_exp_ratios)"
5,11.678311976976737,"min(0.4427490412027676 * max_score_exp_ratios, max_score)"
6,11.513513513513514,"min(floor(0.44284454700634557 * max_score_exp_ratios), max_score)"
7,6.0404706214163735,"min((0.4499044206278853 * max_score_exp_ratios) + -33.27915429190502, max_score)"
8,5.9837837837837835,"floor(min((0.44994212945082457 * max_score_exp_ratios) - 33.151246266843316, max_score))"
9,1.3336340533686326,"min((0.4324836008287715 * max_score_exp_ratios) / (0.9883257658155682 ^ exp_pod_ratio), max_score)"
10,0.26986481559953385,"min((0.43594235101732853 * max_score_exp_ratios) / (0.9769966366064323 ^ log(exp_pod_ratio)), max_score)"
11,0.0,"min(floor((0.43609463470298304 * max_score_exp_ratios) / (0.9771892957708296 ^ log(exp_pod_ratio))), max_score)"
