Complexity,Loss,Equation
1,935.6718749999999,"4093.361552058742"
3,141.3157433975763,"(max_score_exp_ratios * 0.3722611868632437)"
4,141.234375,"floor(max_score_exp_ratios * 0.37231301900342473)"
5,92.16967616032007,"((max_score_exp_ratios * 0.3879523305837635) - time)"
6,85.1016256010787,"(max_score_exp_ratios / log(9.42450642168348 * exp_time_ratio))"
7,28.332425148108285,"((max_score_exp_ratios * 2.333581849739742) / (4.703610858126609 + exp_time_ratio))"
8,26.006748981457473,"((max_score_exp_ratios * 0.5394500117195336) / log(2.6965319081618677 + exp_time_ratio))"
9,6.116893836458644,"min((max_score_exp_ratios * 2.323553645898927) / (4.676035742674511 + exp_time_ratio), max_score)"
10,2.3405321759321325,"min((max_score_exp_ratios * 1.4476897781035714) / log(31.350031600834956 * exp_time_ratio), max_score)"
11,2.2265625,"min(floor((max_score_exp_ratios * 1.4455221048235387) / log(31.148856980593294 * exp_time_ratio)), max_score)"
12,2.013986698562828,"min((max_score_exp_ratios * 1.5092269851106463) / log((35.41832791715963 + exp_time_ratio) * exp_time_ratio), max_score)"
13,0.9084445323300621,"min((max_score_exp_ratios * 1.6573110036162924) / log((50.20383013074225 + exp(exp_time_ratio)) * exp_time_ratio), max_score)"
14,0.8199328316440919,"min((max_score_exp_ratios * 1.6005758980535363) / log((44.79417203097008 + (exp_time_ratio * exp_time_ratio)) * exp_time_ratio), max_score)"
15,0.6224039546699984,"min((max_score_exp_ratios * 1.5895879431135702) / log((43.181772277013344 + exp(exp_time_ratio - 0.5800744600866301)) * exp_time_ratio), max_score)"
16,0.53125,"min(floor((max_score_exp_ratios * 1.6062354881319396) / log((44.81099113230143 + exp(exp_time_ratio - 0.4266440815079925)) * exp_time_ratio)), max_score)"
17,0.375,"floor(min((max_score_exp_ratios * 1.6912388177318487) / log((55.328816305157886 + (exp_time_ratio * (exp_time_ratio + exp_time_ratio))) * exp_time_ratio), max_score))"
18,0.359375,"floor(min(floor(max_score_exp_ratios * 1.691662625552605) / log((55.38512004998813 + (exp_time_ratio * (exp_time_ratio + exp_time_ratio))) * exp_time_ratio), max_score))"
20,0.3359375,"floor(min(floor(max_score_exp_ratios * 1.691662625552605) / log((55.38512004998813 + (exp_time_ratio * (exp_time_ratio + exp_time_ratio))) * min(exp_time_ratio, 2.1787978731143216)), max_score))"
22,0.328125,"floor(min(((max_score_exp_ratios * 1.6910787531100684) + floor(exp_time_ratio + 0.14083862582213846)) / log((55.315510234334134 + ((exp_time_ratio + exp_time_ratio) * exp_time_ratio)) * exp_time_ratio), max_score))"
24,0.3046875,"floor(min(((max_score_exp_ratios * 1.6910787531100688) + (floor(exp_time_ratio) ^ 2.528641273426405)) / log(((55.315510234334134 + (exp_time_ratio * exp_time_ratio)) + (exp_time_ratio * exp_time_ratio)) * exp_time_ratio), max_score))"
26,0.28125,"floor(min(((max_score_exp_ratios * 1.6910787531100688) + (floor(exp_time_ratio) ^ (exp_time_ratio + 0.9719838400146618))) / log(((55.315510234334134 + (exp_time_ratio * exp_time_ratio)) + (exp_time_ratio * exp_time_ratio)) * exp_time_ratio), max_score))"
27,0.25,"floor(min(((max_score_exp_ratios * 1.6910787531100684) + (floor(exp_time_ratio + 0.14083862582213846) ^ floor(exp_time_ratio + 0.9719838400146618))) / log((55.315510234334134 + ((exp_time_ratio + exp_time_ratio) * exp_time_ratio)) * exp_time_ratio), max_score))"
