Complexity,Loss,Equation
1,542.5913978494622,"2736.000000000021"
3,85.94292122991544,"(0.38373297075792306 * max_score_exp_ratios)"
4,85.88172043010752,"floor(0.3836188706805924 * max_score_exp_ratios)"
5,53.259475922708454,"((0.4171658265589211 * max_score_exp_ratios) - time)"
7,13.508619971225901,"(((7.6270838998119 - exp_time_ratio) * max_score_exp_ratios) * 0.06371137597890697)"
8,8.578384071659759,"((4.129241025815173 - log(exp_time_ratio)) * (0.1048191693837278 * max_score_exp_ratios))"
9,7.011483190158231,"min((7.60121926478923 - exp_time_ratio) * (0.06398909968239255 * max_score_exp_ratios), max_score)"
10,1.5160847909191886,"min((4.126392732573231 - log(exp_time_ratio)) * (0.1049010652745106 * max_score_exp_ratios), max_score)"
11,1.4874551971326164,"min(floor((4.137974968152296 - log(exp_time_ratio)) * (0.10457895529924009 * max_score_exp_ratios)), max_score)"
12,0.270316137146959,"min((4.855762611316156 - log(exp_time_ratio - 0.33610341784138836)) * (0.08296736153868997 * max_score_exp_ratios), max_score)"
13,0.08602150537634409,"floor(min((4.852362476026579 - log(exp_time_ratio - 0.3351694866952994)) * (0.08305702855225969 * max_score_exp_ratios), max_score))"
17,0.05734767025089606,"floor(min((4.852362476026579 - log(exp_time_ratio - 0.3351694866952994)) * (0.08305702855225969 * max_score_exp_ratios), max_score) + log(floor(exp_time_ratio)))"
20,0.05017921146953405,"floor(min((((4.851849875031818 - log(exp_time_ratio - 0.33545273038095963)) * (0.08306886499504942 * max_score_exp_ratios)) + min(floor(exp_time_ratio), 1.4433596544879654)) - 1.31420559900296, max_score))"
21,0.04659498207885305,"floor(min((((4.851842923379758 - log(exp_time_ratio - 0.3354017012290687)) * (0.08306600916662508 * max_score_exp_ratios)) + log(floor(exp_time_ratio) ^ 0.6432328488375768)) - 0.1800474111522583, max_score))"
23,0.043010752688172046,"floor(min((((4.851842923379758 - log(exp_time_ratio - 0.3354017012290687)) * (0.08306600916662508 * max_score_exp_ratios)) + log(floor(exp_time_ratio + 0.06602686493610435) ^ 0.6432328488375768)) - 0.1800474111522583, max_score))"
26,0.035842293906810034,"floor(min((((4.851843008179055 - log(exp_time_ratio - 0.3354015537047051)) * (0.08306972542911574 * max_score_exp_ratios)) + (floor(log(floor(exp_time_ratio) ^ exp_time_ratio) - -0.5613334857825925) / exp_time_ratio)) - 0.3354017012290687, max_score))"
