Complexity,Loss,Equation
1,5505.851851851857,"20025.000000000386"
2,5505.851851851852,"floor(20025.001432271747)"
3,1865.7597589406178,"(exp_pod_ratio * 14153.001280407963)"
4,1865.7407407407406,"floor(14153.265030657383 * exp_pod_ratio)"
5,1571.658468364196,"min(max_score, max_score_exp_ratios - 17794.928914537388)"
6,1571.6172839506173,"floor(min(max_score, max_score_exp_ratios - 17795.629104920543))"
7,929.875174161974,"min((max_score_exp_ratios * exp_pod_ratio) ^ 0.9081648602871382, max_score)"
8,929.859110474193,"min((floor(max_score_exp_ratios) * exp_pod_ratio) ^ 0.9081652247091562, max_score)"
9,0.2075839294112136,"min(max_score_exp_ratios / ((0.22796577401457638 * exp_pod_ratio) ^ -0.5600156153009137), max_score)"
10,0.0,"floor(min(max_score_exp_ratios / ((0.22797111698444955 * exp_pod_ratio) ^ -0.5600049214540371), max_score))"
