Complexity,Loss,Equation
1,0.14102241,"max_score"
3,0.13057443,"(max_score - 135.99973)"
5,0.12204924,"(max_score - (time ^ 1.2163002))"
7,0.10441006,"min(max_score, (pods_collected ^ 2.2071986) / 0.14759639)"
9,0.09734503,"(min(max_score, (pods_collected ^ 2.1542883) / 0.12164328) - time)"
11,0.08660434,"(min(max_score, (pods_collected / 0.0726838) * pods_collected) - (time ^ 1.2166622))"
13,0.071239665,"(min(max_score, (pods_collected ^ 2.0581443) / 0.09005519) - ((time ^ 2.3590953) / max_time))"
15,0.06638946,"(min(max_score, (pods_collected ^ 2.0554519) / 0.08828577) - (((time - pods_collected) ^ 2.4444187) / max_time))"
17,0.061701804,"(min(max_score, (pods_collected ^ 2.0931509) / 0.099318966) - ((((time / 1.6570578) - pods_collected) ^ 2.742403) / max_time))"
19,0.061455823,"(min(max_score, (pods_collected ^ 2.0942402) / 0.09928296) - (((((time / 1.6572323) - pods_collected) ^ 2.739106) + max_score) / max_time))"
20,0.0609142,"((min(max_score, (pods_collected ^ 2.1040049) / 0.10180869) - ((((time / 1.7758385) - pods_collected) ^ 2.7948105) / max_time)) - exp(2.9969327))"
21,0.059527483,"(min(max_score, (pods_collected ^ 2.0936537) / 0.09643263) - (((((time / 1.660156) - pods_collected) ^ 2.7385943) / max_time) + exp(exp(1.5102968))))"
23,0.058523305,"(min(max_score + pods_collected, (pods_collected ^ 2.0936537) / 0.09643263) - (((((time / 1.660156) - pods_collected) ^ 2.7385943) / max_time) + exp(exp(1.5102968))))"
25,0.058400292,"((min(max_score, (pods_collected ^ 2.0945277) / 0.098520145) - ((((time / 1.6571827) - pods_collected) ^ 2.742262) / max_time)) - ((exp(exp(2.094235)) + time) / time))"
27,0.057687405,"((min(max_score, (pods_collected ^ 2.094523) / 0.09853173) - ((((time / 1.6663096) - pods_collected) ^ 2.7422652) / max_time)) - ((exp(exp(2.09422)) + 0.90258485) / (time - max_pods)))"
28,0.057363316,"((min(max_score, (pods_collected ^ 2.094671) / 0.0980812) - (((((time - exp(0.49806157)) / 1.6572641) - pods_collected) ^ 2.742269) / max_time)) - (exp(exp(2.094189)) / (time - max_pods)))"
