Complexity,Loss,Equation
1,6237.4834,"7888.254"
3,2000.6068,"(0.4986649 * max_score)"
5,1405.9436,"(max_score / (2.4986498 - pod_ratio))"
7,1150.5061,"((max_score / (pod_ratio + time_ratio)) * pod_ratio)"
8,636.3976,"(max_score / (exp(time_ratio) / (pod_ratio - -0.32299745)))"
10,345.18222,"((max_score / exp((pod_ratio * -1.199778) + time_ratio)) * 0.4368635)"
12,344.23853,"(((max_score - 14.575693) / exp((pod_ratio * -1.1998247) + time_ratio)) * 0.43703222)"
14,246.69681,"((max_score / exp((pod_ratio * min(-1.1996986, -0.0071518547 * max_pods)) + time_ratio)) * 0.43683392)"
16,194.91374,"((max_score / exp((pod_ratio * min(-1.1997797, 0.50923014 - (0.010211051 * max_pods))) + time_ratio)) * 0.43669412)"
18,193.19467,"((max_score / exp((pod_ratio * min(-1.1996986, 0.50923014 - (0.010314675 * (max_pods - 1.6846023)))) + time_ratio)) * 0.4366941)"
19,191.74704,"((max_score / exp((pod_ratio * min(-1.1996986, 0.40845746 - (0.010290215 * (max_pods - log(max_score))))) + time_ratio)) * 0.43672803)"
21,191.24786,"min((max_score / exp((pod_ratio * min(-1.1996986, 0.40845746 - (0.010290215 * (max_pods - log(max_score))))) + time_ratio)) * 0.43672803, max_score)"
23,190.92322,"(min((max_score / exp((pod_ratio * min(-1.1997039, 0.40845746 - (0.010289502 * (max_pods - log(max_score))))) + time_ratio)) * 0.43683353, max_score) + -2.9383593)"
25,190.87364,"(min((max_score / exp((pod_ratio * min(-1.1997039, 0.40845746 - (0.010289502 * (max_pods - log(max_score))))) + time_ratio)) * 0.43683353, max_score - max_pods) + -2.9383593)"
26,190.60497,"min((max_score / exp((pod_ratio * min(-1.1997039, 0.40845746 - (0.010278727 * (max_pods - log(max_score - (max_time * log(max_time))))))) + time_ratio)) * 0.43672803, max_score)"
27,187.9351,"((max_score / exp((pod_ratio * min(-1.1996986, 0.40845746 - (0.010290215 * (max_pods - (log(max_score - (max_time * (0.010278727 * max_time))) + 0.37120298))))) + time_ratio)) * 0.4366941)"
29,187.437,"min((max_score / exp((pod_ratio * min(-1.1996986, 0.40845746 - (0.010290215 * (max_pods - (log(max_score - (max_time * (0.010278727 * max_time))) + 0.37120298))))) + time_ratio)) * 0.4366941, max_score)"
