Complexity,Loss,Equation
1,0.21213159,"9117.182"
3,0.20865332,"(time + 8573.559)"
5,0.10204211,"((pods_collected ^ 1.758402) + 6266.5195)"
7,0.06911044,"(((pods_collected ^ 3.0577476) / time) + 6638.802)"
9,0.02500034,"((pods_collected * 72.37543) + (6647.456 - (time * 8.151537)))"
11,0.024510602,"min((pods_collected * 72.37667) + (6647.456 - (time / 0.12281216)), max_score)"
13,0.024508463,"min((pods_collected * 72.37667) + ((6647.456 + -1.806712) - (time / 0.122812286)), max_score)"
14,0.024329504,"(((pods_collected * 74.294266) - sqrt(pods_collected * max_time)) + (6674.084 - (time * 7.9585447)))"
16,0.023872864,"min(((pods_collected * 74.37809) - sqrt(pods_collected * max_time)) + (6673.9746 - (time * 7.9708595)), max_score)"
18,0.023825847,"min(((pods_collected * 74.37809) - sqrt((pods_collected - -0.6076405) * max_time)) + (6674.086 - (time * 7.970861)), max_score)"
19,0.023824649,"min(((pods_collected * 74.37809) - sqrt((pods_collected + sqrt(0.4591632)) * max_time)) + (6674.086 - (time * 7.970864)), max_score)"
20,0.023809861,"min(((pods_collected * 74.37809) - sqrt((pods_collected + (-0.73892564 ^ pods_collected)) * max_time)) + (6674.086 - (time * 7.9708595)), max_score)"
