Complexity,Loss,Equation
1,13978.063,"520.15625"
3,6986.774,"(pods_collected * 40.783245)"
4,3781.2415,"(4604.07 / sqrt(time))"
5,2893.2776,"((pods_collected * 47.115963) - time)"
6,1465.8502,"((26490.459 / time) + square(pods_collected))"
7,747.33936,"(772.11145 + ((-36.933693 * time) / pods_collected))"
8,407.71713,"((391.21494 * pods_collected) / sqrt(time + pods_collected))"
9,400.0523,"((max_time - (time * 2.507118)) + (43.99917 * pods_collected))"
10,142.01118,"square((15.098415 + pods_collected) - ((48.884525 / max_score) * time))"
12,74.61959,"square((15.230197 + pods_collected) - (((37.202305 + pods_collected) / max_score) * time))"
14,73.68024,"square((15.247003 + pods_collected) - ((((pods_collected * 1.1302475) + 35.68249) / max_score) * time))"
16,73.67997,"square((15.247875 + pods_collected) - (((((pods_collected * 1.1311946) + 27.420582) - -8.258029) / max_score) * time))"
18,73.67744,"square((15.247009 + pods_collected) - (((((pods_collected * 1.1301587) + 35.68379) - (0.30439615 / pods_collected)) / max_score) * time))"
19,72.3805,"square((15.237004 + pods_collected) - (((((pods_collected * 1.0504429) + 36.64958) - (max_score / exp(pods_collected))) / max_score) * time))"
