Complexity,Loss,Equation
1,2.8527388e7,"5828.3276"
3,3.03666e6,"(max_score / 1.9800845)"
5,2.8661188e6,"(max_score / min(1.9870162, time))"
7,1.8867292e6,"(max_score / (474.5865 / (pods_collected - -181.98842)))"
9,1.5127515e6,"((max_score * 0.33357868) / (max_pods / (max_pods + pods_collected)))"
11,1.2631362e6,"(((max_score * 0.3546482) - time) / (max_pods / (max_pods + pods_collected)))"
13,1.1016032e6,"(((max_score * 0.38482255) / (max_pods / (max_pods + pods_collected))) - (4.074453 * time))"
15,954056.6,"((((max_score * 0.37480262) / (max_pods / (max_pods + pods_collected))) + max_time) - (5.1026745 * time))"
