Complexity,Loss,Equation
1,2.894089e7,"6673.503"
3,3.5358465e6,"(0.5050288 * max_score)"
5,3.3373565e6,"(max_score / min(1.9870496, time))"
7,2.1959612e6,"((max_score * (pods_collected + 181.77187)) / 474.1574)"
9,1.761585e6,"(((0.33356583 * max_score) * (pods_collected + max_pods)) / max_pods)"
10,1.7615849e6,"(((tanh(0.34683523) * max_score) * (pods_collected + max_pods)) / max_pods)"
11,1.4709122e6,"((((0.35464823 * max_score) - time) * (max_pods + pods_collected)) / max_pods)"
13,1.1358822e6,"(((0.4176343 * max_score) * ((pods_collected + max_pods) - (time * 0.060197745))) / max_pods)"
14,962831.6,"((((0.36321548 * max_score) * (pods_collected + max_pods)) * tanh(max_time / time)) / max_pods)"
15,833995.44,"((((0.510062 * max_score) * (pods_collected + max_pods)) * (max_time / (max_time + time))) / max_pods)"
16,746190.25,"((((0.3979719 * max_score) * (pods_collected + max_pods)) * tanh((max_time * 0.7080582) / time)) / max_pods)"
17,341818.78,"((((0.3999535 * max_score) * ((pods_collected ^ 1.1414105) + max_pods)) * (max_time / (max_time + time))) / max_pods)"
18,227796.83,"((((0.33759785 * max_score) * ((pods_collected ^ 1.1717349) + max_pods)) * tanh(max_time / (time + time))) / max_pods)"
20,220001.62,"min((((0.33545476 * max_score) * ((pods_collected ^ 1.1755087) + max_pods)) * tanh(max_time / (time + time))) / max_pods, max_score)"
21,188452.19,"min((((0.46581382 * max_score) * ((pods_collected ^ 1.2015576) + max_pods)) * (max_time / (max_time + (time + time)))) / max_pods, max_score)"
23,187127.03,"min((((0.45673108 * max_score) * ((pods_collected ^ 1.2033397) + max_pods)) * (max_time / (max_time + (time + time)))) / (max_pods + -1.6515439), max_score)"
25,182101.62,"min((((0.46430793 * max_score) * (((pods_collected ^ 1.2781439) / 1.509965) + max_pods)) * (max_time / (time + (max_time + time)))) / (max_pods + -5.0384383), max_score)"
26,182099.0,"min((((tanh(0.50258297) * max_score) * (((pods_collected ^ 1.2787473) / 1.5116503) + max_pods)) * (max_time / (time + (max_time + time)))) / (max_pods + -4.9728775), max_score)"
27,175822.12,"min((((0.48929814 * max_score) * (-10.419861 + (((pods_collected ^ 1.286611) / 1.7393452) + max_pods))) * (max_time / (time + (max_time + time)))) / (max_pods + -10.138639), max_score)"
29,171540.2,"min((((0.52424353 * max_score) * ((((pods_collected ^ 1.3463448) / 2.7005064) + (max_pods + -10.737667)) - 11.43459)) * (max_time / (time + (max_time + time)))) / (max_pods + -18.296242), max_score)"
31,164505.58,"min((((0.5408395 * max_score) * ((((pods_collected ^ 1.3502437) / 2.8956325) + (max_pods + -10.754954)) - 11.45182)) * min(max_time / (time + (max_time + time)), 0.7745875)) / (max_pods + -18.25746), max_score)"
33,164189.02,"min((((0.5412638 * max_score) * ((((pods_collected ^ 1.3507104) / 2.895594) + (max_pods + -10.754952)) - 11.451818)) * min((max_time - 2.160593) / (time + (max_time + time)), 0.77456445)) / (max_pods + -18.257463), max_score)"
35,163146.16,"min((((0.54252565 * max_score) * ((((pods_collected ^ 1.3670478) / 3.1505375) + (max_pods + -10.805682)) - (11.502346 + -1.1343193))) * min((max_time - 2.1789706) / (time + (max_time + time)), 0.75428313)) / (max_pods + -18.192564), max_score)"
