Complexity,Loss,Equation
1,0.18020952,"max_score"
3,0.16660184,"(max_score + -135.99994)"
5,0.1471466,"(max_score - (time ^ 1.2163006))"
6,0.12708953,"(max_score * sqrt(pods_collected / max_pods))"
7,0.10288473,"(max_score * max(pods_collected / max_pods, 0.4054232))"
9,0.09214566,"((-131.93486 + max_score) * max(pods_collected / max_pods, 0.563849))"
11,0.07809487,"((max_score - (time ^ 1.2163026)) * max(pods_collected / max_pods, 0.5837173))"
13,0.07576636,"((max_score - (time ^ 1.216327)) * max((pods_collected / max_pods) + 0.014839251, 0.5823854))"
14,0.07004164,"(((max_score - (time * log(time))) * max(pods_collected / max_pods, 0.37521443)) + max_time)"
16,0.06720942,"(((max_score - (time * log(max_score))) + (max_time / 0.36755136)) * max(pods_collected / max_pods, 0.4024534))"
18,0.063104205,"min(((max_score - (time * log(max_score))) + (max_time / 0.35465547)) * max(pods_collected / max_pods, 0.3997892), max_score)"
20,0.041460007,"min(((max_score - (time * log(max_score * time))) + (max_time / 0.16893959)) * max(pods_collected / max_pods, 0.36069542), max_score)"
22,0.03980685,"min(((max_score - (time * log(max_score * time))) + (max_time / 0.16893959)) * max(pods_collected / max_pods, 0.36069542), max_score - time)"
24,0.033906575,"min(((max_score - (time * log(max_score * time))) + (max_time / 0.1692457)) * max(pods_collected / max_pods, 0.3611255), max_score - exp(exp(1.5540925)))"
26,0.03376592,"min((((max_score - (time * log(max_score * time))) + 3.7809446) + (max_time / 0.1692457)) * max(pods_collected / max_pods, 0.3611255), max_score - exp(exp(1.5540925)))"
28,0.03366487,"min((((max_score - (time * log(max_score * time))) + (1.3028841 / 0.1693796)) + (max_time / 0.16978823)) * max(pods_collected / max_pods, 0.36110738), max_score - exp(exp(1.5541168)))"
30,0.033212245,"min((((max_score - (time * log(max_score * time))) + (1.3028841 / 0.1693796)) + (max_time / 0.16978823)) * max(pods_collected / max_pods, 0.36110738), (max_score + pods_collected) - exp(exp(1.5541168)))"
