Complexity,Loss,Equation
1,1.0384594e6,"3903.4934"
3,1.0158712e6,"(pods_collected - -3868.9048)"
4,830347.56,"sqrt(446106.34 * pods_collected)"
5,460131.72,"(exp(sqrt(pods_collected)) + 3125.4827)"
6,351236.47,"(square(-58.455585) + (1.1310375 ^ pods_collected))"
7,349456.88,"(exp(sqrt(pods_collected)) + (3345.2502 - time))"
8,336751.62,"((exp(time / pods_collected) ^ -0.10340376) * max_score)"
9,33776.883,"(((pods_collected * 80.362274) - -3293.9832) + (time * -9.886398))"
11,33776.785,"(((80.36259 * pods_collected) - -39854.49) + ((time * -9.8861265) + -36560.555))"
12,28040.918,"(((pods_collected * 82.918144) - (-3306.7297 * tanh(time))) + (time * -10.31396))"
13,28040.916,"((((sqrt(tanh(time)) * pods_collected) * 82.91775) - -3306.7192) + (time * -10.313776))"
15,28036.629,"((((sqrt(tanh(time ^ 0.30252907)) * pods_collected) * 82.929565) - -3306.2034) + (time * -10.313168))"
16,24996.328,"((((square(exp(exp(pods_collected - max_pods))) + 73.13117) * pods_collected) - -3323.906) + (time * -9.193941))"
18,24746.625,"(((((square(exp(exp(pods_collected - max_pods))) ^ 1.0791247) + 71.90781) * pods_collected) - -3329.6775) + (time * -9.057248))"
19,24615.662,"(((((square(exp(exp(pods_collected - max_pods))) + 63.697044) + sqrt(pods_collected)) * pods_collected) - -3408.3945) + (time * -9.107333))"
