Complexity,Loss,Equation
1,539.911,"1896.2744"
3,489.28845,"(61.883736 * pods_collected)"
4,433.92114,"(374.53 * sqrt(pods_collected))"
5,302.82498,"(1652.046 + exp(sqrt(pods_collected)))"
6,232.64252,"((591.8938 - time) * sqrt(pods_collected))"
8,196.96837,"(((555.16315 - time) + pods_collected) * sqrt(pods_collected))"
9,141.5806,"((43.535107 * pods_collected) + ((max_time - time) * 7.754754))"
11,96.636375,"((max_pods * (pods_collected - 5.9311433)) + ((max_time - time) * 7.754754))"
13,92.249916,"(((max_pods * (pods_collected - 2.7499158)) + ((max_time - time) * 7.6592927)) * 0.92159086)"
14,91.049736,"(((max_pods + 1.5986624) * (pods_collected - sqrt(pods_collected))) + ((max_time - time) * 6.9083767))"
16,89.80211,"(((max_pods + sqrt(pods_collected)) * (pods_collected / 1.1204336)) + (((max_time - pods_collected) - time) * 6.629575))"
18,87.84005,"(((max_pods + min(max_time / time, time)) * (pods_collected - sqrt(pods_collected))) + ((max_time - time) * 6.88558))"
19,85.66519,"(((max_pods * min(exp(10.204442 / time), time)) * (pods_collected - sqrt(pods_collected))) + ((max_time - time) * 6.766127))"
20,67.81698,"(((max_pods + min(exp(sqrt(pods_collected)) / time, time)) * (pods_collected - sqrt(pods_collected))) + ((max_time - time) * 6.885894))"
