Complexity,Loss,Equation
1,903.0816,"4897.6177"
3,890.19476,"(pods_collected - -4876.6147)"
4,890.1947,"(exp(8.492214) + pods_collected)"
5,706.56384,"(4350.752 + (pods_collected ^ 1.6955746))"
7,616.56165,"((4390.8154 - time) + (pods_collected ^ 1.7564367))"
8,609.21155,"((4642.7856 - time) + (pods_collected ^ sqrt(2.9501462)))"
9,128.73228,"((max_time - (time - (pods_collected * 7.7279134))) / 0.12858634)"
11,127.45283,"((12.995986 + (max_time - (time - (pods_collected * 7.7585425)))) / 0.13128854)"
13,123.32755,"((max_time + ((time / pods_collected) - (time - (pods_collected * 7.7996936)))) / 0.13081168)"
15,110.31035,"((max_time + (((pods_collected * 0.0101211425) ^ pods_collected) - (time - (pods_collected * 7.7726703)))) / 0.12900333)"
17,102.69568,"((max_time + ((7.701675 / (pods_collected - (max_pods - 0.052279044))) - (time - (pods_collected * 7.701675)))) / 0.12843196)"
18,102.14377,"((max_time + ((log(6.834772) / (pods_collected - (max_pods - 0.012139774))) - (time - (pods_collected * 7.6788883)))) / 0.1282604)"
19,99.31653,"((max_time + ((sqrt(log(time)) / (pods_collected - (max_pods - 0.012139774))) - (time - (pods_collected * 7.6788883)))) / 0.1282604)"
20,96.91526,"((max_time + (min(sqrt(7.6788883) / (pods_collected - (max_pods - 0.012139774)), time) - (time - (pods_collected * 7.6788883)))) / 0.12825978)"
