Complexity,Loss,Equation
1,850258.75,"4228.459"
3,801463.56,"(time - -3956.8855)"
5,352333.1,"((pods_collected * 38.392925) + 2814.8877)"
8,352332.34,"(((pods_collected * 38.3921) + 2813.9167) + tanh(pods_collected))"
9,17998.133,"(((pods_collected * 83.16136) + 3129.835) + (-7.2300205 * time))"
11,14617.163,"min(((pods_collected * 84.9846) + 3134.142) + (-7.4793625 * time), max_score)"
14,14400.77,"min(((pods_collected * 85.05188) + 3132.4077) + ((-6.48342 - tanh(pods_collected)) * time), max_score)"
16,14298.811,"min(((pods_collected * 85.05188) + 3132.4077) + ((-6.48342 - tanh(pods_collected + -0.8070625)) * time), max_score)"
20,13644.4795,"min((((pods_collected * 87.465614) - -1063.0056) + 1982.4673) + ((min(-6.89896, pods_collected) - tanh(pods_collected / max_pods)) * time), max_score)"
22,10732.802,"min(((pods_collected * 84.984856) + 3134.13) + ((min(-6.479322, pods_collected) - tanh(min((time ^ 0.72095853) - pods_collected, max_time))) * time), max_score)"
