Complexity,Loss,Equation
1,542.8883,"2759.2058"
3,426.74838,"(93.2536 * pods_collected)"
4,388.90683,"(sqrt(pods_collected) * 531.0025)"
5,368.19122,"((pods_collected * pods_collected) + 1913.9928)"
6,204.43393,"(sqrt(pods_collected) * (793.478 - time))"
8,123.59757,"((sqrt(pods_collected) * (1084.2485 - time)) - 1613.6843)"
10,61.106323,"(log(647.87134) * (((pods_collected / 0.07386497) - time) + 292.29367))"
12,43.858154,"(sqrt(pods_collected + 12.996039) * (((pods_collected / 0.12051311) - time) + 443.81647))"
14,41.126316,"min(sqrt(pods_collected + 12.996039) * (((pods_collected / 0.12051311) - time) + 443.81647), max_score)"
16,40.96813,"min((sqrt(pods_collected + 12.996019) * (((pods_collected / 0.118411765) - time) + 443.89462)) - pods_collected, max_score)"
17,39.741383,"min(sqrt(pods_collected + 12.997597) * ((((pods_collected - sqrt(pods_collected)) / 0.10736101) - time) + 464.17886), max_score)"
19,39.383404,"min(sqrt(pods_collected + 12.997588) * ((((pods_collected - sqrt(pods_collected - 1.2042412)) / 0.10791798) - time) + 464.17886), max_score)"
