Complexity,Loss,Equation
1,13943.828,"482.34375"
3,6957.731,"(39.160713 * pods_collected)"
4,6627.354,"square(pods_collected + 9.540524)"
5,5808.1304,"(773.668 + (-3.517534 * time))"
6,3287.7817,"(square(pods_collected + 11.338427) - time)"
7,290.70825,"((59.543873 + (-0.24920914 * time)) * pods_collected)"
9,161.80109,"max((59.508743 + (-0.2489881 * time)) * pods_collected, max_time)"
10,126.796524,"(((-0.0044596326 * time) - -1.0597625) * square(max_pods + pods_collected))"
12,110.03379,"(((-0.004681616 * time) - -1.1175569) * (square(max_pods + pods_collected) + -38.55781))"
13,110.03378,"(((tanh(-0.004681616) * time) - -1.1175569) * (square(max_pods + pods_collected) + -38.55781))"
14,99.813736,"min((((-0.0044929963 * time) - -1.0825372) * square(max_pods + pods_collected)) - max_pods, max_score)"
15,28.262075,"min((((-0.08234923 * sqrt(time)) - -1.4510307) * square(max_pods + pods_collected)) - max_pods, max_score)"
20,20.528893,"min((tanh(-0.007269871 * time) - (-1.0573658 + -0.2253235)) * (square(max_pods + pods_collected) + (sqrt(pods_collected) / -0.056668688)), max_score)"
