Complexity,Loss,Equation
1,2.7641122e6,"max_score"
3,2.2096418e6,"(max_score - 745.00244)"
5,1.8929285e6,"(max_score - (time ^ 1.1718383))"
7,1.3307865e6,"(max_score - ((time ^ 1.9672863) / pods_collected))"
8,1.3307856e6,"(max_score - ((time ^ log(7.1516604)) / pods_collected))"
9,1.0869258e6,"(max_score - ((time ^ 2.6943057) / (pods_collected * pods_collected)))"
11,1.0544715e6,"(max_score - ((time ^ 2.6892784) / ((pods_collected * pods_collected) - max_pods)))"
12,1.0228125e6,"((max_score * 1.0214877) - ((time * time) / (pods_collected - sqrt(max_pods))))"
13,999500.06,"((max_score * 1.0225065) - ((time ^ 1.9990307) / (pods_collected - (max_pods ^ 0.5425679))))"
14,963152.5,"((max_score * 1.032716) - (((time * time) + max_score) / (pods_collected - sqrt(max_pods))))"
15,889951.75,"(max_score - (max(((time * time) / pods_collected) - (max_score * 0.07101095), 159.39255) / 0.51787776))"
16,888216.4,"(max_score - (max(((time * time) / pods_collected) - (max_score * 0.07060836), sqrt(max_score)) / 0.5194696))"
17,830801.56,"(max_score - (max(((time * (time + max_pods)) / pods_collected) - (max_score * 0.09134979), 174.15112) / 0.5624098))"
18,829904.5,"(max_score - (max(((time * (time + max_pods)) / pods_collected) - (max_score * 0.09175733), sqrt(max_score)) / 0.5590917))"
19,788688.6,"(max_score - (max((((time * (time + max_pods)) + max_score) / pods_collected) - (max_score * 0.09581354), 166.06161) / 0.5935256))"
20,780419.6,"(max_score - (max((((time * (time + max_pods)) + max_score) / pods_collected) - (max_score * 0.09660887), sqrt(max_score)) / 0.58952546))"
