Complexity,Loss,Equation
1,0.123151645,"0.5071273"
3,0.11201937,"(pods_per_time ^ 0.31201464)"
4,0.08929923,"exp(pod_ratio + -1.2517635)"
5,0.06330367,"((pod_ratio ^ time_ratio) / 1.4811856)"
6,0.042707384,"(exp(pod_ratio - time_ratio) / 2.1091762)"
7,0.038334947,"(((2.1888561 ^ pod_ratio) - time_ratio) / 2.0804665)"
8,0.036852587,"(exp(pod_ratio + -0.8267458) * (0.43913013 ^ time_ratio))"
9,0.034759216,"(((time_ratio * -0.46768788) + 0.43408963) + (pod_ratio * 0.57237476))"
10,0.033977617,"(exp((pod_ratio - time_ratio) + -0.8365792) ^ (0.36451364 ^ pods_per_time))"
11,0.03151304,"((((2.2199423 ^ pod_ratio) + pods_per_time) - time_ratio) / (2.2366726 + pods_per_time))"
12,0.026893117,"(exp(pod_ratio + -0.8365792) * ((0.36451364 ^ (0.20340908 ^ pods_per_time)) ^ time_ratio))"
14,0.02503157,"min(exp(pod_ratio + -0.8326211) * ((0.40029353 + (pods_per_time ^ 1.6380527)) ^ time_ratio), 1.0000002)"
16,0.024271328,"min(min(exp(pod_ratio + -0.832158), 1.1407199) * ((0.39890638 + (pods_per_time ^ 1.6042064)) ^ time_ratio), 1.0000002)"
18,0.024251329,"min(min(exp(pod_ratio + -0.8321586), 1.1407207) * min((0.39890727 + (pods_per_time ^ 1.6042063)) ^ time_ratio, 0.9533869), 1.0000002)"
19,0.024082534,"min(min(exp(pod_ratio + -0.8162994), 1.1538956) * ((0.39108512 + ((pods_per_time * pods_per_time) * exp(time_ratio))) ^ time_ratio), 1.0000002)"
