Complexity,Loss,Equation
1,0.38770497,"max_score"
2,0.257423,"exp(10.638303)"
4,0.24355641,"(log(pods_collected) / 0.00011296797)"
5,0.16779254,"((125.40555 + pods_collected) / 0.0061633405)"
7,0.13910507,"((243.68352 / 0.00976553) + (pods_collected * pods_collected))"
9,0.057374682,"(((pods_collected / 0.09578097) - (time - max_time)) / 0.047458462)"
11,0.05048809,"((((pods_collected / 0.10329886) - (time - max_time)) ^ 1.1343687) / 0.122265145)"
13,0.040047616,"(((((pods_collected / 0.10043471) - (time - max_time)) ^ 1.256855) + max_time) / 0.34786397)"
15,0.038047496,"min(((((pods_collected / 0.10043471) - (time - max_time)) ^ 1.256855) + max_time) / 0.34786397, max_score)"
17,0.038033146,"min(((((pods_collected / 0.10043471) - ((time - max_time) + 1.298711)) ^ 1.2572037) + max_time) / 0.34826225, max_score)"
18,0.037972827,"min(((((pods_collected / 0.10048366) - ((time - max_time) + log(pods_collected))) ^ 1.2575625) + max_time) / 0.3486577, max_score)"
19,0.037960645,"min(((((((pods_collected - 0.6690658) / 0.10038203) - (time - max_time)) ^ 1.256855) + max_time) / 0.34786397) + max_pods, max_score)"
20,0.03794109,"min(((((((pods_collected - sqrt(0.6690658)) / 0.10038203) - (time - max_time)) ^ 1.256855) + max_time) / 0.34786397) + max_pods, max_score)"
