Complexity,Loss,Equation
1,423610.25,"2818.83"
3,272942.9,"(pods_collected * 92.56439)"
4,196659.5,"(square(pods_collected) - -1873.843)"
5,113330.57,"((pods_collected / time) * 23269.805)"
6,40986.414,"((pods_collected / sqrt(time)) * 1507.6906)"
7,39844.92,"((155.19565 + (time * -0.22681817)) * pods_collected)"
8,32647.943,"(((pods_collected / sqrt(time)) * 1318.4398) + 372.6976)"
9,9380.894,"(1966.2234 - ((time / 0.1625048) + (pods_collected / -0.012008528)))"
10,9363.168,"(1978.0303 - ((pods_collected * -83.00674) + (time * sqrt(max_pods))))"
11,9316.521,"(max_score + (((83.38178 * pods_collected) - 2548.9985) - (time * 6.263182)))"
14,4430.708,"(801.558 - (((pods_collected + (max_time / time)) * -108.24457) + (time * sqrt(pods_collected))))"
16,4430.0327,"(801.558 - (((pods_collected + (max_time / time)) * -108.24457) + ((time + 0.16883804) * sqrt(pods_collected))))"
