Complexity,Loss,Equation
1,13978.065,"520.1219"
3,6986.774,"(40.785168 * pods_collected)"
4,6750.675,"square(pods_collected - -9.960669)"
5,2893.2776,"((pods_collected * 47.11575) - time)"
6,2761.285,"(square(pods_collected + 11.707751) - time)"
7,747.33936,"(772.11206 + ((-36.933693 * time) / pods_collected))"
8,679.8667,"((square(pods_collected) + (-3.0134232 * time)) + 605.90314)"
9,187.99951,"(((pods_collected * 35.616962) - -300.38297) + (-2.8191044 * time))"
12,132.6863,"((pods_collected * 58.704853) + ((time * -42.899796) / (square(max_pods) / pods_collected)))"
14,110.3172,"((pods_collected * 58.716145) + ((time * -2035.1187) / square(max_pods + (max_time / pods_collected))))"
16,108.0767,"((pods_collected * 58.774155) + ((time * -2003.6975) / (square(max_pods + (max_time / pods_collected)) - pods_collected)))"
18,107.95863,"(((pods_collected * 58.774147) + 0.34506607) + ((time * -2003.6964) / (square(max_pods + (max_time / pods_collected)) - pods_collected)))"
