Complexity,Loss,Equation
1,2.7641122e6,"max_score"
3,2.2096418e6,"(max_score + -744.5937)"
5,1.8945032e6,"(max_score - (time ^ 1.1786197))"
6,1.8931611e6,"(max_score - sqrt(time ^ 2.3383596))"
7,1.4024808e6,"(max_score - ((time * time) / pods_collected))"
9,1.1483629e6,"(max_score - ((time - (pods_collected ^ 1.1958444)) / 0.100066386))"
11,1.078437e6,"(max_score - max((time - (pods_collected ^ 1.2357714)) / 0.08148905, max_pods))"
12,1.0728682e6,"(max_score - (max(time - (pods_collected ^ 1.2357714), exp(2.462959)) / 0.08148905))"
13,964435.0,"(max_score - ((max(max_pods ^ 1.2457719, time) - (pods_collected ^ 1.2422018)) / 0.07928569))"
15,951434.8,"(max_score - ((max(time, (max_pods + 2.4769442) ^ 1.2396898) - (pods_collected ^ 1.2396898)) / 0.07991503))"
16,932002.75,"(max_score - ((max(time, (max_pods + exp(1.7039001)) ^ 1.2396898) - (pods_collected ^ 1.2457719)) / 0.07991503))"
18,925116.8,"(max_score - ((max(time, (max_pods + exp(1.1626022 * 1.7039001)) ^ 1.2396898) - (pods_collected ^ 1.2457719)) / 0.07991503))"
20,921586.4,"(max_score - (((max(time, (max_pods + exp(1.2396898 * 1.7039001)) ^ 1.2396898) - (pods_collected ^ 1.2457719)) / 0.07991503) - pods_collected))"
