Complexity,Loss,Equation
1,0.4503582,"max_score"
3,0.22244588,"(max_score ^ 0.93370306)"
5,0.21412675,"((max_score / 1.9760174) + 210.78293)"
6,0.20875458,"((max_score / log(max_pods)) ^ 1.1051774)"
7,0.14711119,"(max_score / (2.4417996 - (pods_collected / max_pods)))"
9,0.1341802,"(max_score / (2.2351074 - ((pods_collected / max_pods) ^ 2.8304942)))"
11,0.11309694,"(max_score / (1.9766763 - ((pods_collected / max_pods) - (time / max_time))))"
12,0.059515644,"(max_score / exp(0.74267066 - ((pods_collected / max_pods) - (time / max_time))))"
14,0.042609565,"(max_score / exp(0.822641 - ((pods_collected / (max_pods ^ 0.9637691)) - (time / max_time))))"
16,0.03681008,"(max_score / exp(0.82485795 - ((pods_collected / ((max_pods / 1.2272158) + 2.4128122)) - (time / max_time))))"
17,0.036808155,"(max_score / exp(0.82561135 - ((pods_collected / ((max_pods / sqrt(1.5080729)) + 2.4047146)) - (time / max_time))))"
18,0.031222766,"min(max_score / exp(0.82721686 - ((pods_collected / ((max_pods / 1.2334778) + 2.4358647)) - (time / max_time))), max_score)"
20,0.031041477,"min(max_score / exp(0.82567143 - ((pods_collected / ((max_pods / 1.2254071) + 2.4131718)) - (time / (max_time + 1.9177312)))), max_score)"
