Complexity,Loss,Equation
1,0.18800503,"3031.9995"
3,0.18079883,"(3278.2473 - time)"
4,0.13566466,"(sqrt(pods_collected) / 0.0018225063)"
6,0.11819221,"((sqrt(pods_collected) / 0.0017048969) - time)"
8,0.101151586,"((sqrt(pods_collected) / 0.0015863072) - (time + time))"
9,0.05143803,"((sqrt(pods_collected) / 0.0012202966) - (time * sqrt(max_pods)))"
11,0.04717064,"((sqrt(pods_collected + 1.3895133) / 0.0012455807) - (time * sqrt(max_pods)))"
12,0.046273407,"((sqrt(pods_collected - -2.4534888) / exp(-6.671606)) - (time * sqrt(max_pods)))"
13,0.035047878,"((sqrt(pods_collected) / 0.0012205184) - (min(pods_collected * pods_collected, time) * sqrt(max_pods)))"
14,0.03306282,"((sqrt(pods_collected) / 0.0012205184) - (min(sqrt(time) * pods_collected, time) * sqrt(max_pods)))"
16,0.032563236,"((sqrt(pods_collected) / 0.0012118707) - ((min(sqrt(time) * pods_collected, time) * sqrt(max_pods)) + max_pods))"
18,0.032018993,"((sqrt(pods_collected) / 0.0012118707) - ((min((sqrt(time) + -1.1073346) * pods_collected, time) * sqrt(max_pods)) + max_pods))"
20,0.031690408,"min((sqrt(pods_collected) / 0.0012118707) - ((min((sqrt(time) + -1.1073346) * pods_collected, time) * sqrt(max_pods)) + max_pods), max_score)"
