Complexity,Loss,Equation
1,3830.2144,"18222.0"
3,3809.0476,"(time + 17529.197)"
4,2944.4146,"(5072.564 * log(pods_collected))"
5,2450.8396,"(165.7276 * (pods_collected + 72.89851))"
6,2156.6191,"(14341.671 + sqrt(pods_collected ^ 4.418667))"
7,2154.6704,"((190.41168 * max_pods) + (pods_collected ^ 2.209653))"
8,1742.5652,"(198.81917 * ((pods_collected - sqrt(time)) + max_pods))"
9,1233.7142,"((206.91101 * (pods_collected + 74.839325)) + (time * -11.709544))"
11,550.82007,"((187.79077 * ((pods_collected * 1.4997358) + max_pods)) + (time * -15.081626))"
13,492.89334,"min((188.20802 * ((pods_collected * 1.5808191) + max_pods)) + (time * -16.310844), max_score)"
15,492.29504,"min(((188.55579 * ((pods_collected * 1.5839847) + max_pods)) - max_pods) + (time * -16.344902), max_score)"
18,467.649,"min((max_pods * ((((log(pods_collected) - -26.333815) - max_pods) - pods_collected) * -4.0481133)) + (time * -16.043959), max_score)"
20,458.43005,"min((max_pods * ((((sqrt(4.0153294 * pods_collected) - -29.979137) - max_pods) - pods_collected) * -4.720034)) + (time * -15.8548), max_score)"
