Complexity,Loss,Equation
1,2.7641122e6,"max_score"
3,2.2096418e6,"(max_score - 744.72235)"
5,1.8984496e6,"(max_score - (time ^ 1.158363))"
7,1.4024808e6,"(max_score - (time * (time / pods_collected)))"
9,1.1406221e6,"((max_score - (time * (time / pods_collected))) ^ 1.001624)"
11,1.0653349e6,"(max_score + ((-265.79526 - time) * ((time / pods_collected) - 2.3159635)))"
13,1.0294011e6,"((max_score * 1.0183736) - (time * (time / (pods_collected + (max_pods * -0.13061057)))))"
14,1.0233779e6,"max(max_score + ((-265.79526 - time) * ((time / pods_collected) - 2.3159635)), herm(0.5695295))"
15,1.01767744e6,"(max_score + ((-1.0895118 * (max_pods + time)) * (((time - -91.14146) / pods_collected) - 3.0436687)))"
16,1.01363094e6,"max(max_score + (((-265.79526 - time) - max_pods) * ((time / pods_collected) - 2.3159635)), herm(0.651457))"
17,978687.4,"(max_score + ((-1.0895118 * (max_pods + (time + max_pods))) * (((time - -91.14146) / pods_collected) - 3.0436687)))"
19,962245.6,"max(max_score + (((-1.0895118 * max_pods) - (max_pods + time)) * (((time - -91.14146) / pods_collected) - 3.0436687)), time)"
