Complexity,Loss,Equation
1,13978.065,"520.1219"
3,6986.774,"(pod_ratio * 570.9791)"
4,3599.6404,"(855.7543 / exp(time_ratio))"
5,3554.485,"((time_ratio * -562.54767) - -805.9703)"
6,147.05963,"((925.69055 * pod_ratio) / exp(time_ratio))"
7,132.68123,"(pod_ratio * ((time_ratio - 1.6255121) * -505.60074))"
8,131.77069,"((980.9115 * pod_ratio) / (exp(time_ratio) + 0.093559206))"
9,111.29204,"(36.18217 + (((time_ratio - 1.5338088) * -512.8321) * pod_ratio))"
11,111.28267,"(36.18217 + (((time_ratio - 1.5338088) * (-512.8321 + time_ratio)) * pod_ratio))"
12,102.97332,"square(exp(sqrt(exp(tanh(1.0292629 * (pod_ratio - time_ratio)))) + 1.8981326))"
14,102.8987,"square(exp(sqrt(exp(tanh((169.29855 * (pod_ratio - time_ratio)) / max_time))) + 1.8989455))"
16,67.216774,"square(exp(sqrt(exp(tanh((191.37845 * (pod_ratio - time_ratio)) / 168.03932))) + 1.8532226) + time_ratio)"
17,56.410065,"square(exp(sqrt(exp(tanh((252.47176 * (pod_ratio - time_ratio)) / 193.12996))) + 1.7661198) + exp(time_ratio))"
18,54.671654,"square(exp(sqrt(exp(tanh((252.04312 * (pod_ratio - time_ratio)) / 193.76875))) + 1.750772) + exp(sqrt(time_ratio)))"
