Complexity,Loss,Equation
1,255.6792,"1678.8197"
3,239.22931,"(1779.3391 - time)"
4,221.35962,"(sqrt(pods_collected) * 377.01547)"
5,203.42966,"(2233.3901 + (-4.772383 * time))"
6,113.28579,"(sqrt(pods_collected) * (483.93076 - time))"
7,35.62586,"(pods_collected * (125.97406 - (time * 0.39894563)))"
8,24.613676,"(pods_collected * (172.89578 + (-8.724631 * sqrt(time))))"
10,19.053057,"min(pods_collected * (172.90259 + (-8.725243 * sqrt(time))), max_score)"
12,16.279234,"min((pods_collected + 1.0594126) * (163.79285 - (8.213593 * sqrt(time))), max_score)"
14,14.60108,"min(((pods_collected - -2.289804) * (150.29477 - (6.871722 * sqrt(time)))) - time, max_score)"
16,14.057983,"min(((pods_collected - -2.289804) * (150.29477 - (6.871722 * min(sqrt(time), pods_collected)))) - time, max_score)"
18,14.0194645,"min(((pods_collected - -2.3652163) * ((151.24843 - (6.8443627 * min(sqrt(time), pods_collected))) - 1.4869817)) - time, max_score)"
19,13.863085,"min(((pods_collected - -2.528675) * (146.04909 - ((6.8350425 * min(sqrt(time), pods_collected)) - log(pods_collected)))) - time, max_score)"
