Complexity,Loss,Equation
1,423609.78,"2819.0"
3,272942.8,"(pods_collected * 92.560005)"
4,196659.25,"(square(pods_collected) - -1874.0)"
6,145061.34,"((square(pods_collected) - -2137.2402) - time)"
7,96327.84,"square((38.707462 - sqrt(time)) + pods_collected)"
8,31553.154,"(-997.51135 - ((time - 975.8351) * sqrt(pods_collected)))"
9,19480.445,"(square(pods_collected) - ((time - 607.0962) * sqrt(pods_collected)))"
10,10576.71,"((pods_collected * 82.72223) - ((time * sqrt(max_pods)) + -1984.3872))"
11,7022.9893,"(square(pods_collected) - ((time - max_time) * (sqrt(pods_collected) - -1.2506934)))"
12,4662.706,"(square(pods_collected) - ((time - 547.575) * sqrt(sqrt(time) + pods_collected)))"
13,3691.936,"min(square(pods_collected) - ((time - max_time) * (sqrt(pods_collected) - -1.2725871)), max_score)"
15,2874.7153,"min(max(square(pods_collected), time) - ((time - max_time) * (sqrt(pods_collected) - -1.2725871)), max_score)"
18,2443.3108,"(square(pods_collected - -1.8724272) - ((time - max_time) * sqrt((tanh(time) ^ 1.8303931) * (pods_collected - -9.95176))))"
19,2217.6758,"min(max(square(pods_collected - -2.039299), time) - ((time - max_time) * sqrt(2.5914567 + (pods_collected - -6.624821))), max_score)"
20,2195.3962,"(max(square(pods_collected - -2.022538), time) - ((time - max_time) * sqrt((tanh(time) ^ 1.8209523) * (pods_collected - -9.440961))))"
