Complexity,Loss,Equation
1,0.27146953,"15756.046"
3,0.270003,"(16288.938 - time)"
4,0.18581384,"(sqrt(pods_collected) / 0.0005343559)"
5,0.1492211,"((pods_collected * pods_collected) + 9731.662)"
7,0.14254236,"(((pods_collected * pods_collected) + 10038.3125) - time)"
8,0.13622539,"((pods_collected * (pods_collected - sqrt(time))) + 10565.379)"
9,0.09233489,"((sqrt(pods_collected) / 0.00038925264) - sqrt(time ^ 2.9173048))"
10,0.09218404,"((sqrt(pods_collected) / 0.00039667916) - (time ^ sqrt(sqrt(4.4359503))))"
11,0.07255903,"((sqrt(pods_collected - -14.935847) / 0.00035161673) + (time / log(0.96329236)))"
13,0.060795404,"((sqrt(pods_collected - -15.41641) / 0.00042270654) + ((pods_collected - time) * exp(3.09034)))"
15,0.05448303,"((sqrt(pods_collected - -14.931696) / 0.00042884162) + ((pods_collected - time) * min(exp(3.0618079), pods_collected)))"
17,0.05368719,"((sqrt(pods_collected - -15.356996) / 0.00042250426) + (((-15.356996 - time) + pods_collected) * min(exp(3.0618088), pods_collected)))"
19,0.050174903,"((sqrt(pods_collected - -15.356996) / 0.00041697628) + ((((-1.6285933 - time) + pods_collected) * min(exp(3.0618088), pods_collected)) - max_time))"
20,0.0499856,"((sqrt(pods_collected - -15.356996) / 0.00041680384) + ((((log(0.04682924) - time) + pods_collected) * min(exp(3.0618088), pods_collected)) - max_time))"
