Complexity,Loss,Equation
1,0.1996237,"5.620117"
2,0.08736488,"log(4402.1475)"
4,0.010512008,"(log(max_score) + -0.7856288)"
6,0.010443804,"(log(max_score - time) - 0.7528569)"
7,0.010395989,"(log(max_score) - min(log(time), 0.7861037))"
8,0.010299668,"(log(max_score + (pods_collected / 0.2468809)) - 0.785575)"
9,0.009451166,"((log(max_score) - sqrt(0.64923245 / pods_collected)) + -0.59398663)"
10,0.009401184,"((log(max_score) - tanh(sqrt(0.64923245 / pods_collected))) + -0.59398663)"
11,0.008870898,"((log(max_score - time) - sqrt(0.64923245 / pods_collected)) + -0.59398663)"
12,0.008807736,"((log(max_score - time) - tanh(sqrt(0.64923245 / pods_collected))) + -0.59398663)"
13,0.008627378,"((log(max_score) - min(sqrt(sqrt(sqrt(0.64923245)) ^ pods_collected), 0.3911626)) + -0.59398663)"
14,0.0077971052,"((log(max_score) - min(sqrt(tanh(exp(0.64923245)) ^ pods_collected), 0.3911626)) + tanh(-0.5294545))"
16,0.007765046,"((log(max_score) - min(sqrt(tanh(exp(0.64923245)) ^ pods_collected), 0.3911626)) + tanh(-0.59398663 - -0.08427827))"
18,0.0077644526,"((log(max_score + -2.0621834) - min(sqrt(tanh(exp(0.64923245)) ^ pods_collected), 0.3911626)) + tanh(-0.59398663 - -0.08427827))"
19,0.0074892608,"((log((max_score - time) - 0.13424855) - min(sqrt(tanh(exp(0.64923245)) ^ pods_collected) * 0.3911626, 1.4403384)) + -0.59398663)"
23,0.0070834276,"min((log((max_score * 1.0867419) + (time * -1.9321406)) - min(sqrt(tanh(exp(0.64923245)) ^ pods_collected) ^ 1.585664, 0.3911626)) + -0.59398663, max_score)"
25,0.0069148797,"min((log((max_score * 1.0867419) - (time + time)) - min((sqrt(tanh(exp(0.64923245)) ^ pods_collected) / 1.585664) * 0.8551311, 0.3911626)) + -0.59398663, max_pods)"
31,0.006901548,"min((log((((max_score * 1.0867419) - -1.2823464) - max_pods) - ((time / 0.34123835) - (pods_collected + max_pods))) - min(sqrt(tanh(exp(0.64923245)) ^ pods_collected) ^ 1.585664, 0.3911626)) + -0.59398663, max_score)"
35,0.0068187555,"min((log((((max_score * 1.0867419) - (-1.2823464 * pods_collected)) - (1.6425616 * 0.69255906)) - ((time / 0.34123835) - (pods_collected + max_pods))) - min(sqrt(tanh(exp(0.64923245)) ^ pods_collected) ^ 1.585664, 0.3911626)) + -0.59398663, max_score)"
39,0.0067969216,"min((log(((((max_score * 1.0867419) - ((-1.2823464 * 2.2269673) * 0.20729169)) - -1.2823464) - 0.13178676) - ((time / 0.34123835) - (pods_collected + max_pods))) - min(sqrt((tanh(exp(0.64923245)) ^ pods_collected) / 1.3252841) ^ 1.585664, 0.3911626)) + -0.59398663, max_score)"
40,0.006394446,"min((log(((((max_score * 1.0867419) - (-1.2823464 * log(time))) - -1.2823464) - max_pods) - (((time / (0.34123835 * 0.6303338)) - max_time) - (pods_collected + max_pods))) - min(sqrt(tanh(exp(0.64923245)) ^ pods_collected) ^ 1.585664, 0.3911626)) + -0.59398663, max_score)"
