Complexity,Loss,Equation
1,0.16693556,"4188.4185"
3,0.15757714,"(3980.7449 + time)"
5,0.09403339,"((82.77652 + pods_collected) / 0.027648874)"
7,0.081894994,"(((70.874176 + pods_collected) / 0.023562282) - time)"
8,0.07514238,"((sqrt(time) - (66.41376 + pods_collected)) * -49.571358)"
9,0.051298305,"(((max_pods + pods_collected) / 0.018220648) - (time * 4.715818))"
10,0.034178767,"((sqrt(time / 0.14492159) - (max_pods + pods_collected)) / -0.0134455105)"
12,0.031072488,"(((exp(3.3042455) - (max_pods + pods_collected)) / -0.011885917) - (time * 6.5892982))"
14,0.02097933,"(((log(max_score * max_score) - (max_pods + pods_collected)) / -0.013747459) - (time * 6.286498))"
15,0.02039949,"(((log(max_score * max_score) - (max_pods + pods_collected)) / -0.013761714) - (time * log(max_time)))"
16,0.018881826,"((((log(max_score * max_score) + 0.9660477) - (max_pods + pods_collected)) / -0.013586018) - (time * 6.365912))"
17,0.018658388,"(((log(max_score * max_score) - (max_pods + (pods_collected + -2.3460007))) / -0.013275305) - (time * log(max_time)))"
18,0.018284243,"((((log(max_score * max_score) + 1.2694148) - (max_pods + pods_collected)) / -0.013586018) - ((time * 6.365912) - pods_collected))"
19,0.017800588,"((((log(max_score * max_score) + exp(0.9660469)) - (max_pods + pods_collected)) / -0.013149029) - (time * (6.365911 + 0.18672505)))"
20,0.017717656,"((((log(max_score * max_score) + exp(sqrt(0.9660469))) - (max_pods + pods_collected)) / -0.013149029) - (time * (6.365911 + 0.18672505)))"
