Complexity,Loss,Equation
1,896.6,"max_score"
3,896.3498,"(max_score - 1.0812402)"
5,852.9296,"(max_score * (pods_collected / max_pods))"
6,816.25275,"(max_score - exp(time / pods_collected))"
7,780.6694,"(max_score - ((time / pods_collected) ^ 4.03185))"
8,742.0384,"mod(-1.1669737 * exp(time / pods_collected), max_score)"
9,727.20294,"min((max_score ^ 0.63714284) * (max_score / time), max_score)"
10,693.3174,"(max_score - (exp(time / max_pods) / mod(max_score, 0.9581103)))"
11,669.1072,"(max_score - (exp(time / max_pods) / mod(max_score, exp(-0.10359463))))"
12,642.3132,"mod(4.585527 - (exp(time / pods_collected) / mod(max_score, 0.9581103)), max_score)"
13,600.83704,"mod(-0.9517579 * (exp(time / pods_collected) / mod(max_score, exp(-0.10359454))), max_score)"
15,594.2583,"mod(4.585527 - (exp(time / (pods_collected - -0.38814834)) / mod(max_score, exp(-0.10359463))), max_score)"
16,593.30835,"mod(log(max_score) - (exp((time - -1.405048) / pods_collected) / mod(max_score, exp(-0.10359463))), max_score)"
17,586.1484,"mod(min(pods_collected - (exp((time - -1.405048) / pods_collected) / mod(max_score, exp(-0.10359463))), -0.43869993), max_score)"
18,586.14825,"mod(min(pods_collected - (exp((time - -1.405048) / pods_collected) / mod(max_score, exp(-0.10359463))), tanh(-0.43869993)), max_score)"
19,585.3449,"mod(min(pods_collected - ((exp((time - -1.405048) / pods_collected) + -0.8401825) / mod(max_score, exp(-0.10359463))), -0.46075228), max_score)"
20,585.339,"mod(min(pods_collected - ((exp((time - -1.405048) / pods_collected) + log(0.44657746)) / mod(max_score, exp(-0.10359463))), -0.30394748), max_score)"
