Complexity,Loss,Equation
1,0.18020952,"max_score"
3,0.16660184,"(max_score + -135.99995)"
5,0.1471466,"(max_score - (time ^ 1.2163019))"
6,0.12708953,"(sqrt(pods_collected / max_pods) * max_score)"
7,0.10288473,"(max(pods_collected / max_pods, 0.40542322) * max_score)"
9,0.09190795,"(max(pods_collected / max_pods, 0.56030905) * (max_score + -135.99995))"
10,0.09088445,"(max(pods_collected / max(max_pods, exp(2.8314502)), 0.4054232) * max_score)"
11,0.0780937,"(max(pods_collected / max_pods, 0.58386236) * (max_score - (time ^ 1.2163019)))"
12,0.07250914,"(sqrt(min(pods_collected / max_pods, max_time * (0.3518846 / time))) * max_score)"
13,0.050217655,"(max(min(pods_collected / max_pods, max_time * (0.43765134 / time)), 0.5768571) * max_score)"
14,0.04711184,"(max(min(pods_collected / max_pods, log(max_time / time) ^ 0.4473331), 0.5768571) * max_score)"
15,0.041643504,"min(((pods_collected / (time / (0.3052106 * (max_time / max_pods)))) - -0.2153227) * max_score, max_score)"
16,0.034920312,"(max((pods_collected / (max_pods - -2.580202)) * (log(max_time / time) ^ 0.2777912), 0.40542322) * max_score)"
17,0.026917586,"min(max((pods_collected / max_pods) * (((max_time / time) ^ 0.44351628) - 0.4840992), 0.4054232) * max_score, max_score)"
18,0.025442176,"min(max((pods_collected / max_pods) * (sqrt(max_time / (pods_collected + time)) - 0.4109041), 0.4054232) * max_score, max_score)"
19,0.021376027,"min(max((pods_collected / max_pods) * (((max_time / time) ^ 0.45123044) - 0.44841102), 0.43441474) * (max_score - max_time), max_score)"
20,0.017862521,"min(max((pods_collected / max_pods) * (sqrt(max_time / (pods_collected + time)) - 0.39731508), 0.4125558) * (max_score - 131.09332), max_score)"
21,0.014002019,"min(max((pods_collected / max_pods) * (sqrt(max_time / (max(pods_collected, exp(3.6442537)) + time)) - 0.40525597), 0.4054232) * max_score, max_score)"
23,0.0124440985,"min((max((pods_collected / max_pods) * (sqrt(max_time / (exp(3.3357954) + time)) - 0.46297735), 0.36687356) + 0.11057971) * (max_score * 0.8491373), max_score)"
25,0.0114991395,"min(max((pods_collected / max_pods) * (sqrt(max_time / (max(min(pods_collected, max_score / 132.42918), exp(3.6216612)) + time)) - 0.40985435), 0.4054232) * max_score, max_score)"
27,0.010269662,"min((max((pods_collected / max_pods) * (sqrt(max(max_time, pods_collected / 0.1496079) / (exp(3.3357954) + time)) - 0.46522984), 0.3651129) + 0.113242194) * (max_score * 0.84753484), max_score)"
29,0.009725333,"min(((max((pods_collected / max_pods) * (sqrt(max(max_time, max_pods / 0.15043026) / (exp(3.3515127) + time)) - 0.45865288), 0.35389307) + 0.12844293) * (max_score * 0.8165961)) + max_pods, max_score)"
