Complexity,Loss,Equation
1,0.18020952,"max_score"
3,0.16660184,"(max_score - 135.99995)"
5,0.14714661,"(max_score - (time ^ 1.2163013))"
6,0.12708953,"(max_score * sqrt(pods_collected / max_pods))"
7,0.10288473,"(max_score * max(pods_collected / max_pods, 0.40542316))"
8,0.102793895,"floor(max_score * max(pods_collected / max_pods, 0.40542376))"
9,0.09266799,"(max_score * max((pods_collected - 2.2597878) / max_pods, 0.55033284))"
10,0.092600316,"((max_score - (time ^ 1.2163253)) * sqrt(pods_collected / max_pods))"
11,0.078103304,"((max_score - (time ^ 1.216429)) * max(pods_collected / max_pods, 0.58375245))"
12,0.078043684,"((max_score - floor(time ^ 1.2168097)) * max(pods_collected / max_pods, 0.58375245))"
13,0.06303173,"(((max_score - (time ^ 1.4039614)) * (pods_collected / max_pods)) + (max_time ^ 1.1751506))"
14,0.062992275,"(((max_score - (time ^ 1.4039614)) * (pods_collected / max_pods)) + floor(max_time ^ 1.1751506))"
15,0.04924147,"min(((max_score - (time ^ 1.4164108)) * (pods_collected / max_pods)) + (max_time ^ 1.2126565), max_score)"
16,0.045937493,"(((max_score - (time ^ 1.4090264)) * (pods_collected / (max_pods + log(max_time)))) + (max_time ^ 1.2136464))"
17,0.04013559,"min(((max_score * max(pods_collected / max_pods, 0.2873625)) - (time ^ 1.4260461)) + (max_time ^ 1.2312866), max_score)"
18,0.03528646,"min(((max_score * (pods_collected / (max_pods + sqrt(max_pods)))) - (time ^ 1.42146)) + (max_time ^ 1.2767178), max_score)"
19,0.033171777,"min(((max_score * max(pods_collected / max_pods, 0.28451106)) - (time ^ 1.4260294)) + (max_time ^ 1.2328951), max_score + -121.23401)"
20,0.029287485,"min(((max_score * (pods_collected / (max_pods + sqrt(max_pods)))) - (time ^ 1.4238181)) + (max_time ^ 1.2811877), max_score - 133.1242)"
21,0.028376235,"min(((max_score * (pods_collected / floor(max_pods + sqrt(max_pods)))) - (time ^ 1.4208053)) + (max_time ^ 1.2745088), max_score - 99.83016)"
22,0.025972562,"min(max((max_score * max(pods_collected / (max_pods + exp(1.8180357)), 0.25347042)) - (time ^ 1.4100344), -3.463396) + (max_time ^ 1.243042), max_score)"
23,0.025865644,"min(max((max_score * max(pods_collected / (max_pods + exp(1.8180357)), 0.25347042)) - (time ^ 1.4100344), -3.463396) + floor(max_time ^ 1.243042), max_score)"
24,0.021367949,"min(max((max_score * max(pods_collected / (max_pods + exp(1.8126535)), 0.25347042)) - (time ^ 1.4100344), -3.463396) + (max_time ^ 1.243042), max_score - 99.83016)"
