Complexity,Loss,Equation
1,1042.1741,"5580.986"
3,1034.9552,"(pods_collected + 5563.063)"
4,810.1383,"(log(pods_collected) * 1739.3855)"
5,756.1394,"((pods_collected ^ 2.033142) + 4587.4795)"
6,375.32672,"(sqrt(pods_collected) * (1428.086 - time))"
8,338.2961,"((sqrt(pods_collected) * (1482.1239 - time)) - time)"
10,309.05063,"((sqrt(pods_collected) * ((1450.5276 + pods_collected) - time)) - time)"
11,131.05968,"(((pods_collected * (0.27064723 - -135.75607)) + 4313.863) - (7.9607887 * time))"
13,129.93828,"(((pods_collected * (min(4.8386106, time) - -132.65945)) + 4313.83) - (8.084151 * time))"
14,95.20643,"((((pods_collected * (pods_collected - -63.347416)) + 2949.5452) - (sqrt(pods_collected) * time)) * 1.4528458)"
16,80.1962,"min((((pods_collected * (pods_collected - -63.346275)) + 2949.5452) - (sqrt(pods_collected) * time)) * 1.4531143, max_score)"
18,78.437546,"min((((pods_collected * (pods_collected - -57.73612)) + 2774.0479) - (sqrt(pods_collected) * (time - max_pods))) * 1.4799383, max_score)"
19,77.06453,"min((((pods_collected * ((pods_collected - log(time)) - -70.45138)) + 2949.478) - (sqrt(pods_collected) * time)) * 1.4393137, max_score)"
