Complexity,Loss,Equation
1,13943.828,"482.34375"
3,6957.736,"(pods_collected * 39.160046)"
5,3683.785,"((45.651787 * pods_collected) - time)"
7,290.7082,"(((-0.24919847 * time) + 59.543262) * pods_collected)"
9,215.33765,"(((-0.2266453 * time) + 53.66486) * (pods_collected - -1.4613442))"
11,95.25746,"((((35.16467 + (time * -0.24842173)) + pods_collected) * pods_collected) - -144.77585)"
13,79.149864,"((((35.485264 + min(time * -0.25162756, -4.2979274)) + pods_collected) * pods_collected) - -144.37833)"
16,76.130875,"(((((35.630394 + min(time * -0.25149998, -4.3013854)) + pods_collected) * pods_collected) - -142.39494) / tanh(pods_collected))"
18,72.56515,"(((((35.630394 + min(time * -0.25149998, -4.3013854)) + pods_collected) * pods_collected) - -142.39494) / tanh(pods_collected / 1.4362581))"
20,70.50493,"((((((36.09588 + min(time * -0.2510691, -4.3100076)) + pods_collected) * pods_collected) - max_pods) / tanh(pods_collected - 1.5149105)) + max_time)"
22,70.44065,"(((((((36.137875 + min(time * -0.25074568, -4.3493056)) + pods_collected) * pods_collected) - max_pods) - 0.88891387) / tanh(pods_collected - 1.5305076)) + max_time)"
23,70.42195,"(((((((36.169613 + min(time * -0.25100738, -4.3299856)) + pods_collected) * pods_collected) - tanh(time)) - max_pods) / tanh(pods_collected - 1.533202)) + max_time)"
24,70.273636,"(((((((36.2532 + min(time * -0.2509656, -4.32338)) + pods_collected) * pods_collected) - (time ^ 0.1922142)) - max_pods) / tanh(pods_collected - 1.5780579)) + max_time)"
25,70.255066,"(((((((36.137875 + min(time * -0.25074568, -4.3493056)) + pods_collected) * pods_collected) - tanh(max_time / time)) - max_pods) / tanh(pods_collected - 1.5305076)) + max_time)"
27,69.886665,"(((((((36.137875 + min(time * -0.25074568, -4.3493056)) + pods_collected) * pods_collected) - tanh((time / max_score) * max_pods)) - max_pods) / tanh(pods_collected - 1.5305076)) + max_time)"
29,66.40404,"(((((((36.169613 + min(time * -0.25100738, -4.3299856)) + pods_collected) * pods_collected) - tanh(36.137875 + ((time * -0.25074568) + -4.3493056))) - max_pods) / tanh(pods_collected - 1.5305076)) + max_time)"
