Complexity,Loss,Equation
1,0.23840833,"4440.7104"
2,0.23840812,"exp(8.398635)"
3,0.23426165,"(4603.5684 - time)"
4,0.17300108,"(sqrt(pods_collected) / 0.0011496675)"
5,0.16678496,"((max_pods + pods_collected) / 0.017132174)"
6,0.15446392,"(exp(8.182312) + (pods_collected * pods_collected))"
7,0.11997612,"(((max_score * pods_collected) / 0.2710988) / time)"
8,0.07965229,"((sqrt(pods_collected / time) * max_score) * 1.2799706)"
10,0.06994311,"min((sqrt(pods_collected / time) * max_score) * 1.2799703, max_score)"
11,0.04118715,"(max_score - ((((pods_collected / 0.12545349) - time) - max_time) / -0.07195362))"
13,0.03309119,"((max_score - ((((pods_collected / 0.11415786) - time) - max_time) / -0.07505542)) * 0.8883227)"
15,0.03034712,"((max_score - ((((pods_collected / 0.24446017) - time) - max_time) / -0.08005904)) + (pods_collected * pods_collected))"
17,0.028171828,"((max_score - ((((pods_collected / 0.27387306) - (time * 0.88742256)) - max_time) / -0.077775404)) + (pods_collected * pods_collected))"
19,0.027902238,"min((max_score - ((((pods_collected / 0.27387306) - (time * 0.88742256)) - max_time) / -0.077775404)) + (pods_collected * pods_collected), max_score)"
