Complexity,Loss,Equation
1,1215.7911,"5305.121"
3,1158.2759,"(95.60202 * pods_collected)"
4,959.4367,"(sqrt(pods_collected) / 0.0013462156)"
5,737.7596,"(4721.941 + (1.1039194 ^ pods_collected))"
7,675.46735,"(4921.2964 + ((1.1046361 ^ pods_collected) - time))"
8,675.4571,"(4921.3237 + (sqrt(1.2202319 ^ pods_collected) - time))"
9,664.592,"(4921.4795 + ((1.105101 ^ pods_collected) - (time * 1.3463591)))"
11,185.1365,"(((max_score ^ 0.90245134) - (time * 10.270369)) + (max_pods * pods_collected))"
13,180.07,"min(((max_score ^ 0.90245134) - (time * 10.270369)) + (max_pods * pods_collected), max_score)"
16,168.48218,"(((max_score ^ 0.87123054) - (time * (sqrt(pods_collected) - -2.4493632))) + ((max_pods + 18.558352) * pods_collected))"
17,161.68456,"min(((max_score ^ 0.87272686) - (time * (sqrt(pods_collected) - -2.6151633))) + (sqrt(max_score) * pods_collected), max_score)"
18,160.18298,"min(((max_score ^ 0.87121284) - (time * (sqrt(pods_collected) - -2.5509577))) + ((max_pods + 19.249392) * pods_collected), max_score)"
19,155.71455,"(((max_score ^ 0.8773233) - (time * (sqrt(pods_collected) - -2.3945904))) + ((max_pods + (sqrt(pods_collected) - -6.994675)) * pods_collected))"
