Complexity,Loss,Equation
1,0.1726907,"604.0026"
3,0.12892483,"(pods_collected / 0.02287567)"
5,0.06834506,"((time / -0.24439867) + 875.2341)"
7,0.045767184,"(sqrt(pods_collected / time) * exp(7.136449))"
8,0.033103734,"((max_score * (pods_collected / sqrt(time))) ^ 0.88647085)"
10,0.029554764,"((pods_collected - -1.5151154) * (max_score / sqrt(time / 0.15765159)))"
12,0.027741622,"min((pods_collected - -1.5151154) * (max_score / sqrt(time / 0.15765159)), max_score)"
13,0.025473248,"((log(sqrt(exp(pods_collected)) + max_pods) * (max_score / sqrt(time))) ^ 0.9804082)"
14,0.02533629,"((log(sqrt(exp(pods_collected)) + sqrt(max_time)) * (max_score / sqrt(time))) ^ 0.9805077)"
15,0.021839844,"(min(log(sqrt(exp(pods_collected) + max_time)) * (max_score / sqrt(time)), max_score) ^ 0.9821449)"
17,0.021650659,"(min(log(sqrt(exp(pods_collected) + max_score)) * ((max_score / sqrt(time)) + -0.9716516), max_score) ^ 0.9833454)"
18,0.021447338,"((min(log(sqrt(exp(pods_collected) + max_score)) * (max_score / sqrt(time)), max_score) - log(time)) ^ 0.98296046)"
20,0.021070335,"(min((log(sqrt(exp(pods_collected) + max_score)) * ((max_score / sqrt(time)) + 0.46585137)) - sqrt(time), max_score) ^ 0.9831931)"
