Complexity,Loss,Equation
1,1.0738645e7,"max_score"
2,850259.1,"4228.437"
4,849840.9,"(4227.8047 + pod_ratio)"
5,593851.56,"exp(7.6776795 + pod_ratio)"
6,306940.72,"((pod_ratio ^ time_ratio) * 5133.9487)"
7,64113.508,"(3676.4507 / exp(time_ratio - pod_ratio))"
8,40238.31,"(exp(pod_ratio - tanh(time_ratio)) * 3495.4949)"
9,27677.479,"(exp(pod_ratio - tanh(square(time_ratio))) * 2944.5474)"
10,9300.691,"(((exp(pod_ratio) + pod_ratio) * 2810.9553) / exp(time_ratio))"
11,0.014701351,"((exp(pod_ratio * 1.2000957) * 3217.8284) / exp(time_ratio))"
13,0.0020621172,"(((exp(1.2000905 * pod_ratio) * 3218.0547) - time_ratio) / exp(time_ratio))"
16,0.0011288519,"(((exp(1.2000905 * pod_ratio) * (3218.0547 - -0.0022747188)) - time_ratio) / exp(time_ratio))"
18,0.0010817808,"((((exp(1.2000809 * pod_ratio) * 3218.0664) - time_ratio) / exp(time_ratio)) + (pod_ratio / sqrt(max_time)))"
