Complexity,Loss,Equation
1,3.2803922e6,"7346.028"
3,3.180599e6,"(time + 6921.583)"
4,1.5783395e6,"(sqrt(pods_collected) * 1094.1716)"
5,1.1244569e6,"((pods_collected * 62.653744) + 4432.882)"
6,585145.94,"(sqrt(pods_collected) * (1592.9238 - time))"
9,75246.46,"(((pods_collected * 107.981995) + 5379.0024) + (time * -7.1960707))"
11,55261.41,"min(((pods_collected * 111.41396) + 5407.263) + (time * -7.608296), max_score)"
13,55261.402,"min((((pods_collected * 111.414154) + 2609.5789) - -2797.69) - (time * 7.608227), max_score)"
14,54733.527,"(min(((pods_collected * 111.49909) + 5401.124) + (time * -7.6060133), max_score) / tanh(pods_collected))"
15,54647.21,"(min(((pods_collected * 111.592964) + 5394.3174) + (time * -7.6034374), max_score) / square(tanh(pods_collected)))"
16,54623.91,"(min(((pods_collected * 111.56273) + 5396.53) + (time * -7.6041646), max_score) / (tanh(pods_collected) ^ 1.6878403))"
17,54392.74,"(min(((pods_collected * 111.62748) + 5390.8706) + (time * -7.601095), max_score) / tanh(sqrt(0.8793634 + pods_collected)))"
18,50395.504,"((min(((pods_collected * 111.87127) + 5412.3003) + (time * -7.67421), max_score) + 0.096958555) / tanh(max_time - time))"
