Complexity,Loss,Equation
1,0.046041444,"max_score"
3,0.03423743,"(max_score / 1.1242965)"
5,0.02909534,"(max_score - (time ^ 1.2597508))"
6,0.025809215,"(sqrt(pods_collected / max_pods) * max_score)"
7,0.02021113,"(max_score / min(max_pods / pods_collected, 1.9137087))"
8,0.014783232,"(exp(pods_collected / max_pods) * (max_score / 2.951844))"
9,0.01387534,"((max_score - max_time) / min(max_pods / pods_collected, 1.8039742))"
10,0.009831649,"(exp(pods_collected / max_pods) * ((max_score / 2.7609718) - time))"
11,0.008132481,"((max_score - (time ^ 1.2378039)) / min(max_pods / pods_collected, 1.8039452))"
12,0.008093664,"((exp(pods_collected / max_pods) * (max_score / 2.6780045)) - (time ^ 1.2513292))"
13,0.0049752155,"((max_score - ((time ^ 2.344831) / max_time)) / min(max_pods / pods_collected, 1.8558272))"
14,0.004779568,"((exp(pods_collected / max_pods) * (max_score / 2.7436132)) - ((time ^ 2.3389542) / max_time))"
15,0.002847436,"min((exp(pods_collected / max_pods) * max_score) / exp((time / max_time) + 0.6632756), max_score)"
17,0.0012056867,"min((exp((pods_collected - 2.4057493) / max_pods) * max_score) / exp((time / max_time) + 0.6232604), max_score)"
18,0.0012053231,"min((exp((pods_collected - exp(0.8914573)) / max_pods) * max_score) / exp((time / max_time) + 0.62266874), max_score)"
19,0.0006233804,"min((exp(((-2.0789618 + pods_collected) / max_pods) ^ 1.3020364) * max_score) / exp((time / max_time) + 0.6050899), max_score)"
21,0.0004754364,"min((exp((pods_collected - (pods_collected * -0.21631275)) / (max_pods - -2.6504807)) * max_score) / exp((time / max_time) + 0.8163436), max_score)"
23,0.00044407384,"min((exp((pods_collected - (-0.22610147 * pods_collected)) / (max_pods - -2.6431394)) * max_score) / exp((time / (max_time * 0.95081943)) + 0.8014787), max_score)"
25,0.00037099747,"min((exp(((((-1.8860583 / max_pods) / 0.057984162) + pods_collected) - (-0.18058114 * pods_collected)) / max_pods) * max_score) / exp((time / max_time) + 0.8132453), max_score)"
26,0.0003709889,"min((exp(((((-1.8860583 / max_pods) / 0.057984162) + pods_collected) - (-0.18058114 * pods_collected)) / max_pods) * max_score) / exp((time / max_time) + sqrt(0.6615363)), max_score)"
27,0.00036077565,"min((exp(((min((-1.8860945 / max_pods) / 0.057993945, -0.5254339) + pods_collected) - (-0.18105534 * pods_collected)) / max_pods) * max_score) / exp((time / max_time) + 0.81270057), max_score)"
28,0.00031192147,"min((exp(((((-0.7866236 / max_pods) / 0.009003487) + pods_collected) - (-0.09650744 * pods_collected)) / (max_pods - log(max_time))) * max_score) / exp((time / max_time) + 0.8132038), max_score)"
30,0.00030855008,"min((exp(((((-0.7796999 / max_pods) / 0.008971624) + pods_collected) - (-0.09648027 * pods_collected)) / (max_pods - log(max_time))) * max_score) / exp(((time - -0.9147242) / max_time) + 0.81145006), max_score)"
