Complexity,Loss,Equation
1,0.062635675,"max_score"
3,0.057833247,"(-100.00214 + max_score)"
5,0.055289127,"(max_score - (88577.38 / max_score))"
6,0.052230254,"(max_score / sqrt(max_pods / pods_collected))"
7,0.051367808,"(((pods_collected / max_pods) ^ 0.52959424) * max_score)"
8,0.04708857,"((max_score / sqrt(max_pods / pods_collected)) - 113.99597)"
9,0.046767734,"(-100.00214 + (((pods_collected / max_pods) ^ 0.51143783) * max_score))"
10,0.044854954,"((max_score / sqrt(max_pods / pods_collected)) - (88577.38 / max_score))"
11,0.044046335,"(((pods_collected / max_pods) ^ 0.5287051) * (max_score - (88577.38 / max_score)))"
12,0.04192114,"((max_score / sqrt(max_pods / pods_collected)) - (1853.9087 / (max_score / time)))"
13,0.04122862,"(((pods_collected / max_pods) ^ 0.52710813) * (max_score - (1853.9084 / (max_score / time))))"
14,0.040116347,"((sqrt(pods_collected / max_pods) * (max_score - -50.254704)) - (2497.2056 / (max_score / time)))"
15,0.03936329,"(((pods_collected / max_pods) ^ 0.53003323) * ((max_score - (2504.8838 / (max_score / time))) - -51.243633))"
