Complexity,Loss,Equation
1,2548.8955,"2565.388"
3,692.1019,"(0.47453114 * max_score)"
5,509.53082,"(max_score / (2.5768726 - pod_ratio))"
7,362.3453,"((max_score * pod_ratio) / (time_ratio + pod_ratio))"
8,203.84676,"((max_score * 0.475919) / exp(time_ratio - pod_ratio))"
10,138.74207,"((max_score * 0.4371297) / exp(time_ratio - (1.1961726 * pod_ratio)))"
12,122.27303,"(((max_score * 0.44229838) - 57.650234) / exp(time_ratio - (1.1875516 * pod_ratio)))"
14,116.763794,"((((max_score - max_time) * 0.45441663) / exp(time_ratio - (1.1770414 * pod_ratio))) + max_pods)"
16,113.80938,"((((max_score - max_time) * 0.4443134) / exp(time_ratio - (1.1931808 * pod_ratio))) + (max_pods * 1.9035356))"
17,95.083626,"(((max_score * 0.43558326) - exp(0.37925276 / (max_pods / max_time))) / exp(time_ratio - (1.2085985 * pod_ratio)))"
19,93.380714,"(((max_score * 0.43748644) - exp(1.096661 / ((2.89539 * max_pods) / max_time))) / exp(time_ratio - (1.2002814 * pod_ratio)))"
21,92.98977,"((((max_score * 0.4371531) - exp(1.1185589 / ((2.9379382 * max_pods) / max_time))) / exp(time_ratio - (1.2005659 * pod_ratio))) + 2.9379382)"
