Complexity,Loss,Equation
1,0.14100757,"max_score"
3,0.12448059,"(max_score + -135.99951)"
5,0.10230321,"(max_score - (time ^ 1.2163007))"
7,0.09115822,"(max_score - ((time ^ 2.3724594) / max_time))"
8,0.08666613,"(max_score / (log(max_pods / pods_collected) - -1.0406402))"
9,0.07530385,"(max_score / min(max_pods / (pods_collected - 2.054074), 1.8170772))"
10,0.071026325,"((max_score - (time ^ 1.2163007)) / sqrt(max_pods / pods_collected))"
11,0.061130147,"((max_score - (time ^ 1.2163005)) / min(max_pods / pods_collected, 1.712609))"
13,0.047802556,"(max_score / min(max_pods / (pods_collected - (max_pods ^ (time / max_time))), 1.7335272))"
14,0.03754364,"(max_score / (log(max_pods / (pods_collected - (max_pods ^ (time / max_time)))) - -0.9692619))"
16,0.034072563,"(max_score / (min(log(max_pods / (pods_collected - (max_pods ^ (time / max_time)))), 1.4959863) - -0.97057176))"
17,0.032430675,"(max_score / (log(log(max_pods / (pods_collected - (max_pods ^ (time / max_time)))) - -0.60763925) - -1.4273162))"
18,0.03218282,"(max_score / (min(log(max_pods / (pods_collected - (max_pods ^ ((time / max_time) ^ 0.8096283)))), 1.5281018) - -0.9388283))"
19,0.029048815,"min(max_score / (log(max_pods / (pods_collected - ((pods_collected ^ sqrt(time / max_time)) * 0.79830277))) - -0.8729549), max_score)"
20,0.026081387,"min(max_score / (log(max_pods / (pods_collected - ((pods_collected ^ sqrt(sqrt(time / max_time))) * 0.7695351))) - -0.6460914), max_score)"
22,0.020551816,"min((max_score + time) / (log(log(max_pods / (pods_collected - (max_pods ^ sqrt(time / max_time)))) - -0.5317403) - -1.3031944), max_score)"
24,0.018851819,"min((max_score + time) / (log(log(max_pods / (pods_collected - (max_pods ^ sqrt(min(time / max_time, 0.81150585))))) - -0.5193554) - -1.3191339), max_score)"
26,0.0178999,"min((max_score / (log(log(max_pods / (pods_collected - ((max_pods + -1.9205565) ^ sqrt(min(time / max_time, 0.8022411))))) - -0.51793534) - -1.31541)) + max_pods, max_score)"
28,0.017771553,"(min((max_score / (log(log(max_pods / (pods_collected - ((max_pods - 1.8471472) ^ sqrt(min(time / max_time, 0.81181437))))) - -0.5277381) - -1.2947303)) + max_pods, max_score) / 1.0064981)"
30,0.017633496,"(min(((max_score + max_pods) / (log(log(max_pods / (pods_collected - ((max_pods - 1.3835671) ^ sqrt(min(time / max_time, 0.8014139))))) - -0.51113945) - -1.3199214)) + max_pods, max_score) / 1.0067309)"
32,0.017427865,"(min((max_score / (log(log(max_pods / (pods_collected - ((max_pods - 1.994389) ^ sqrt(min(time / max_time, 0.8064281))))) - -0.52550614) - -1.2944062)) + max_pods, max_score) / (1.0094749 ^ min(0.9650301, time)))"
34,0.01668846,"(min(((max_score + ((1.0083271 ^ time) / -0.35239378)) / (log(log(max_pods / (pods_collected - ((max_pods - 1.9966385) ^ sqrt(min(time / max_time, 0.8022633))))) - -0.52940357) - -1.2880483)) + max_pods, max_score) / 1.0083357)"
36,0.016640741,"(min(((max_score + ((1.0083357 ^ time) / -0.35239378)) / (log(log(max_pods / (pods_collected - ((max_pods - 1.9966385) ^ sqrt(min(time / max_time, 0.8022633))))) - -0.52940357) - -1.2880483)) + (max_pods * 1.0447909), max_score) / 1.0083357)"
37,0.014829668,"min(((max_score / exp(sqrt(exp(decay(-1.4066201, 0.4836048) / (max_pods * -1.4066201))))) / (log(log(max_pods / (pods_collected - (max_pods ^ sqrt(min(time / max_time, 0.82283616))))) - -0.5515849) - -1.2583)) + (max_pods + pods_collected), max_score)"
38,0.014829527,"min(((max_score / exp(sqrt(exp(decay(log(0.21371649), 0.4836048) / (max_pods * -1.4066201))))) / (log(log(max_pods / (pods_collected - (max_pods ^ sqrt(min(time / max_time, 0.82283616))))) - -0.5515849) - -1.2583)) + (max_pods + pods_collected), max_score)"
39,0.014359314,"min(((max_score / exp(min(sqrt(exp(decay(max_pods, 0.95387673) / (max_pods * -1.6724528))), 0.058965724))) / (log(log(max_pods / (pods_collected - ((max_pods - 1.2186394) ^ sqrt(min(time / max_time, 0.8116703))))) - -0.54757786) - -1.2662791)) + max_pods, max_score)"
41,0.014200355,"min(((max_score / exp(min(sqrt(exp(decay(-1.6724528, 0.29039115) / (max_pods * -1.6724528))), 0.058965724))) / (log(log(max_pods / (pods_collected - (((max_pods - 1.2186394) - 0.17575626) ^ sqrt(min(time / max_time, 0.8116703))))) - -0.54757786) - -1.2662791)) + max_pods, max_score)"
42,0.014198901,"min(((max_score / exp(min(sqrt(exp(decay(-1.6724528, sqrt(0.29039115)) / (max_pods * -1.6724528))), 0.058965724))) / (log(log(max_pods / (pods_collected - (((max_pods - 1.2186394) - 0.17575626) ^ sqrt(min(time / max_time, 0.8116703))))) - -0.54757786) - -1.2662791)) + max_pods, max_score)"
45,0.0141645335,"(min(((max_score / exp(sqrt(exp((decay(-2.646109, 1.0047652) / (max_pods * -1.6003731)) + -1.1149546)))) / (log(log(min(max_pods / (pods_collected - ((max_pods - 0.7458653) ^ sqrt(min(time / max_time, 0.8022439)))), pods_collected)) - -0.5240678) - -1.2971127)) + (pods_collected + max_pods), max_score) / 1.0047652)"
47,0.01401487,"(min(((max_score / exp(sqrt(exp((decay(-2.6462054, 1.3311081) / (max_pods * -1.6021771)) + -1.0648831)))) / (log(log(min(max_pods / (pods_collected - ((max_pods - 0.73811495) ^ sqrt(min(time / max_time, 0.80232835)))), pods_collected)) - -0.52226126) - -1.2935525)) + ((pods_collected + max_pods) - 2.223534), max_score) / 1.0058341)"
48,0.013998633,"(min(((max_score / exp(sqrt(exp((decay(-2.6462421, 1.3311812) / (max_pods * -1.6023803)) + -1.0648409)))) / (log(log(min(max_pods / (pods_collected - ((max_pods - 0.7484971) ^ sqrt(min(time / max_time, 0.80228245)))), pods_collected)) - -0.5221502) - -1.2932795)) + ((pods_collected + max_pods) - log(max_pods)), max_score) / 1.0057316)"
