Complexity,Loss,Equation
1,0.14102241,"max_score"
3,0.13057443,"(max_score - 135.99994)"
5,0.117793866,"((pods_collected * max_score) / max_pods)"
6,0.11597672,"(cos(time / max_time) * max_score)"
7,0.08404571,"(max_score / min(max_pods / pods_collected, 2.4665585))"
9,0.07535536,"((max_score + -114.000374) / min(max_pods / pods_collected, 1.7899604))"
11,0.06994991,"((max_score + -118.483406) ^ (min(max_pods / pods_collected, 2.664269) ^ -0.10689463))"
12,0.06994877,"((max_score + -118.483406) ^ (min(max_pods / pods_collected, 2.664269) ^ sin(-0.10710339)))"
13,0.057134245,"((max_score - ((time ^ 2.344824) / max_time)) / min(max_pods / pods_collected, 1.7496611))"
15,0.045501158,"(((max_score - ((time ^ 2.392463) / max_time)) / min(max_pods / pods_collected, 2.833222)) + max_time)"
17,0.040941864,"(((max_score - ((time ^ 2.3921082) / max_time)) ^ (min(max_pods / pods_collected, 3.2206478) ^ -0.106482744)) + max_time)"
19,0.038259145,"((((max_score + -118.48353) - ((time ^ 2.3851783) / max_time)) ^ (min(max_pods / pods_collected, 3.1914766) ^ -0.1059653)) + max_time)"
21,0.0357696,"((max_score - (min(13.968155 * time, max_score) - ((max_time - 37.727146) * 5.025446))) ^ (min(max_pods / pods_collected, 3.0443518) ^ -0.09944573))"
23,0.033636745,"((max_score - ((min(13.6210575 * time, max_score) + time) - ((max_time + -35.416138) / 0.18559088))) ^ (min(max_pods / pods_collected, 3.002802) ^ -0.101784125))"
25,0.03171486,"(((max_score - ((min(13.509064 * time, max_score) + time) - ((max_time + -35.41576) / 0.23758999))) ^ (min(max_pods / pods_collected, 3.350463) ^ -0.104832396)) + max_time)"
27,0.030385155,"((max_score - ((min(13.384554 * time, max_score) + time) - ((((-0.6686436 * max_score) / max_pods) + max_time) / 0.17792907))) ^ (min(max_pods / pods_collected, 3.2701085) ^ -0.094689734))"
29,0.029530793,"(((max_score - ((min(13.384554 * time, max_score) + time) - ((((-0.8220157 * max_score) / max_pods) + max_time) / 0.21557027))) ^ (min(max_pods / pods_collected, 3.5928907) ^ -0.099755175)) + max_time)"
30,0.02953041,"(((max_score - ((min(13.384387 * time, max_score) + time) - ((((-0.8218115 * max_score) / max_pods) + max_time) / 0.21566275))) ^ (min(max_pods / pods_collected, 3.5922635) ^ sin(-0.09993492))) + max_time)"
