Complexity,Loss,Equation
1,0.12410652,"max_score"
3,0.11008,"(max_score - 135.99913)"
5,0.09255217,"(max_score - (time ^ 1.2163007))"
7,0.080823936,"(max_score - ((time ^ 2.3724718) / max_time))"
8,0.08047533,"(max_score - ((time / sqrt(max_time)) ^ 2.7660348))"
9,0.071093455,"(max_score / min(1.8171303, (max_pods - -2.2978964) / pods_collected))"
10,0.066004016,"((max_score - (time ^ 1.2163007)) * sqrt(pods_collected / max_pods))"
11,0.061308105,"((max_score - (time ^ 1.2162703)) ^ ((max_pods / pods_collected) ^ -0.07674992))"
12,0.05564288,"((max_score - ((time ^ 2.3574522) / max_time)) * sqrt(pods_collected / max_pods))"
13,0.05152759,"((max_score ^ ((max_pods / pods_collected) ^ -0.07699702)) - ((time ^ 2.3480818) / max_time))"
15,0.05041587,"(((max_score ^ ((max_pods / pods_collected) ^ -0.0800786)) + time) - ((time ^ 2.3865836) / max_time))"
17,0.04365242,"(((max_score ^ (((pods_collected - 4.519534) / max_pods) ^ 0.075373024)) - ((time ^ 2.3765366) / max_time)) + max_time)"
19,0.041772183,"((((max_score ^ (((max_pods + 7.3271337) / pods_collected) ^ -0.087915234)) - ((time ^ 2.372171) / max_time)) * 1.0387018) + max_time)"
21,0.03724179,"((((max_score ^ (((max_pods + 13.62101) / pods_collected) ^ -0.09012685)) - ((time ^ 2.7030625) / (max_time / 0.12261486))) * 1.0933695) + max_time)"
22,0.03719969,"((((max_score ^ (sqrt((max_pods + 13.620635) / pods_collected) ^ -0.1823385)) - ((time ^ 2.686195) / (max_time / 0.13564141))) * 1.0969307) + max_time)"
23,0.03643282,"((((max_score ^ (((max_pods + 13.319475) / pods_collected) ^ -0.08979941)) - (((time ^ 2.7499628) / (max_time / 0.090893134)) + pods_collected)) * 1.0989349) + max_time)"
25,0.032156043,"((((max_score ^ (((max_pods + 7.8712173) / pods_collected) ^ -0.17007987)) - (((time ^ 2.6447675) / (max_time / 0.24446912)) - (max_score * 0.38823175))) + max_time) * 0.7767193)"
27,0.030085433,"((((max_score ^ (((max_pods + 4.906339) / pods_collected) ^ -0.17197825)) - (((time ^ 2.7339187) / (max_time / 0.14926562)) - (max_score * 0.40830484))) * 0.735066) + (max_time - 86.52217))"
29,0.029720893,"((((max_score ^ (((max_pods + 4.906551) / pods_collected) ^ -0.17110752)) - (((time ^ 2.72924) / ((max_time - max_pods) / 0.12920468)) - (max_score * 0.4111195))) * 0.73428893) + (max_time - 85.66375))"
30,0.027948478,"((((max_score ^ (((max_pods + 4.906536) / pods_collected) ^ -0.16865729)) - (((time ^ 2.7263546) / ((max_time - sqrt(max_score)) / 0.12920469)) - (max_score * 0.40559447))) * 0.7366065) + (max_time - 85.66376))"
