Complexity,Loss,Equation
1,2.8569548e7,"5832.632"
3,3.030421e6,"(max_score * 0.505451)"
8,2.9916745e6,"(-446.6048 + ((tanh(0.58230865) * max_score) - 0.58230865))"
9,2.90306e6,"(-452.95703 + ((tanh(0.58243614) * max_score) / tanh(time)))"
11,2.8672895e6,"(-452.95703 + ((tanh(0.58243614) * max_score) / tanh(time + -0.19810708)))"
19,2.2660035e6,"((tanh(tanh(-1.6010919 / 0.07621772) / tanh(max_score)) - -1.194017) * ((max_score + (ppt * ppt)) / tanh(time)))"
21,2.2575968e6,"((tanh(tanh((0.1220669 - 0.48434022) - time) * tanh(max_score)) - -1.193417) * ((max_score + (ppt * ppt)) / tanh(time)))"
22,2.257595e6,"((tanh(tanh((0.6408116 - tanh(ppt)) - time) / tanh(max_time)) - -1.193412) * ((max_score + (ppt * ppt)) / tanh(time)))"
24,1.8833224e6,"min(max_score * ((((0.0058166482 / tanh(tanh(tanh(0.7367962)))) * ppt) * 0.18300344) + tanh(tanh(tanh(tanh(tanh(tanh(tanh(tanh(0.88255584))))))))), max_score)"
25,1.872953e6,"min(max_score * ((((0.007092964 / tanh(tanh(tanh(tanh(time))))) * ppt) * 0.1682911) + tanh(tanh(tanh(tanh(tanh(tanh(tanh(tanh(0.881618))))))))), max_score)"
28,1.872951e6,"min(max_score * (min(((tanh(0.0066777184) / tanh(tanh(tanh(tanh(time))))) * ppt) * 0.17876701, time) + tanh(tanh(tanh(tanh(tanh(tanh(tanh(tanh(0.8818505))))))))), max_score)"
