Complexity,Loss,Equation
1,13943.834,"482.41663"
3,6957.7373,"(39.15988 * pods_collected)"
5,3683.7869,"((pods_collected * 45.651226) - time)"
7,2200.5833,"((pods_collected * 53.857883) - (2.2643688 * time))"
9,296.40192,"(((pods_collected * 35.50436) + 309.93015) - (3.201469 * time))"
11,228.0828,"((pods_collected * (pods_collected * 1.7314527)) - ((3.1029685 * time) - 468.69254))"
13,223.58174,"min((pods_collected * (pods_collected * 1.7332002)) - ((3.1226206 * time) - 470.20764), max_score)"
15,221.50139,"((pods_collected * 36.48782) - min(((min(3.3015647, pods_collected) * time) - -3.8763032) - 308.77765, time))"
17,220.13535,"((((pods_collected * pods_collected) * 1.7314166) - ((((pods_collected ^ -1.7838002) + 3.102983) * time) - 544.14307)) - 75.43325)"
18,209.01073,"(((pods_collected * (pods_collected + max_pods)) * 1.0392258) - ((((tanh(pods_collected) - -2.1388729) * time) - 488.53397) + 88.00143))"
19,110.08971,"(((((pods_collected * pods_collected) * 3.216061) + pods_collected) - ((((pods_collected * pods_collected) * 0.018726243) * time) - 331.0603)) - 124.261444)"
27,95.14957,"min(((((pods_collected * pods_collected) * 3.2628095) - ((min((pods_collected * pods_collected) * 0.0187161, max_pods) * time) - 326.50464)) - ((128.81725 - pods_collected) + 1.2418362)) + 0.28104842, max_score)"
