Complexity,Loss,Equation
1,0.075974226,"max_score"
3,0.06954968,"(max_score + -114.00014)"
4,0.06952954,"floor(max_score + -113.000084)"
5,0.06695781,"min(max_score, pods_collected ^ 2.8971786)"
6,0.06042615,"(max_score * sqrt(pods_collected / max_pods))"
7,0.058879163,"(max_score ^ ((max_pods / pods_collected) ^ -0.062480975))"
8,0.052403774,"(sqrt(pods_collected / max(19.228405, max_pods)) * max_score)"
9,0.047663618,"min(((max_score / time) * 0.4399141) * max_time, max_score)"
10,0.04373814,"min(sqrt((max_time / time) * 0.36301303) * max_score, max_score)"
11,0.038811103,"min(log(sqrt((max_time / time) / 0.36148584)) * max_score, max_score)"
12,0.030154614,"(sqrt(min((max_time / time) * 0.36248395, pods_collected / max_pods)) * max_score)"
13,0.026068093,"((min((max_time / time) * 0.37557915, pods_collected / max_pods) ^ 0.6219588) * max_score)"
14,0.02394619,"(sqrt(min((0.3652037 / time) * max_time, pods_collected / max_pods)) * (max_score + -99.70208))"
15,0.020061962,"((min((max_time / (time - -25.50422)) * 0.40861753, pods_collected / max_pods) ^ 0.6474322) * max_score)"
16,0.019292276,"(min(((max_time / (time + 27.181042)) - -0.5854925) * 0.34802416, sqrt(pods_collected / max_pods)) * max_score)"
17,0.013265483,"min(((((max_time * (pods_collected / max_pods)) / (time + 29.458052)) - -0.6773201) * 0.338596) * max_score, max_score)"
18,0.0132650975,"min(((((max_time * (pods_collected / max_pods)) / floor(time + 29.543564)) - -0.68010193) * 0.33749616) * max_score, max_score)"
19,0.010570075,"min((((max_time / (time + 29.592403)) - -0.6066505) * 0.3507921) * (max_score * max(pods_collected / max_pods, 0.33388302)), max_score)"
20,0.010561358,"floor(min((((max_time / (time + 29.544342)) - -0.6063379) * 0.3508388) * (max_score * max(pods_collected / max_pods, 0.33388764)), max_score))"
