Complexity,Loss,Equation
1,0.062635675,"max_score"
3,0.057833247,"(max_score + -100.00237)"
5,0.05528913,"(max_score - (88579.38 / max_score))"
6,0.052365094,"(max_score / sqrt(max_pods / pods_collected))"
7,0.051427934,"(max_score ^ ((pods_collected / max_pods) ^ 0.0625815))"
8,0.04722589,"((max_score * sqrt(pods_collected / max_pods)) - 113.99601)"
9,0.044909842,"min(max_score * ((max_score ^ 0.63112485) / time), max_score)"
10,0.044682868,"(max_score * min(sqrt(pods_collected / max_pods), pods_collected * 0.060947623))"
11,0.043014668,"min(max_score * (((max_score ^ 0.5934238) + max_pods) / time), max_score)"
12,0.035376385,"(max_score * min(sqrt(pods_collected / max_pods), (max_score ^ 0.63112485) / time))"
13,0.03456639,"(max_score * min((pods_collected / max_pods) ^ 0.5295953, (max_score ^ 0.63112485) / time))"
14,0.033408485,"(max_score * min(sqrt(pods_collected / max_pods), ((max_score ^ 0.5934238) + max_pods) / time))"
15,0.032594148,"(max_score * min((pods_collected / max_pods) ^ 0.5295953, ((max_score ^ 0.5934238) + max_pods) / time))"
16,0.029623862,"(max_score * sqrt(min(pods_collected / max_pods, sqrt(max_score * (sqrt(pods_collected) + -1.8965025)) / time)))"
17,0.028838158,"(max_score * (min(pods_collected / max_pods, sqrt(max_score * (sqrt(pods_collected) + -1.8213716)) / time) ^ 0.5295953))"
18,0.028254349,"(max_score * min(sqrt(min(pods_collected / max_pods, max_pods * 0.05383684)), ((max_score ^ 0.5934238) + max_pods) / time))"
19,0.02744864,"(max_score * min(min(pods_collected / max_pods, pods_collected * 0.05383684) ^ 0.5295953, ((max_score ^ 0.5934238) + max_pods) / time))"
