Complexity,Loss,Equation
1,10292.33,"38887.074"
3,7584.145,"(pods_collected * 317.03485)"
4,7305.449,"sqrt(1.2567339e7 * pods_collected)"
5,5826.5713,"((pods_collected * pods_collected) + 23226.902)"
7,3143.1235,"(pods_collected * (501.5917 - (time * 0.22613445)))"
8,2363.4836,"(exp(sqrt(sqrt(pods_collected))) * (2244.9185 - time))"
9,2229.9978,"((pods_collected + 36.19483) * (408.1277 - (time * 0.18850887)))"
10,2007.1951,"min(exp(sqrt(sqrt(pods_collected))) * (2249.369 - time), max_score)"
11,1827.7788,"min((pods_collected + 35.558388) * (418.0284 - (time * 0.19764195)), max_score)"
12,1541.6907,"min((33.736576 + pods_collected) * (592.3958 - (sqrt(time) * 11.764602)), max_score)"
14,1105.0208,"min(exp(sqrt(log(exp(sqrt(pods_collected)) + 637.104))) * (2219.3599 - time), max_score)"
16,761.2349,"min(exp(sqrt(log(exp(sqrt(pods_collected)) + 1234.0546))) * ((2094.423 - time) + pods_collected), max_score)"
17,758.365,"min(exp(sqrt(log(exp(sqrt(pods_collected)) + exp(7.035036)))) * ((2095.5388 - time) + pods_collected), max_score)"
18,706.9059,"min(exp(sqrt(log((exp(sqrt(pods_collected)) + 884.3379) + time))) * ((2093.5396 - time) + pods_collected), max_score)"
20,702.0117,"min(exp(sqrt(log((exp(sqrt(pods_collected)) + 884.3379) + (time / 0.6914119)))) * ((2093.5396 - time) + pods_collected), max_score)"
