Complexity,Loss,Equation
1,0.1494439,"1749.9996"
3,0.14125428,"(1856.9938 - time)"
4,0.12686221,"(392.59985 * sqrt(pods_collected))"
5,0.11902296,"(2289.3025 - (time / 0.20197538))"
6,0.069019794,"(sqrt(pods_collected) * (483.70978 - time))"
7,0.046255365,"((time ^ -0.7381083) * (max_score * pods_collected))"
8,0.024173541,"((sqrt(pods_collected) * 560.8591) - (time / 0.12927921))"
10,0.020200256,"((sqrt(pods_collected ^ 1.1244721) * 471.61563) - (time / 0.12308814))"
12,0.01982755,"min((sqrt(pods_collected ^ 1.1244721) * 471.61563) - (time / 0.12308814), max_score)"
16,0.018308735,"(((sqrt(pods_collected * 0.3723133) * 642.44025) - (time / exp(-1.7276106))) * sqrt(sqrt(sqrt(pods_collected))))"
18,0.017878324,"min(((sqrt(pods_collected * 0.3723133) * 642.44025) - (time / exp(-1.7276106))) * sqrt(sqrt(sqrt(pods_collected))), max_score)"
20,0.017766016,"min((((sqrt(pods_collected * 0.29832566) + 0.04328354) * 703.9225) - (time / exp(-1.7216476))) * sqrt(sqrt(sqrt(pods_collected))), max_score)"
