Complexity,Loss,Equation
1,3.9382012,"-7930.456"
2,0.5395478,"herm(-2.124187)"
3,0.401696,"(time ^ 1.488939)"
4,0.40168184,"floor(time ^ 1.4889221)"
5,0.39428303,"(floor(sqrt(time)) ^ 3.000652)"
6,0.36374834,"(ceil(sqrt(sqrt(time))) ^ 5.6595144)"
7,0.36049995,"(floor(sqrt(ceil(sqrt(time)))) ^ 6.3043337)"
8,0.3574798,"(ceil(sqrt(sqrt(time)) - -0.096272185) ^ 5.591244)"
9,0.31786025,"((floor(sqrt(ceil(sqrt(time)))) + 0.54104745) ^ 5.9088507)"
10,0.31785133,"floor((floor(sqrt(ceil(sqrt(time)))) + 0.5410887) ^ 5.908845)"
11,0.31718034,"(((floor(sqrt(ceil(sqrt(time)))) + 0.47498834) ^ 5.9281454) + time)"
12,0.299696,"((floor(sqrt(ceil(sqrt(time)))) + 0.7711066) ^ min(5.7758303, log(time)))"
13,0.29967406,"ceil((floor(sqrt(ceil(sqrt(time)))) + 0.7711066) ^ min(5.7758303, log(time)))"
14,0.29324904,"(min(floor(sqrt(ceil(sqrt(time)))) + 0.54104745, sqrt(time) * 0.25185627) ^ 5.9088798)"
15,0.29323146,"floor(min(floor(sqrt(ceil(sqrt(time)))) + 0.54104745, sqrt(time) * 0.25185627) ^ 5.9088798)"
