Complexity,Loss,Equation
1,542.8883,"2759.2583"
3,426.74838,"(93.2537 * pods_collected)"
4,422.2271,"(846.56323 * log(pods_collected))"
5,368.19122,"((pods_collected * pods_collected) - -1914.0762)"
6,316.09308,"((1108.5415 - time) * log(pods_collected))"
8,244.12206,"(((1935.2947 - time) * log(pods_collected)) - 2757.9836)"
9,61.20819,"(((pods_collected / 0.01160049) + 1935.1277) - (time / 0.15455423))"
11,59.133327,"min(((pods_collected / 0.01160049) + 1935.1277) - (time / 0.15455423), max_score)"
13,58.894974,"min(((max_time / 0.2876481) + (pods_collected / 0.011479126)) - (time / 0.15447934), max_score)"
15,58.835026,"min(((max_time / 0.28778455) + (pods_collected / 0.0114798695)) - ((time - 0.6950344) / 0.15426588), max_score)"
17,58.268517,"min((((max_time / 0.2867126) + (pods_collected / 0.011591608)) + (max_time / pods_collected)) - (time / 0.15455577), max_score)"
18,57.7874,"((((max_time + (time / (pods_collected - log(time)))) / 0.2947467) + (pods_collected / 0.011471528)) - (time / 0.15455568))"
19,57.091118,"min((((max_time + (time / (pods_collected / 1.5417104))) / 0.2947467) + (pods_collected / 0.011471528)) - (time / 0.15426588), max_score)"
20,55.83476,"min((((max_time + (time / (pods_collected - log(time)))) / 0.2947467) + (pods_collected / 0.011471528)) - (time / 0.15455568), max_score)"
