Complexity,Loss,Equation
1,100982.766,"1656.0"
3,88769.695,"(1770.3744 - time)"
5,65297.727,"((-5.2918634 * time) + 2261.1733)"
7,4812.146,"(((-0.39432612 * time) + 125.887146) * pods_collected)"
9,1868.4441,"(((-7.9883056 * time) + 1100.4005) + (71.18489 * pods_collected))"
11,1331.2607,"min(((-8.179417 * time) + 1098.1589) + (72.43104 * pods_collected), max_score)"
13,1331.2594,"min((((-8.179417 * time) + 1098.1589) + (72.43104 * pods_collected)) - 0.004243966, max_score)"
15,1230.4855,"min(((-8.220707 * time) + 1470.0074) + (((pods_collected + 7.315421) + max_pods) * pods_collected), max_score)"
17,1230.4851,"min(((-8.2206955 * (time + pods_collected)) + 1469.9926) + (((pods_collected + 15.536783) + max_pods) * pods_collected), max_score)"
18,1093.9319,"min(((-8.17948 * time) + (1098.1578 / tanh((-8.17948 + pods_collected) + 0.37413478))) + (72.43051 * pods_collected), max_score)"
19,585.7832,"min((((-11.235243 * time) + ((59.2246 / pods_collected) * time)) + 721.0685) + ((70.03639 + 21.434498) * pods_collected), max_score)"
21,579.08295,"min((((-11.235243 * time) + ((59.2246 / pods_collected) * time)) + 721.0685) + ((81.035934 + min(10.434038, pods_collected)) * pods_collected), max_score)"
23,579.07947,"min((((-11.235243 * time) + ((59.2246 / pods_collected) * time)) + (721.0685 - -0.019424265)) + ((81.035934 + min(10.434038, pods_collected)) * pods_collected), max_score)"
25,578.73987,"min(((((-11.235096 * time) + ((59.221878 / (pods_collected - -0.044266988)) * time)) + 1286.7145) + ((81.035934 + min(10.434038, pods_collected)) * pods_collected)) - 564.62854, max_score)"
27,578.52216,"min((((((-11.235096 * time) + ((59.221878 / pods_collected) * (time - 0.52437395))) + 0.60103536) + 1286.7145) + ((81.035934 + min(10.434038, pods_collected)) * pods_collected)) - 564.62854, max_score)"
28,578.52014,"min((((((-11.235096 * time) + ((59.221878 / pods_collected) * (time - 0.52437395))) + tanh(0.7577578)) + 1286.7145) + ((81.035934 + min(10.434038, pods_collected)) * pods_collected)) - 564.62854, max_score)"
29,578.4299,"min((((((-11.235096 * time) + ((59.221878 / pods_collected) * (time - (0.18825692 ^ 0.20660155)))) + 0.9854471) + 1286.7145) + ((81.035934 + min(10.434038, pods_collected)) * pods_collected)) - 564.62854, max_score)"
30,578.4206,"min((((((-11.235096 * time) + ((59.221878 / pods_collected) * (time - (tanh(0.52437395) + 0.20660155)))) + 0.9854471) + 1286.7145) + ((81.035934 + min(10.434038, pods_collected)) * pods_collected)) - 564.62854, max_score)"
