Complexity,Loss,Equation
1,5057.5713,"max_time"
2,3409.5671,"4195.149"
3,2032.458,"(pod_ratio * max_score)"
4,1019.59216,"(max_score * 0.46172917)"
6,695.9965,"(max_score / exp(time_ratio ^ pod_ratio))"
7,590.91296,"((pod_ratio * max_score) / (time_ratio + pod_ratio))"
8,412.78198,"(max_score / exp(sqrt(exp(time_ratio)) - pod_ratio))"
9,339.46927,"((max_score / exp(time_ratio - pod_ratio)) / 2.099179)"
10,262.77017,"(((exp(tanh(pod_ratio)) - time_ratio) / 2.2357783) * max_score)"
11,205.3684,"((max_score / exp(time_ratio - exp(tanh(pod_ratio)))) / 6.1475353)"
12,193.68958,"((max_score / exp(time_ratio - (pod_ratio / 0.833649))) / 2.290326)"
14,180.50122,"min((max_score / exp(time_ratio - (pod_ratio / 0.83353955))) / 2.290492, max_score)"
16,180.40659,"min(((max_score / exp(time_ratio - (pod_ratio / 0.83343196))) / 2.2904565) - pod_ratio, max_score)"
17,179.90997,"(((max_score + (-1.0407771 ^ max_pods)) / exp(time_ratio - (pod_ratio / 0.8366372))) / 2.2933643)"
18,176.08765,"(((max_score + ((-1.0467248 ^ max_pods) * pod_ratio)) / exp(time_ratio - exp(tanh(pod_ratio)))) / 6.145906)"
19,166.1469,"min(((max_score + (-1.040854 ^ max_pods)) / exp(time_ratio - (pod_ratio / 0.83574843))) / 2.2935245, max_score)"
20,161.03485,"min(((max_score + ((-1.0467248 ^ max_pods) * pod_ratio)) / exp(time_ratio - exp(tanh(pod_ratio)))) / 6.145906, max_score)"
21,150.77579,"min(((max_score + ((-1.0467248 ^ max_pods) * pod_ratio)) / exp(time_ratio - (pod_ratio / 0.83438647))) / 2.2918477, max_score)"
23,150.56792,"min(((max_score + ((-1.0467248 ^ max_pods) * min(pod_ratio, time_ratio))) / exp(time_ratio - (pod_ratio / 0.83438647))) / 2.2918477, max_score)"
24,145.77171,"min(((max_score + ((-1.0526571 ^ max_pods) * (pod_ratio * 0.29166782))) / exp(time_ratio - (pod_ratio / 0.83438647))) / 2.2918477, max_score)"
25,145.74226,"min(((max_score + ((-1.0527743 ^ max_pods) * (pod_ratio * exp(-1.2520479)))) / exp(time_ratio - (pod_ratio / 0.83438647))) / 2.29233, max_score)"
27,143.3514,"min(((max_score + ((-1.0642288 ^ max_pods) * ((pod_ratio * 0.27940708) / log(max_score)))) / exp(time_ratio - (pod_ratio / 0.83287597))) / 2.292781, max_score)"
29,143.3071,"min((((max_score + ((-1.0642288 ^ max_pods) * ((pod_ratio * 0.27940708) / log(max_score)))) - pod_ratio) / exp(time_ratio - (pod_ratio / 0.83287597))) / 2.292781, max_score)"
30,143.27745,"min((((max_score + ((-1.0642288 ^ max_pods) * ((pod_ratio * 0.27940708) / log(max_score)))) - exp(pod_ratio)) / exp(time_ratio - (pod_ratio / 0.83287597))) / 2.292781, max_score)"
