Complexity,Loss,Equation
1,1250.582,"6639.93"
3,1237.6455,"(time - -6371.146)"
4,1071.0482,"(log(pods_collected) * 1961.9194)"
5,904.3262,"(exp(sqrt(pods_collected)) + 5988.925)"
6,883.51526,"(exp(pods_collected * 0.11197875) + 6558.802)"
7,826.2339,"((exp(sqrt(pods_collected)) - time) + 6213.7354)"
8,766.8451,"((71.703575 - (sqrt(time) - pods_collected)) * max_pods)"
9,440.89062,"((pods_collected - ((time * 0.08722574) - max_pods)) * max_pods)"
11,215.9283,"((max_pods - (((time * 0.0968615) - pods_collected) / 0.6671365)) * max_pods)"
13,163.17451,"((max_pods - (((time * 0.09686119) - pods_collected) * (pods_collected ^ 0.09682922))) * max_pods)"
14,129.6406,"((max_pods - (((time * 0.09677435) - pods_collected) * log(pods_collected ^ 0.38117144))) * max_pods)"
15,120.258705,"((max_pods - (((time * 0.09529638) - pods_collected) * (max_pods ^ (pods_collected / max_time)))) * max_pods)"
16,115.9246,"((max_pods - (((time * 0.096180454) - pods_collected) * (exp(pods_collected) ^ (0.5587497 / max_pods)))) * max_pods)"
17,113.67559,"min((max_pods - (((time * 0.0952904) - pods_collected) * (max_pods ^ (pods_collected / max_time)))) * max_pods, max_score)"
18,100.83045,"min((max_pods - (((time * 0.09636745) - pods_collected) * (exp(pods_collected) ^ (0.5680598 / max_pods)))) * max_pods, max_score)"
19,100.793785,"min((max_pods - (((time * 0.09633771) - pods_collected) * sqrt(exp(pods_collected) ^ (1.1349524 / max_pods)))) * max_pods, max_score)"
20,100.24829,"min((max_pods - (((time * 0.09636745) - pods_collected) * (exp(pods_collected) ^ (0.5680598 / max_pods)))) * (max_pods + 0.10683595), max_score)"
