Complexity,Loss,Equation
1,542.59125,"2736.1401"
3,430.74542,"(pods_collected * 93.25009)"
4,371.02142,"(square(pods_collected) + 1914.3153)"
5,260.53082,"(pods_collected * (24151.604 / time))"
6,225.71672,"square((5559.7886 / time) + pods_collected)"
7,84.250656,"(pods_collected * (37954.027 / (time - -146.29929)))"
9,60.67814,"(1901.3103 - ((time - (pods_collected * 13.451341)) * 6.515004))"
13,55.913612,"((1493.5406 - ((time - (pods_collected * 14.707069)) * 6.50102)) + (max_score / pods_collected))"
15,55.336758,"((1493.543 - ((time - (pods_collected * 14.773973)) * 6.4702992)) + (max_score / (pods_collected + 1.0500654)))"
16,55.247925,"((1493.5507 - ((time - (pods_collected * 14.801019)) * 6.4459963)) + (max_score / (pods_collected + exp(0.4554191))))"
17,54.0889,"((1516.025 - ((time - (pods_collected * 14.608358)) * 6.5071583)) + (max_score / (pods_collected + (14.593195 / pods_collected))))"
19,54.085136,"(((1516.025 - 0.24266164) - ((time - (pods_collected * 14.612621)) * 6.505824)) + (max_score / (pods_collected + (14.6123495 / pods_collected))))"
20,53.66391,"(((1516.025 + 0.32675314) - ((time - (pods_collected * 14.598187)) * 6.515973)) + (max_score / (pods_collected + (square(14.593257) / time))))"
