Complexity,Loss,Equation
1,95.48106,"477.00702"
3,66.64351,"(pods_collected * 39.04996)"
4,54.157978,"(4473.0474 / sqrt(time))"
5,48.50373,"((pods_collected * 45.80691) - time)"
6,12.337235,"((344.35678 * pods_collected) / sqrt(time))"
8,12.04354,"(((pods_collected + 0.22971867) / sqrt(time)) / 0.0029558556)"
10,7.2590046,"square(-10.627393 - (((time * -0.07543774) + pods_collected) - -4.958984))"
12,5.7576942,"square(exp(exp(exp(square(time + pods_collected) * -2.478315e-5))) + pods_collected)"
13,5.599258,"square(exp(exp(exp(square(time) * -2.478315e-5))) + (pods_collected ^ exp(-0.030066246)))"
14,4.834402,"square(exp(exp(exp(square(time + pods_collected) * -2.4920953e-5))) + (pods_collected - -0.101578146))"
15,4.834344,"square(exp(exp(exp(square(time + pods_collected) * -2.4920953e-5))) + (pods_collected - tanh(-0.101578146)))"
16,4.4958243,"square(((max_pods - -1.4422005) + pods_collected) - (square(0.29419252) / (exp(2.0729785 / pods_collected) / time)))"
17,4.229357,"square((pods_collected + max_pods) * tanh(square(((sqrt(pods_collected) + max_pods) / time) + -1.9621098) + -4.2254176))"
