Complexity,Loss,Equation
1,100.75974,"565.34076"
3,65.26494,"(pods_collected ^ 2.4477756)"
4,47.187435,"(4686.24 / sqrt(time))"
5,41.04851,"(max_score - (time ^ 1.2378525))"
6,19.250439,"((227.65157 - time) * sqrt(pods_collected))"
7,9.431266,"(((time * -0.27040097) + 61.35077) * pods_collected)"
8,6.2509336,"(((sqrt(time) * -4.64384) + 80.82165) * pods_collected)"
10,5.6254153,"min(((sqrt(time) * -4.64384) + 80.82165) * pods_collected, max_score)"
13,5.6225085,"min(((sqrt(max_score) - (sqrt(time) * 4.6372366)) + 52.89376) * pods_collected, max_score)"
15,5.426636,"min(((sqrt(max_score) - (sqrt(time) * min(4.6372366, pods_collected))) + 52.89376) * pods_collected, max_score)"
17,5.426514,"min((((sqrt(max_score) - (sqrt(time) * min(4.6372366, pods_collected))) + 52.89376) * pods_collected) - -0.019087948, max_score)"
18,5.313736,"min(((sqrt(max_score) - ((sqrt(time) * min(4.627311, pods_collected)) - sqrt(pods_collected))) + 49.08064) * pods_collected, max_score)"
20,5.3128324,"min((((sqrt(max_score) - ((sqrt(time) * min(4.627311, pods_collected)) - sqrt(pods_collected))) + 49.08064) * pods_collected) + 0.075037755, max_score)"
