Complexity,Loss,Equation
1,2.7641122e6,"max_score"
3,2.2096418e6,"(max_score - 744.5077)"
5,1.8929285e6,"(max_score - (time ^ 1.1718572))"
7,1.3307856e6,"(max_score - ((time ^ 1.9674) / pods_collected))"
9,1.0847945e6,"(max_score - ((time ^ 2.7641008) / (pods_collected ^ 2.1002498)))"
11,1.0492394e6,"(max_score - ((time ^ 2.6050007) / ((pods_collected ^ 1.8848127) - max_pods)))"
13,1.0069109e6,"((max_score + (pods_collected ^ 1.4495188)) - (((time + max_pods) / pods_collected) * time))"
14,914876.4,"(max_score - (((((max_pods ^ 0.8045297) * time) / pods_collected) - pods_collected) * sqrt(time)))"
16,890167.3,"(max_score - (((((max_pods ^ 0.785025) * (time - -42.03966)) / pods_collected) - pods_collected) * sqrt(time)))"
18,869367.6,"(max_score - max((((((max_pods ^ 0.77029395) * time) / pods_collected) - pods_collected) * 1.3968147) * sqrt(time), 168.95778))"
19,843476.8,"((max_score + (pods_collected ^ 1.3724943)) - (((min((max_pods / pods_collected) ^ 3.34052, pods_collected) * time) / max_pods) * time))"
20,838173.8,"((max_score + (max_pods ^ 1.376123)) - (((min((max_pods / pods_collected) ^ log(pods_collected), 20.054773) * time) / max_pods) * time))"
