Complexity,Loss,Equation
1,850258.8,"4228.564"
3,801463.44,"(time - -3956.8994)"
5,337418.78,"(3310.4163 + (pods_collected ^ 1.8426344))"
7,254316.2,"((3454.441 + (pods_collected ^ 1.8761303)) - time)"
9,17998.125,"((3129.7976 + (-7.2303452 * time)) - (pods_collected * -83.16487))"
11,14617.16,"min((3134.1177 + (-7.4793515 * time)) - (pods_collected * -84.98518), max_score)"
13,14433.688,"min((3134.1177 + (-7.4793515 * time)) - min(pods_collected * -84.98518, -84.98547), max_score)"
15,14432.109,"min((3134.1294 + (-7.479278 * time)) - min((pods_collected * -84.98547) - -1.1618955, -84.98547), max_score)"
16,14190.732,"min((3128.3503 + ((-4.137006 + (-3.3560576 * tanh(pods_collected))) * time)) - (pods_collected * -85.209816), max_score)"
18,11086.981,"(((3829.5796 + ((-6.7288265 * (tanh(time / pods_collected) ^ max_time)) * time)) - (pods_collected * -79.08649)) - 710.6117)"
20,9380.31,"min(((1868.6326 + ((-6.893324 * (tanh(time / pods_collected) ^ max_time)) * time)) - (pods_collected * -80.30993)) - -1252.4238, max_score)"
22,8036.1523,"min(((4400.5083 + ((78.37253 + (-85.20142 * (tanh(time / pods_collected) ^ pods_collected))) * time)) - (pods_collected * -79.52758)) - 1269.8989, max_score)"
24,7964.5073,"min(((4400.5083 + min((78.37253 + (-85.20142 * (tanh(time / pods_collected) ^ pods_collected))) * time, -85.20142)) - (pods_collected * -79.52758)) - 1269.8989, max_score)"
26,6320.3716,"min(((4414.3984 + ((98.395386 + (-105.28626 * (tanh(time / pods_collected) ^ ((pods_collected - max_pods) + pods_collected)))) * time)) - (pods_collected * -79.37674)) - 1256.0098, max_score)"
28,6320.099,"(min(((4414.3984 + ((98.395386 + (-105.28626 * (tanh(time / pods_collected) ^ ((pods_collected - max_pods) + pods_collected)))) * time)) - (pods_collected * -79.37674)) - 1256.0098, max_score) - 0.15499012)"
30,6225.711,"min(((4400.5083 + ((78.37253 + (-85.20142 * (tanh(time / pods_collected) ^ ((pods_collected - max_pods) + (pods_collected * 1.2084489))))) * (time - 0.4488905))) - (pods_collected * -79.52758)) - 1269.8989, max_score)"
