Complexity,Loss,Equation
1,1621.2346,"6356.395"
3,1599.8796,"(6310.014 + pods_collected)"
4,1245.0477,"(sqrt(pods_collected) * 866.6955)"
5,1071.7563,"((pods_collected + 87.00747) / 0.021978108)"
6,699.2173,"(sqrt(pods_collected) * (1302.0021 - time))"
9,251.62517,"(((69.94826 + pods_collected) / 0.012428851) - (time / 0.10400416))"
11,238.45477,"min(((69.94826 + pods_collected) / 0.012428851) - (time / 0.10400416), max_score)"
13,231.86218,"min(((72.56153 + (pods_collected / 0.94273984)) / 0.013061767) - (time / 0.10469235), max_score)"
14,230.639,"min(((72.56154 + (pods_collected - log(72.56154))) / 0.012213734) + (time / -0.10329931), max_score)"
15,229.92097,"min(((72.56152 + (1.5508357 + pods_collected)) / 0.013123388) - ((pods_collected - time) / -0.09475588), max_score)"
16,221.91359,"min(((72.56154 + (pods_collected - sqrt(pods_collected))) / 0.0126327695) - ((pods_collected - time) / -0.10415827), max_score)"
18,221.47446,"min(((72.56154 + (pods_collected - sqrt(pods_collected))) / 0.012558196) - (((pods_collected - time) / -0.10416052) + pods_collected), max_score)"
20,221.14307,"min(((72.56154 + (pods_collected - sqrt(pods_collected - -0.45197633))) / 0.012558196) - (((pods_collected - time) / -0.10416052) + pods_collected), max_score)"
