Complexity,Loss,Equation
1,0.062635675,"max_score"
3,0.057833247,"(max_score - 100.00113)"
5,0.05528913,"(max_score + (-88577.28 / max_score))"
6,0.052365094,"(max_score / sqrt(max_pods / pods_collected))"
7,0.05151215,"(max_score / ((max_pods / pods_collected) ^ 0.52977496))"
8,0.04722593,"((max_score / sqrt(max_pods / pods_collected)) + -113.90136)"
9,0.04700712,"((max_score + -113.90136) / ((max_pods / pods_collected) ^ 0.52977496))"
10,0.044989947,"((max_score / sqrt(max_pods / pods_collected)) + (-88577.28 / max_score))"
11,0.044197753,"((max_score + (-88577.28 / max_score)) / ((max_pods / pods_collected) ^ 0.52977496))"
12,0.042140655,"((max_score + (-1853.9666 / (max_score / time))) / sqrt(max_pods / pods_collected))"
13,0.04126325,"(max_score + ((min(pods_collected - max_pods, -0.8961616) / 0.02683076) * (time / max_pods)))"
15,0.039640926,"((max_score + max_pods) + ((min(pods_collected - max_pods, -1.046129) / 0.026295543) * (time / max_pods)))"
16,0.038684327,"((max_score + herm(0.17321116)) + ((min(pods_collected - max_pods, -1.3458177) / 0.026300343) * (time / max_pods)))"
18,0.038437914,"((max_score + herm(0.17321116)) + ((min((pods_collected - max_pods) + 0.7089573, -1.3458177) / 0.026300343) * (time / max_pods)))"
19,0.038148418,"((max_score + (max_score ^ 0.47312027)) + ((min((pods_collected - max_pods) + 1.9943497, -1.0072546) / 0.025652783) * (time / max_pods)))"
20,0.037593387,"min((max_score + sqrt(max_score)) + ((min((pods_collected - max_pods) - -1.9728473, -1.0292413) / 0.025652783) * (time / max_pods)), max_score)"
