Complexity,Loss,Equation
1,13978.065,"520.1219"
3,6986.773,"(40.78529 * pods_collected)"
4,3781.2417,"(4604.0605 / sqrt(time))"
5,2893.2776,"((47.11598 * pods_collected) - time)"
6,435.55658,"(pods_collected / (sqrt(time) / 355.57614))"
7,435.40973,"(pods_collected / tanh(sqrt(time) / 355.50537))"
8,147.05919,"((66.11968 / exp(time / max_time)) * pods_collected)"
10,118.00712,"(((63.146557 / exp(time / max_time)) * pods_collected) - -24.287994)"
12,117.96621,"(((63.146557 / exp(time / (max_time + -0.07308946))) * pods_collected) - -24.287994)"
13,104.347466,"(((exp(max_pods / pods_collected) - -63.183155) / exp(time / max_time)) * pods_collected)"
15,88.68975,"((((-22.780201 / square(44.66421 - time)) - -66.46317) / exp(time / max_time)) * pods_collected)"
17,86.14614,"(((((time / -0.8866269) / square(43.747147 - time)) - -66.596436) / exp(time / max_time)) * pods_collected)"
19,85.883354,"((((((-66.58054 - pods_collected) / 1.2436368) / square(43.32268 - time)) - -66.58054) / exp(time / max_time)) * pods_collected)"
20,76.58741,"(((((exp(max_pods - pods_collected) - time) / square(43.32268 - time)) - -66.58054) / exp(time / max_time)) * pods_collected)"
