Complexity,Loss,Equation
1,0.3237209,"max_score"
3,0.19866714,"(max_score * 0.7206041)"
4,0.12879395,"(sqrt(pods_collected) / 0.00056363887)"
5,0.11675276,"((pods_collected + 50.71616) * 121.94164)"
7,0.11212177,"((124.42731 * (pods_collected + 50.149105)) - time)"
9,0.028908322,"((171.93945 * (pods_collected + 46.158783)) - (time / 0.046694703))"
11,0.02788787,"min((171.93945 * (pods_collected + 46.158783)) - (time / 0.046702527), max_score)"
13,0.0275514,"min((171.93945 * ((pods_collected + 46.15879) - 1.0362357)) - (time / 0.04809453), max_score)"
15,0.027496984,"min(((171.93945 * ((pods_collected + 46.15879) - 0.92393893)) - (time / 0.048362114)) - pods_collected, max_score)"
16,0.027363334,"min((171.93938 * (pods_collected + 46.15863)) - ((time + sqrt(pods_collected + pods_collected)) / 0.048483722), max_score)"
17,0.027255133,"min((171.93945 * ((pods_collected + min(46.15879, max_time)) - log(log(pods_collected)))) - (time / 0.04880001), max_score)"
19,0.027254226,"(min((171.93945 * ((pods_collected + min(46.15879, max_time)) - log(log(pods_collected)))) - (time / 0.04880001), max_score) + -0.3144562)"
