Complexity,Loss,Equation
1,0.21882056,"9974.094"
2,0.21882051,"exp(9.207743)"
3,0.21579665,"(9935.677 + pods_collected)"
4,0.21579653,"(exp(9.203945) + pods_collected)"
5,0.12120265,"((pods_collected + max_pods) / 0.017633608)"
6,0.12079245,"(exp(8.910908) + (pods_collected / 0.018746354))"
7,0.10856785,"(((pods_collected + max_pods) / 0.016994966) - time)"
9,0.08255875,"(exp(9.026424) + (sqrt(exp(sqrt(pods_collected))) / 0.029596455))"
11,0.07512525,"((exp(9.057978) - time) + (sqrt(exp(sqrt(pods_collected))) / 0.027976178))"
12,0.070618145,"(exp(9.044945) + (sqrt(exp(sqrt(pods_collected))) * sqrt(max_time - time)))"
13,0.06981177,"(((exp(9.083618) - time) + (sqrt(exp(sqrt(pods_collected))) / 0.027112853)) - time)"
14,0.05263311,"(exp(9.007016) + (sqrt(exp(sqrt(pods_collected))) * (sqrt(max_time - time) / 0.75420904)))"
15,0.051199116,"(((938.18787 - (pods_collected * exp(1.1698502))) - (max_time - exp(sqrt(sqrt(time))))) / -0.040548164)"
16,0.024605574,"(((962.63495 - (pods_collected * sqrt(sqrt(pods_collected)))) - (max_time - exp(sqrt(sqrt(time))))) / -0.03575555)"
18,0.021883324,"(((938.18744 - (pods_collected * sqrt(sqrt(pods_collected) * 1.173774))) - (max_time - exp(sqrt(sqrt(time))))) / -0.039325554)"
20,0.019530168,"(((938.18744 - (pods_collected * exp(sqrt(sqrt(pods_collected) * log(1.1713176))))) - (max_time - exp(sqrt(sqrt(time))))) / -0.039409455)"
