Complexity,Loss,Equation
1,2548.8955,"2565.3884"
3,692.1019,"(max_score * 0.47453114)"
5,509.53082,"(max_score / (2.5768726 - pod_ratio))"
7,362.3453,"((max_score * pod_ratio) / (time_ratio + pod_ratio))"
8,203.84676,"(max_score / exp(0.7425724 + (time_ratio - pod_ratio)))"
10,138.74219,"(max_score / exp(0.8275348 + (time_ratio - (pod_ratio * 1.196175))))"
12,125.324104,"((max_score - max_time) / exp(0.7674819 + (time_ratio - (pod_ratio * 1.1680789))))"
14,116.763885,"(((max_score - max_time) / exp(0.7888375 + (time_ratio - (pod_ratio * 1.1772053)))) + max_pods)"
16,113.804146,"(((max_score - max_time) / exp(0.810934 + (time_ratio - (pod_ratio * 1.192468)))) + (max_pods / 0.52425885))"
18,112.224144,"(((max_score - max_time) / exp(0.8214702 + (time_ratio - (pod_ratio * 1.2061057)))) + ((max_pods - 6.1833024) / 0.39499328))"
19,109.8353,"(((max_score - max_time) / exp(0.8214702 + (time_ratio - (pod_ratio * 1.2061057)))) + ((max_pods - exp(2.350173)) / 0.3937499))"
20,108.57413,"(((max_score - max_time) / exp(0.8225529 + (time_ratio - (pod_ratio * 1.2085673)))) + ((max_pods - (max_time / max_pods)) / 0.41282052))"
22,108.247345,"min(((max_score - max_time) / exp(0.82219964 + (time_ratio - (pod_ratio * 1.2084712)))) - ((max_pods - (max_time / max_pods)) / -0.41477656), max_score)"
24,108.181,"min(((max_score - max_time) / exp(0.8224961 + (time_ratio - (pod_ratio * 1.2085216)))) + ((max_pods - (max_time / max_pods)) / 0.4129017), max_score - max_pods)"
25,108.16511,"min(((max_score - max_time) / exp(0.82259876 + (time_ratio - (pod_ratio * 1.2080632)))) + (((max_pods - (max_time / max_pods)) / 0.41294017) - log(time_ratio)), max_score)"
26,108.08073,"min(((max_score - max_time) / exp(0.82219964 + (time_ratio - (pod_ratio * 1.2084712)))) - ((max_pods - (max_time / max_pods)) / -0.41477656), max_score - (max_time * time_ratio))"
