Complexity,Loss,Equation
1,100.75974,"565.35754"
3,65.26411,"(pods_collected ^ 2.4480934)"
4,65.26409,"(11.566394 ^ log(pods_collected))"
5,41.04851,"(max_score - (time ^ 1.237851))"
6,34.277325,"(877.72107 / log(time / pods_collected))"
7,32.690388,"((time / (-0.024835236 * pods_collected)) + max_score)"
8,29.163303,"(1091.7766 / (log(time / pods_collected) + 0.3583066))"
9,12.689707,"(max_score / (((time ^ 0.6158354) + 5.079866) / pods_collected))"
11,9.352593,"(((time / -0.2960672) + max_score) / ((max_pods / pods_collected) + -0.09216204))"
12,8.467084,"(max_score / (((time / log(max_score / 0.26549318)) - -9.934735) / pods_collected))"
14,7.6915064,"(max_score / (((time / log((max_score / time) * max_score)) - -10.881204) / pods_collected))"
15,5.964948,"((((time / -0.5285341) + max_score) / 0.8091021) / ((max_pods + (time / max_pods)) / pods_collected))"
17,5.5848126,"min((((time / -0.5285341) + max_score) / 0.8091021) / ((max_pods + (time / max_pods)) / pods_collected), max_score)"
19,5.4431767,"min((((time / -0.51942956) + (max_score + pods_collected)) / 0.8237875) / ((max_pods + (time / max_pods)) / pods_collected), max_score)"
