Complexity,Loss,Equation
1,0.0123493895,"max_score"
3,0.012349387,"(max_score - 0.00021426077)"
4,0.0123395445,"floor(max_score - 0.00021905045)"
5,0.011092824,"min(pods_collected ^ 2.719518, max_score)"
7,0.00985654,"min((max_score ^ 1.6367594) / time, max_score)"
8,0.009854458,"min(floor((max_score ^ 1.636761) / time), max_score)"
9,0.008590371,"min(((max_time * 0.46400005) * max_score) / time, max_score)"
10,0.008528151,"min(floor(max_score / (2.163716 * time)) * max_time, max_score)"
11,0.0076645194,"min(((max_score * 0.48274592) * max_time) / (time + 32.80506), max_score)"
12,0.007663544,"floor(min(((max_score * 0.48276612) * max_time) / (time + 32.804794), max_score))"
13,0.005541079,"min(((pods_collected / time) / max_pods) * ((max_score / 2.1747656) * max_time), max_score)"
14,0.005337982,"min((((max_score / time) / max_pods) * floor(pods_collected / 2.148594)) * max_time, max_score)"
15,0.0044431384,"min(((max_score * 0.47931886) * max_time) / (((time / pods_collected) * max_pods) + 32.089573), max_score)"
16,0.0044213473,"min(((max_score * 0.47879088) * max_time) / (floor((time / pods_collected) * max_pods) + 32.60852), max_score)"
17,0.0036751146,"min((((max_score * 0.47710103) * max_time) / (((time / pods_collected) * max_pods) + 35.629993)) + time, max_score)"
18,0.0036648558,"min(((floor(max_score * 0.47101274) * max_time) / (((time / pods_collected) * max_pods) + 33.76646)) + time, max_score)"
19,0.0031902874,"min((((max_score * 0.47101274) * max_time) / (min((time / pods_collected) * max_pods, max_time) + 33.76646)) + time, max_score)"
20,0.0031688095,"min(((floor(max_score * 0.46964762) * max_time) / (min((time / pods_collected) * max_pods, max_time) + 33.32285)) + time, max_score)"
21,0.0026964804,"min(max_score, (((max_score * 0.430923) * (max_time + pods_collected)) / (min((time / pods_collected) * max_pods, max_time) + 37.878304)) + time)"
22,0.0026758509,"min(max_score, (((max_score * 0.43028918) * (max_time + pods_collected)) / (floor(min((time / pods_collected) * max_pods, max_time)) + 38.740383)) + time)"
23,0.0026141228,"min(max_score, (((max_score * 0.4179413) * (max_time + pods_collected)) / (min((time / pods_collected) * max_pods, max_time - pods_collected) + 35.11685)) + time)"
24,0.0026125668,"min(max_score, (((max_score * 0.4179413) * (max_time + pods_collected)) / (min(floor((time / pods_collected) * max_pods), max_time - pods_collected) + 35.11685)) + time)"
25,0.0023316757,"min((((max_score * 0.4338637) * ((max_time + pods_collected) + (pods_collected - max_pods))) / min(((time / pods_collected) * max_pods) + 38.32638, max_time)) + time, max_score)"
26,0.0023150968,"min((((max_score * 0.43414208) * ((max_time + pods_collected) + (pods_collected - max_pods))) / min(floor((time / pods_collected) * max_pods) + 39.54316, max_time)) + time, max_score)"
27,0.0022142027,"min((((max_score * 0.44916093) * ((max_time + pods_collected) + (pods_collected - max_pods))) / min((((time / pods_collected) - -0.23008019) * max_pods) + 38.294468, max_time)) + time, max_score)"
28,0.0022056878,"min((((max_score * 0.4489113) * ((max_time + pods_collected) + (pods_collected - max_pods))) / min(floor(((time / pods_collected) - -0.23246646) * max_pods) + 38.294548, max_time)) + time, max_score)"
29,0.0021997476,"min(((floor(max_score * 0.44895834) * ((max_time + pods_collected) + (pods_collected - max_pods))) / min(floor(((time / pods_collected) - -0.23247744) * max_pods) + 38.294548, max_time)) + time, max_score)"
30,0.0021888856,"min((((max_score * 0.44801974) * ((max_time + pods_collected) + (pods_collected - max_pods))) / min(floor((((time / (pods_collected - -0.12837368)) - -0.23308727) * max_pods) + 38.29458), max_time)) + time, max_score)"
