Complexity,Loss,Equation
1,100982.766,"1656.0"
3,88769.71,"(1770.3492 - time)"
5,65297.74,"(2261.1404 + (-5.291587 * time))"
7,38533.652,"(2708.6348 + ((-30.265114 + pods_collected) * time))"
9,1868.445,"((pods_collected * 71.185196) - ((time * 7.9883723) - 1100.4005))"
11,1331.2618,"min((pods_collected * 72.43262) - ((time * 8.179468) - 1098.1273), max_score)"
13,1331.2616,"min((pods_collected * 72.42771) - ((time * (8.723359 + -0.5437607)) - 1098.2468), max_score)"
15,1286.6653,"min((pods_collected * 63.47422) - min(((time - pods_collected) * 8.201243) - 1116.5621, max_time), max_score)"
17,1284.2982,"min(((pods_collected * 63.47422) - min(((time - pods_collected) * 8.201243) - 1116.5621, max_time)) + -1.4239293, max_score)"
19,1284.2867,"(min(((pods_collected * 63.47422) - min(((time - pods_collected) * 8.201243) - 1116.5621, max_time)) + -1.4239293, max_score) + -0.17387512)"
21,1283.9474,"(min(((pods_collected * 63.47422) - min((((time - pods_collected) * 8.201243) - 1116.5621) + -0.69387156, max_time)) + -1.4239293, max_score) + -0.17387512)"
25,1267.7279,"(min((min(pods_collected, max_pods) * 63.991108) - min((min((time - pods_collected) - min(3.7063322, 1.8256433), max_time) * 8.218083) - 1117.4901, max_time), max_score) - max_pods)"
27,1267.7277,"(min(((min(pods_collected, max_pods) * 62.99089) - min((min((time - pods_collected) - min(3.7063322, 1.8186905), time) * 8.218074) - 1117.5503, max_time)) + pods_collected, max_score) - max_pods)"
29,1263.7356,"((min((min(pods_collected, max_pods) * 63.320797) - min((min(min((time - pods_collected) - min(max_time, 0.19279803), time), time) * 8.127658) - 1117.3783, max_time), max_score) * 1.0113626) - max_pods)"
