Complexity,Loss,Equation
1,1016.97815,"4180.0034"
3,983.22186,"(149.84058 * pods_collected)"
4,810.00836,"(838.2259 * sqrt(pods_collected))"
5,764.92773,"(83.08133 * (pods_collected - -24.435696))"
6,495.86377,"(max_score / log(time / pods_collected))"
8,388.1538,"((max_score / log(time / pods_collected)) + -276.4821)"
9,169.73228,"(113.08353 * (34.408535 + (pods_collected + (time * -0.11472009))))"
11,165.50652,"min(113.08353 * (34.408535 + (pods_collected + (time * -0.11472009))), max_score)"
13,111.3081,"((44.936512 + pods_collected) * (77.3191 + ((pods_collected + (time * -0.24624468)) * 0.73539865)))"
15,93.7931,"min((43.158703 + pods_collected) * (79.69382 + ((pods_collected + (time * -0.24933262)) * 0.7525466)), max_score)"
16,93.39428,"min((43.29064 + pods_collected) * (79.78938 + ((pods_collected + (time * -0.25158164)) * sqrt(0.5547471))), max_score)"
17,81.26867,"(min((56.323326 + pods_collected) * (56.322075 + (pods_collected + (time * -0.26967672))), max_score) + (time * 9.663547))"
19,80.92145,"(min((56.322075 + pods_collected) * (56.322075 + (pods_collected + (time * -0.26967672))), max_score) + (9.663547 + (time * 9.663547)))"
20,80.915146,"(min((56.322075 + pods_collected) * (56.322075 + (pods_collected + (time * -0.26967672))), max_score) + (log(max_score) + (time * 9.663547)))"
