Complexity,Loss,Equation
1,423609.78,"2819.0"
3,272942.88,"(pods_collected * 92.56102)"
4,196659.4,"(square(pods_collected) + 1873.864)"
6,140476.5,"square(-62.555668 + (time / pods_collected))"
7,109404.914,"min((pods_collected * 23436.098) / time, max_score)"
8,24208.059,"((sqrt(pods_collected) * 820.75085) - (time * 6.1109176))"
9,10572.81,"(((pods_collected * 82.62206) - (time * 6.1365614)) + 1980.0131)"
11,9316.523,"min(((pods_collected * 83.383255) - (time * 6.2631617)) + 1992.956, max_score)"
12,7783.588,"((((pods_collected * 106.09321) - (time * sqrt(pods_collected))) + 1373.616) - time)"
14,5137.2812,"min((((pods_collected * 106.513) - (time * sqrt(pods_collected))) - time) + 1364.243, max_score)"
16,4508.47,"min((((pods_collected * 98.96263) - ((time - pods_collected) * sqrt(pods_collected))) + 1422.1263) - time, max_score)"
17,163.56363,"min(exp((exp(((pods_collected / -0.0744101) + time) / max_score) ^ -1.3489858) / 0.3470053) ^ 2.6372523, max_score)"
18,150.0719,"min(exp((exp(tanh(((pods_collected / -0.0744101) + time) / max_score)) ^ -1.3489858) / 0.3470053) ^ 2.6372523, max_score)"
19,139.1959,"min((exp((exp(((pods_collected / -0.07537264) + time) / max_score) ^ -1.3481519) / 0.34580386) ^ 2.6291893) + pods_collected, max_score)"
20,116.93532,"min((exp((exp(((pods_collected / tanh(-0.07457511)) + time) / max_score) ^ -1.3485595) / 0.34686756) ^ 2.6326087) + pods_collected, max_score)"
