Complexity,Loss,Equation
1,100.75974,"565.3185"
3,65.26411,"(pods_collected ^ 2.448121)"
4,65.26409,"(11.566383 ^ log(pods_collected))"
5,34.668255,"(4.296353 * (206.41208 - time))"
7,9.431283,"((61.348083 + (-0.2703598 * time)) * pods_collected)"
9,7.2987742,"((pods_collected / 0.021006845) * log(log(max_score / time)))"
11,6.2473817,"min((pods_collected / 0.021005921) * log(log(max_score / time)), max_score)"
13,5.40579,"(53.918068 * log((log(max_score / (time + 18.025318)) ^ pods_collected) + 52.254486))"
15,4.9400306,"min(53.100945 * log((log(max_score / (time + 15.772591)) ^ pods_collected) + 53.108635), max_score)"
17,4.56486,"min(57.900536 * log((log(max_score / (time + 17.583805)) ^ (pods_collected - 0.9993956)) + 52.247112), max_score)"
19,4.4721217,"min(55.31932 * log((log((max_score + pods_collected) / (time + 13.76871)) ^ (pods_collected - 0.85504717)) + 55.31932), max_score)"
