Complexity,Loss,Equation
1,0.23880488,"max_score"
3,0.05843078,"(max_score ^ 0.93627006)"
5,0.05420093,"((max_pods ^ -0.1407517) * max_score)"
6,0.052204635,"((max_score ^ 1.0908079) / log(max_pods))"
7,0.044956792,"((max_score * 0.4509894) + (pods_collected * 19.919971))"
8,0.03581316,"((exp(pods_collected / max_pods) * 0.2999513) * max_score)"
9,0.02969805,"((((pods_collected / max_pods) * 0.3494891) + 0.33962905) * max_score)"
10,0.027296182,"(((exp(pods_collected / max_pods) * 0.20293769) + 0.16450201) * max_score)"
11,0.023759887,"((((pods_collected / (max_pods ^ 1.2581515)) + 0.36471683) * max_score) - time)"
12,0.019194037,"(((exp(pods_collected / max_pods) * max_score) * 0.3532215) - (time ^ 1.2031393))"
13,0.018685909,"(((((pods_collected / (max_pods ^ 1.2274597)) + 0.36939138) * max_score) - time) - time)"
14,0.0059085083,"((((exp(pods_collected / max_pods) * 0.4286984) * max_time) * max_score) / (time + max_time))"
16,0.0034534347,"(((((exp(pods_collected / max_pods) * 0.4575826) * max_time) * max_score) / (time + max_time)) - time)"
18,0.003340565,"(((((exp(pods_collected / max_pods) * 0.47012284) * max_time) * max_score) / ((time ^ 1.0142561) + max_time)) - time)"
20,0.0032847421,"((((((exp(pods_collected / max_pods) * 0.45624018) * max_time) * max_score) + exp(sqrt(max_pods))) / (time + max_time)) - time)"
