Complexity,Loss,Equation
1,7962.5737,"30560.816"
3,4296.4556,"(556.68225 * pods_collected)"
5,1529.4698,"((913.5607 - time) * pods_collected)"
7,947.92975,"((1026.7661 - time) * (pods_collected ^ 0.957273))"
9,724.25476,"min((1019.42914 - time) * (pods_collected ^ 0.95998263), max_score)"
11,605.5083,"min(((992.9556 - time) * 0.7864965) * (pods_collected - -8.252193), max_score)"
12,604.7794,"min(((988.47034 - time) * exp(-0.23282722)) * (pods_collected + 8.198035), max_score)"
14,434.88855,"min((1062.895 - time) * ((pods_collected - -52.376125) - (log(pods_collected) * 15.8614435)), max_score)"
16,281.8725,"min((1051.5458 - time) * (((pods_collected - -64.898766) - (log(pods_collected) * 20.686258)) / 0.8393103), max_score)"
18,266.32547,"min((1051.8145 - (time / 0.9664484)) * (((pods_collected - -64.2993) - (log(pods_collected) * 20.560373)) / 0.82248133), max_score)"
20,265.96732,"min(((1051.8145 - (time / 0.9664484)) + -0.37619728) * (((pods_collected - -64.2993) - (log(pods_collected) * 20.560373)) / 0.82248133), max_score)"
