Complexity,Loss,Equation
1,2.314935e7,"max_time"
2,1.6241672e7,"3567.8616"
3,1.0021755e7,"(max_pods * pods_collected)"
4,1.8717139e6,"(max_score * 0.5299274)"
6,1.6963238e6,"(max_score / min(1.9030944, time))"
8,1.3632239e6,"((max_score + (pods_collected * pods_collected)) * 0.44623855)"
9,1.1404235e6,"((max_score * (-140.86203 - pods_collected)) * -0.0026801154)"
10,829353.5,"(((max_score * 0.34271255) / max_pods) * (max_pods + pods_collected))"
12,678711.1,"((((max_score * 0.36576837) - time) / max_pods) * (max_pods + pods_collected))"
14,576160.5,"((((max_score * 0.27077907) - time) / max_pods) * ((pods_collected + pods_collected) + max_pods))"
15,469151.88,"((((max_score ^ 0.9171397) / max_pods) * (max_pods + pods_collected)) - (time * 6.654201))"
17,374928.4,"(((((max_score ^ 0.91373837) + max_time) / max_pods) * (max_pods + pods_collected)) - (time * 8.535306))"
19,317818.22,"((((((max_score * 0.37659225) + max_time) + max_time) / max_pods) * (max_pods + pods_collected)) - (time * 8.449801))"
20,288515.1,"(((((max_score * 0.36005375) + (max_time * 2.925052)) / max_pods) * (max_pods + pods_collected)) + (time * -10.042066))"
21,245111.25,"((((((max_score * 0.2594296) + max_time) + max_time) / max_pods) * ((max_pods + pods_collected) + pods_collected)) - (time * 9.540785))"
22,240315.48,"(((((max_score * 0.2549784) + (max_time * 2.2879846)) / max_pods) * ((max_pods + pods_collected) + pods_collected)) + (time * -10.236915))"
23,206920.62,"((((((max_score * 0.25337642) + max_time) + max_time) / max_pods) * ((max_pods + pods_collected) + pods_collected)) - ((time - max_pods) * 11.112467))"
25,197653.86,"(((((((max_score * 0.2562323) + max_time) - time) + max_time) / max_pods) * ((max_pods + pods_collected) + pods_collected)) - ((time - max_pods) * 8.517584))"
27,190318.45,"min(((((((max_score * 0.25780818) + max_time) - time) + max_time) / max_pods) * ((max_pods + pods_collected) + pods_collected)) - ((time - max_pods) * 8.673833), max_score)"
29,189005.06,"min(((((((max_score * 0.25682017) + max_time) - time) + max_time) / max_pods) * ((max_pods + pods_collected) + pods_collected)) - (((time - max_pods) * 9.793629) - time), max_score)"
30,187697.39,"min((((((((max_score * 0.26194522) + max_time) - time) + max_time) / max_pods) * (((max_pods + -3.192638) + pods_collected) + pods_collected)) - (time * 8.596801)) + max_time, max_score)"
