Complexity,Loss,Equation
1,0.18020952,"max_score"
3,0.16660184,"(max_score - 135.99994)"
5,0.1471466,"(max_score - (time ^ 1.2163019))"
6,0.12708953,"(sqrt(pods_collected / max_pods) * max_score)"
7,0.10288473,"(max(pods_collected / max_pods, 0.40542313) * max_score)"
9,0.09192694,"(max(pods_collected / max_pods, 0.5604753) * (-135.30556 + max_score))"
10,0.0796367,"(exp(pods_collected / max_pods) * ((max_score * 0.37250268) - time))"
11,0.0780934,"(max(pods_collected / max_pods, 0.58388585) * (max_score - (time ^ 1.2163004)))"
12,0.069606274,"((exp(pods_collected / max_pods) * (max_score * 0.38246283)) - (time ^ 1.2566837))"
13,0.063031144,"(((pods_collected / max_pods) * (max_score - (time ^ 1.403834))) + (max_time ^ 1.1749144))"
14,0.05805831,"((max(pods_collected / max_pods, 0.57637674) * max_score) - (max_score ^ sqrt(time / max_time)))"
15,0.04032984,"((((pods_collected - 6.521773) / max_pods) * (max_score - (time ^ 1.417471))) + (max_time ^ 1.2331482))"
16,0.03732339,"((((pods_collected - 6.141858) / max_pods) * (max_score - (time ^ 1.415017))) + (max_time * log(max_pods)))"
17,0.034056198,"min((((pods_collected - 8.4008255) * (max_score - (time ^ 1.4244084))) / max_pods) + (max_time ^ 1.2559932), max_score)"
18,0.03317455,"min((((pods_collected - 6.138454) / max_pods) * (max_score - (time ^ 1.411777))) + (max_time * log(max_pods)), max_score)"
19,0.024780164,"min((((pods_collected - 8.911205) / max_pods) * (max_score - (time ^ 1.4300926))) + ((max_time ^ 1.2894257) - max_time), max_score)"
21,0.023211766,"min((((pods_collected - 8.989698) * (((max_score - (time ^ 1.431936)) / 0.97400624) / max_pods)) + (max_time ^ 1.2889893)) - max_time, max_score)"
23,0.022925753,"min((((pods_collected - 8.986222) * (((max_score - (time ^ 1.431936)) / 0.97400624) / max_pods)) + ((max_time ^ 1.2843574) - max_time)) + max_pods, max_score)"
24,0.022870341,"min((((pods_collected - 8.986222) * (((max_score - (time ^ 1.431773)) / sqrt(0.94327164)) / max_pods)) + ((max_time ^ 1.2843574) - max_time)) + max_pods, max_score)"
25,0.021669809,"min(max(((pods_collected - 9.009766) / max_pods) * (((max_score - max_time) - (time ^ 1.411443)) * 1.0487641), pods_collected) + ((max_time ^ 1.2705246) - time), max_score)"
27,0.02139096,"min(max(((pods_collected - 9.009766) / min(max_pods, 149.24342)) * (((max_score - max_time) - (time ^ 1.411443)) * 1.0487641), pods_collected) + ((max_time ^ 1.2705245) - time), max_score)"
28,0.02126419,"min(max(((pods_collected - 9.009766) / min(max_pods, sqrt(max_score))) * (((max_score - max_time) - (time ^ 1.411443)) * 1.048764), pods_collected) + ((max_time ^ 1.2705246) - time), max_score)"
29,0.021142501,"min(max(((pods_collected - 9.009789) / min(max_pods, 136.63327)) * (((max_score - max_time) - (time ^ 1.41107)) * 1.0489172), pods_collected) + ((max_time ^ 1.2658424) - (time - max_pods)), max_score)"
30,0.02101498,"min(max(((pods_collected - 9.009789) / min(max_pods, sqrt(max_score))) * (((max_score - max_time) - (time ^ 1.41107)) * 1.0489172), pods_collected) + ((max_time ^ 1.2658424) - (time - max_pods)), max_score)"
