Complexity,Loss,Equation
1,0.27121246,"2113.6985"
3,0.26546386,"(2074.0945 + pods_collected)"
5,0.13453576,"(exp(sqrt(pods_collected)) - -1673.2496)"
7,0.12633325,"((exp(sqrt(pods_collected)) / 0.7490748) - -1609.2072)"
9,0.07807407,"(max_time * (((pods_collected / 0.027304694) + max_time) / time))"
11,0.061071426,"min(max_time * (((pods_collected / 0.027247334) + max_time) / time), max_score)"
12,0.05507314,"(max_time * ((((pods_collected * log(time)) / 0.14969659) + max_time) / time))"
13,0.053100746,"(max_time * ((((pods_collected * sqrt(sqrt(time))) / 0.10751088) + max_time) / time))"
14,0.04263912,"min(max_time * ((((pods_collected * log(time)) / 0.1496847) + max_time) / time), max_score)"
15,0.041489717,"min(max_time * ((((pods_collected * sqrt(sqrt(time))) / 0.10731238) + max_time) / time), max_score)"
16,0.040973347,"(min(max_time * ((((pods_collected * log(time)) / 0.15478295) + max_time) / time), max_score) + max_pods)"
17,0.03952378,"min(max_time * (((((pods_collected * sqrt(sqrt(time))) / 0.112558916) + max_time) / time) + 0.26162305), max_score)"
19,0.039045658,"min(max_time * (((((pods_collected * min(sqrt(sqrt(time)), pods_collected)) / 0.112558916) + max_time) / time) + 0.26162305), max_score)"
