Complexity,Loss,Equation
1,0.24073169,"max_score"
3,0.21700834,"(max_score - max_time)"
5,0.12623869,"((max_score / max_pods) * pods_collected)"
7,0.11151524,"((max_score - 136.00055) / (max_pods / pods_collected))"
8,0.10970152,"((max_score * (pods_collected ^ 0.59790576)) / sqrt(time))"
9,0.09347282,"((max_score - (time ^ 1.2163057)) / (max_pods / pods_collected))"
11,0.077068016,"(((max_score - (time ^ 1.3099988)) / (max_pods / pods_collected)) + max_time)"
13,0.06882084,"(((max_score - (time ^ 1.3725019)) / (max_pods / pods_collected)) + (max_time + max_time))"
15,0.068653435,"(((max_score - (time ^ 1.3725019)) / ((max_pods - -0.08529407) / pods_collected)) + (max_time + max_time))"
16,0.055661883,"(((max_time ^ 1.2375518) - (sqrt(time ^ 2.8263183) - max_score)) / ((max_pods - -5.8897367) / pods_collected))"
18,0.054334197,"((((max_time ^ 1.2338072) - ((sqrt(time) ^ 2.8280199) - max_score)) / ((max_pods - -5.889753) / pods_collected)) + max_pods)"
20,0.03777248,"((((max_pods / pods_collected) * (max_time ^ 1.2244864)) - (sqrt(time ^ 2.81471) - max_score)) / ((max_pods - -6.0001326) / pods_collected))"
22,0.036943026,"((((max_pods / pods_collected) * (max_time ^ 1.2234443)) - ((sqrt(time ^ 2.9236343) / 1.4007539) - max_score)) / ((max_pods - -6.190662) / pods_collected))"
24,0.036665972,"((((max_pods / pods_collected) * (max_time ^ 1.2279711)) - ((sqrt(time ^ 2.9239168) / 1.4016628) - max_score)) / (((max_pods - -6.005958) - -0.73778284) / pods_collected))"
26,0.036062777,"((((max_pods / pods_collected) * ((max_time ^ 1.2285259) - pods_collected)) - ((sqrt(time ^ 3.0045226) / 1.8454465) - max_score)) / ((max_pods - (-5.578159 + -1.6116432)) / pods_collected))"
28,0.035874937,"((((max_pods / pods_collected) * ((max_time ^ 1.2319423) - pods_collected)) - (((sqrt(time ^ 3.0036178) / 1.8457497) - max_score) + max_pods)) / ((max_pods - (-5.578115 + -1.6115998)) / pods_collected))"
30,0.03583961,"((((max_pods / pods_collected) * ((max_time ^ 1.2319423) - pods_collected)) - (((sqrt((time - 0.5531415) ^ 3.0036178) / 1.8457497) - max_score) + max_pods)) / ((max_pods - (-5.578115 + -1.6115998)) / pods_collected))"
