Complexity,Loss,Equation
1,1.0825696e6,"3704.6943"
3,1.00755625e6,"(4014.8503 - time)"
4,713472.1,"sqrt(pods_collected * 277111.5)"
5,461575.0,"((1.0937355 ^ pods_collected) - -3282.9285)"
6,458030.2,"(3280.7695 + exp(pods_collected / 11.060537))"
7,383987.34,"(5866.438 + (time * (-324.8524 / pods_collected)))"
8,364981.38,"(square(-10.96397 - (-0.008414112 * time)) * pods_collected)"
9,126982.31,"(((-14.174206 * (-686.3676 + time)) * pods_collected) ^ 0.6607393)"
10,62118.598,"(square(8.831332 - (0.0062189708 * time)) * (27.494566 + pods_collected))"
11,38464.535,"((pods_collected * 54.532146) + (((1.4180421 - -430.26245) - time) * 7.658034))"
15,26170.406,"(3397.7466 + (((square(-1.216598) * ((0.051231712 * pods_collected) * max_pods)) - time) * sqrt(pods_collected)))"
18,11049.369,"(3396.2139 + (tanh(time) * (((square(-1.1595073) * ((0.056873742 * pods_collected) * max_pods)) - time) * sqrt(pods_collected))))"
20,10549.166,"(3395.8018 + (tanh(time) * (((square(-1.1078687) * ((0.061886445 * pods_collected) * max_pods)) - time) * sqrt(pods_collected + 3.8114362))))"
