Complexity,Loss,Equation
1,0.18024084,"5941.044"
3,0.17889139,"(5901.5674 + pods_collected)"
4,0.1326662,"(log(pods_collected) / 0.0005557082)"
5,0.124921046,"(3837.1648 - (-70.83997 * pods_collected))"
6,0.113734685,"(pods_collected / (sqrt(time) * 0.00029250112))"
8,0.07054871,"(sqrt(pods_collected) / (sqrt(sqrt(time)) * 0.00021938197))"
10,0.060265623,"((sqrt(pods_collected) / (sqrt(sqrt(time)) * 0.00021056723)) - time)"
12,0.05357484,"min((sqrt(pods_collected) / (sqrt(sqrt(time)) * 0.00021056723)) - time, max_score)"
14,0.0480286,"min(((sqrt(pods_collected) / (sqrt(sqrt(time)) * 0.00020044339)) - time) - time, max_score)"
16,0.042918637,"(min(((sqrt(pods_collected) / (sqrt(sqrt(time)) * 0.0001799668)) - time) - time, max_score) - max_time)"
18,0.04197304,"min((((sqrt(pods_collected) / (sqrt(sqrt(time)) * 0.00018073404)) - time) - time) + (pods_collected - max_time), max_score)"
20,0.041930284,"min((((sqrt(pods_collected) / (sqrt(sqrt(time)) * 0.00018073404)) - time) - time) + ((pods_collected / 0.6932049) - max_time), max_score)"
