Complexity,Loss,Equation
1,1423.7639,"6806.2095"
3,1376.0963,"(6453.217 + time)"
4,887.0071,"(log(pods_collected) * 1979.0688)"
5,751.66266,"(61.573822 * (pods_collected + 75.059875))"
7,653.3525,"((68.04247 * (pods_collected + 69.28541)) - time)"
9,130.78421,"(((14.396192 * (pods_collected + 65.47387)) - time) ^ 1.2558129)"
10,130.78024,"(((14.398171 * (pods_collected + 65.47372)) - time) ^ sqrt(1.5770065))"
11,116.026695,"min(((14.396088 * (pods_collected + 65.47387)) - time) ^ 1.2558466, max_score)"
13,115.80414,"min((((14.346666 * (pods_collected + 65.46359)) - time) ^ 1.2550256) + max_pods, max_score)"
14,115.43192,"min((((14.387232 * (pods_collected + 65.47231)) - time) - sqrt(pods_collected)) ^ 1.2570606, max_score)"
15,111.68265,"min((((15.550682 * (pods_collected + 62.102783)) - time) - min(64.54119, pods_collected)) ^ 1.2511306, max_score)"
17,111.56001,"min(((((15.550682 * (pods_collected + 62.102783)) - 1.1833193) - time) - min(64.54119, pods_collected)) ^ 1.2511306, max_score)"
18,110.2468,"min(((14.387232 * (pods_collected + 65.47231)) - (pods_collected - (sqrt(exp(sqrt(pods_collected))) - time))) ^ 1.2570691, max_score)"
20,106.04811,"min(((14.387232 * (pods_collected + 65.47231)) - (pods_collected - (sqrt(exp(sqrt(pods_collected)) + time) - time))) ^ 1.2570691, max_score)"
