Complexity,Loss,Equation
1,1.7176044e7,"3541.0469"
3,1.9074666e6,"(0.5061827 * max_score)"
5,958508.06,"(max_score / (2.5136502 - pod_ratio))"
6,948628.25,"(max_score / (3.934772 - exp(pod_ratio)))"
7,642448.06,"(max_score / (1.9581046 + (time_ratio - pod_ratio)))"
8,175398.34,"(exp((-0.7174405 + pod_ratio) - time_ratio) * max_score)"
9,150903.44,"((max_score / (3.0866437 ^ (time_ratio - pod_ratio))) * 0.4806207)"
10,103959.6,"((exp((pod_ratio * 1.1762421) - time_ratio) * 0.4379307) * max_score)"
11,102302.08,"((max_score / (3.1804557 ^ ((time_ratio / 1.2117445) - pod_ratio))) * 0.43334514)"
12,91360.83,"((exp((pod_ratio * 1.1767443) - time_ratio) * (max_score ^ 1.027001)) * 0.3346421)"
13,90406.055,"(((max_score ^ 1.0213804) / (3.2174933 ^ ((time_ratio * 0.8233008) - pod_ratio))) * 0.3491564)"
14,65982.42,"(((exp((pod_ratio / 0.8339002) - time_ratio) * max_score) * 0.4270421) + (1.0382864 ^ max_pods))"
16,58355.03,"(((exp((pod_ratio / 0.8339002) - time_ratio) * (max_score ^ 1.0197164)) * 0.35156137) + (1.03778 ^ max_pods))"
18,41939.92,"(((exp((pod_ratio / 0.84558034) - time_ratio) * (max_score ^ 1.0153942)) * 0.3706937) + ((1.0430388 ^ max_pods) * pod_ratio))"
20,41477.93,"min(((exp((pod_ratio / 0.84558034) - time_ratio) * (max_score ^ 1.0153942)) * 0.3706937) + ((1.0430388 ^ max_pods) * pod_ratio), max_score)"
22,41200.29,"min(((exp((pod_ratio / 0.84558034) - time_ratio) * (max_score ^ 1.0153942)) * 0.3706937) + (((1.0430388 ^ max_pods) * 1.0734453) * pod_ratio), max_score)"
24,40909.902,"min(((exp((pod_ratio / 0.84558034) - time_ratio) * (max_score ^ 1.0153942)) * 0.3707016) + ((1.0430388 ^ (max_pods - (pod_ratio / -0.31257704))) * pod_ratio), max_score)"
25,40835.95,"min(((exp((pod_ratio / 0.8455829) - time_ratio) * (max_score ^ 1.0153561)) * 0.3706937) + ((1.0427556 ^ (max_pods - (pod_ratio / log(0.8164395)))) * pod_ratio), max_score)"
26,40827.594,"min(((exp((pod_ratio / 0.8455829) - time_ratio) * (max_score ^ 1.0153561)) * 0.3706937) + ((1.0427556 ^ (max_pods - (pod_ratio / tanh(log(0.8164395))))) * pod_ratio), max_score)"
27,40698.79,"min(((exp((pod_ratio / 0.84558386) - time_ratio) * (max_score ^ 1.015342)) * 0.3706909) + ((1.0426451 ^ (max_pods - ((pod_ratio * 1.4065083) / log(0.8164395)))) * pod_ratio), max_score)"
