Complexity,Loss,Equation
1,0.20086104,"7346.1025"
3,0.19246747,"(6944.99 + time)"
4,0.13088351,"(2021.935 * log(pods_collected))"
5,0.095784895,"((pods_collected + max_pods) / 0.017249005)"
7,0.08605733,"(((pods_collected + max_pods) / 0.016492479) - time)"
8,0.07215433,"((pods_collected - (sqrt(time) - 71.36847)) / 0.013152308)"
10,0.044979073,"((pods_collected - (sqrt(time ^ 1.2785107) - max_pods)) / 0.011579988)"
11,0.021416327,"(((pods_collected - (2.3726056 - 54.6835)) / 0.009625689) - (time * 7.0577784))"
13,0.020853573,"min(((pods_collected - (2.372606 - 54.68341)) / 0.009621312) - (time * 7.058029), max_score)"
14,0.020615578,"((((pods_collected - (log(pods_collected) - 58.39611)) + -5.0318723) / 0.009438398) - (time * 6.762134))"
15,0.020219814,"((((pods_collected - (log(pods_collected) - 58.39604)) + -5.031935) / 0.009423814) - (time * log(max_time)))"
16,0.020085525,"min((((pods_collected - (log(pods_collected) - 58.39611)) + -5.0318723) / 0.009438398) - (time * 6.762134), max_score)"
17,0.019681036,"min((((pods_collected - (log(pods_collected) - 58.39604)) + -5.031935) / 0.009423814) - (time * log(max_time)), max_score)"
19,0.01964697,"min((((pods_collected - (log(pods_collected - 1.104918) - 58.39604)) + -5.031935) / 0.009423813) - (time * log(max_time)), max_score)"
