Complexity,Loss,Equation
1,0.38129413,"max_score"
2,0.21255232,"exp(10.6341715)"
4,0.21187618,"(exp(10.653537) - time)"
5,0.13537842,"(exp(8.711719) * sqrt(pods_collected))"
6,0.13440451,"(exp(9.063813) * (pods_collected ^ 0.4075622))"
7,0.108094774,"((exp(8.786348) - time) * sqrt(pods_collected))"
8,0.08252067,"(exp(pods_collected * 0.11963349) - (max_time / -0.036341865))"
9,0.04914022,"((exp(9.020926) * sqrt(pods_collected)) + (time * -29.281084))"
11,0.042693116,"((exp(8.938095) * sqrt(pods_collected + 6.251927)) + (time * -27.213903))"
13,0.04122518,"min((exp(9.006712) * sqrt(pods_collected + 3.803125)) + (time * -31.098068), max_score)"
15,0.041122444,"min(((exp(9.007175) * sqrt(pods_collected + 3.8031151)) + (time * -31.098082)) - max_pods, max_score)"
16,0.040731736,"min(((exp(8.987672) * sqrt(pods_collected + log(max_pods))) + (time * -31.12524)) + time, max_score)"
17,0.04064856,"min((exp(9.247404 - 0.2538634) * (sqrt(pods_collected + 4.668018) - 0.0374088)) + (time * -30.318186), max_score)"
18,0.02126708,"min(((exp(8.987672) * sqrt(pods_collected + log(max_pods))) + (time * -31.12524)) + (1.1116881 ^ pods_collected), max_score)"
20,0.017563058,"min(((exp(8.945034) * sqrt(pods_collected + sqrt(max_pods))) + (time * -31.124527)) + ((1.1141626 ^ pods_collected) - pods_collected), max_score)"
