Complexity,Loss,Equation
1,96.85868,"530.4998"
3,67.11412,"(pods_collected * 41.75001)"
4,44.557552,"(4734.237 / sqrt(time))"
5,40.89475,"(808.522 - (time * 3.3863547))"
6,40.87226,"(square(28.402012) + (time * -3.3609374))"
7,20.218357,"((-37.755917 * (time / pods_collected)) + max_score)"
8,13.890118,"(sqrt((max_time * max_score) / time) * pods_collected)"
9,13.33718,"square(sqrt(square(sqrt(time) - 19.015497)) + pods_collected)"
11,12.9553175,"square(sqrt(square(sqrt(time + time) - 22.631306)) + pods_collected)"
12,7.24737,"square((-3.3910704 * (4.637494 / (time ^ (time / max_score)))) - pods_collected)"
14,7.22045,"(square((-3.3910704 * (4.637494 / (time ^ (time / max_score)))) - pods_collected) - -0.1905243)"
15,5.745804,"(square(57.86045 + (((time * 3.7886307) - square(pods_collected + max_pods)) * -0.06643447)) / max_pods)"
