Complexity,Loss,Equation
1,2622.3943,"12948.524"
3,2610.2397,"(12879.533 + pods_collected)"
4,1975.9722,"(log(pods_collected) * 3322.7878)"
5,1885.5533,"((-64.3602 - pods_collected) * -115.8883)"
6,1199.9492,"((2288.612 - time) * sqrt(pods_collected))"
7,1158.1776,"((exp(7.753248) - time) * sqrt(pods_collected))"
8,948.78503,"(((-1.6157093 * time) - -2656.0066) * sqrt(pods_collected))"
9,353.0935,"(((-36.754875 - pods_collected) * -237.7391) - (time * 17.101496))"
11,287.83316,"min(((-36.76982 - pods_collected) * -238.60786) - (time * 17.252863), max_score)"
12,287.73395,"min(((-36.7186 - pods_collected) * -238.45859) - (time * exp(2.8447812)), max_score)"
13,272.8051,"min(((-36.041275 - pods_collected) * -243.11974) - min(time * 17.765024, 12948.524), max_score)"
15,258.9168,"min(((-35.479027 - pods_collected) * -244.49402) - min(time * min(17.761602, pods_collected), 12949.213), max_score)"
17,238.18437,"min(((-25.902159 - pods_collected) * -276.51642) - min((time * min(36.411247, pods_collected)) / 1.9552563, 13442.848), max_score)"
19,237.40965,"min((((-26.357187 - pods_collected) * -275.30243) - min((time * min(pods_collected, 36.04689)) / 1.9379976, 13442.872)) + -27.222721, max_score)"
