Complexity,Loss,Equation
1,0.37224635,"1030.0029"
3,0.23149833,"(max_score ^ 0.6909275)"
4,0.22171721,"sqrt(max_score / 0.027089324)"
5,0.20344168,"min(max_score ^ 0.6918724, 1376.287)"
6,0.19718847,"((max_pods + sqrt(max_score)) / 0.2594147)"
7,0.17776419,"((max(3116.1926, max_score) * max_pods) ^ 0.46900123)"
8,0.17766264,"((max_score * max(max_pods, herm(-0.13116752))) ^ 0.4690245)"
9,0.17369471,"(((max(max_score, 3170.9358) * max_pods) ^ 0.47659427) - max_pods)"
10,0.17353578,"floor(((max(max_score, 3170.9358) * max_pods) ^ 0.47660676) - max_pods)"
11,0.16807504,"min(((max(max_score, 3170.9358) * max_pods) ^ 0.47659427) - max_pods, 1538.7976)"
12,0.16792902,"min(floor(((max(max_score, 3170.9358) * max_pods) ^ 0.4766287) - max_pods), 1538.7976)"
13,0.16086145,"min(((max(max_score, 3170.9358) * max_pods) ^ 0.47664678) - max_pods, max_pods / 0.064963505)"
14,0.16071673,"min(floor(((max(3170.9358, max_score) * max_pods) ^ 0.47673216) - max_pods), max_pods / 0.06496353)"
15,0.15610446,"min(min(((max(max_score, 3094.2559) * max_pods) ^ 0.47754037) - max_pods, 1756.6376), max_pods / 0.064963505)"
16,0.15585893,"min(floor(min(((max(max_score, 3116.1926) * max_pods) ^ 0.47754037) - max_pods, 1756.6376)), max_pods / 0.064963505)"
17,0.15440051,"(min(min(((max(3094.2559, max_score) * max_pods) ^ 0.48561388) - max_pods, 1956.4397), max_pods / 0.060470458) - max_pods)"
18,0.15337312,"min(min(((max(max_score - herm(-0.37717977), 3094.2559) * max_pods) ^ 0.47893003) - max_pods, 1756.6376), max_pods / 0.064963505)"
19,0.15262637,"min(min(((max(max(max_score, max_pods * max_pods), 3116.1926) * max_pods) ^ 0.47754037) - max_pods, 1756.6376), max_pods / 0.064963505)"
20,0.15237352,"min(floor(min(((max(max(max_score, max_pods * max_pods), 3116.1926) * max_pods) ^ 0.47754037) - max_pods, 1756.6376)), max_pods / 0.064963505)"
