Complexity,Loss,Equation
1,0.64325666,"8.992461"
2,0.5526093,"log(max_score)"
3,0.53900063,"(max_score ^ 0.22320585)"
4,0.053130127,"log(max_score / 2.0272121)"
5,0.044347636,"(log(max_score) - cos(pod_ratio))"
6,0.026341325,"(log(max_score) - (time_ratio ^ pod_ratio))"
7,0.020812765,"(log(max_score) - (tanh(time_ratio) ^ pod_ratio))"
8,0.0064806966,"(log(max_score * 0.48048732) + (pod_ratio - time_ratio))"
9,0.005370455,"(log(max_score * 0.46408603) + (pod_ratio - sin(time_ratio)))"
10,0.0040909234,"(log(max_score * 0.43562144) + ((pod_ratio * 1.1841018) - time_ratio))"
11,0.0040656417,"(log(max_score * 0.43241152) + sin((pod_ratio * 1.2064041) - time_ratio))"
12,0.0036628416,"(((log(max_score) * 1.0279874) + -1.1040473) + ((pod_ratio * 1.1870395) - time_ratio))"
13,0.0036344915,"(((log(max_score) * 1.028172) + -1.1132703) + sin((pod_ratio * 1.2096645) - time_ratio))"
14,0.0022831382,"((log(max_score + (1.0422406 ^ max_pods)) + -0.8482154) + ((pod_ratio * 1.1908879) - time_ratio))"
15,0.002270668,"((log(max_score + (1.0422406 ^ max_pods)) + -0.85996366) + sin((pod_ratio * 1.2235979) - time_ratio))"
16,0.0018094161,"((log(max_score + ((1.0470198 ^ max_pods) * pod_ratio)) + -0.8256217) + ((pod_ratio * 1.157764) - time_ratio))"
18,0.0017384698,"(((log(max_score + ((1.046578 ^ max_pods) * pod_ratio)) * 1.0271996) + -1.1068593) + ((pod_ratio * 1.1841018) - time_ratio))"
20,0.0016672531,"(((log((max_score + ((1.0464776 ^ max_pods) * pod_ratio)) + max_pods) * 1.0267476) + -1.1092057) + ((pod_ratio * 1.1843761) - time_ratio))"
21,0.0016635595,"(((log(max_score + ((1.0459703 ^ max_pods) * (pod_ratio / sin(max_score)))) * 1.0276054) + -1.109256) + ((pod_ratio * 1.1843512) - time_ratio))"
22,0.0016410013,"(((log((max_score + ((1.0463965 ^ max_pods) * pod_ratio)) + (max_pods ^ 1.1258215)) * 1.0267209) + -1.1093967) + ((pod_ratio * 1.1841773) - time_ratio))"
23,0.0015751787,"(((log(max_score + (((1.0459703 ^ max_pods) * (pod_ratio / sin(max_score))) + max_pods)) * 1.0270861) + -1.1093187) + ((pod_ratio * 1.1843098) - time_ratio))"
25,0.0015145766,"(((log((max_score + (((1.0459703 ^ max_pods) * (pod_ratio / sin(max_score))) + max_pods)) + max_pods) * 1.0266504) + -1.1094105) + ((pod_ratio * 1.18429) - time_ratio))"
27,0.0015080585,"(((log((max_score + (((1.0458019 ^ max_pods) * (pod_ratio / (sin(max_score) + -0.029509166))) + max_pods)) + max_pods) * 1.0266216) + -1.1094133) + ((pod_ratio * 1.184289) - time_ratio))"
28,0.0014996976,"(((log((max_score + ((((1.0446709 ^ max_pods) + 8.992461) * (pod_ratio / tanh(sin(max_score)))) + max_pods)) + max_pods) * 1.0266504) + -1.1094105) + ((pod_ratio * 1.18429) - time_ratio))"
29,0.0014679438,"((((log((max_score + ((((1.0459703 ^ max_pods) * (pod_ratio / sin(max_score))) + max_pods) + max_pods)) + max_pods) * 1.0266504) + -1.1094105) + ((pod_ratio * 1.1863271) - time_ratio)) - 0.009634454)"
30,0.0014679434,"((((log((max_score + ((((1.0459703 ^ max_pods) * (pod_ratio / sin(max_score))) + max_pods) + max_pods)) + max_pods) * 1.0266504) + -1.1094105) + ((pod_ratio * 1.1863271) - time_ratio)) - tanh(0.009634454))"
