Complexity,Loss,Equation
1,1595.765,"7297.5693"
3,1579.88,"(7255.9087 + pods_collected)"
4,1405.8379,"(log(pods_collected) * 1974.3291)"
5,1170.9166,"((pods_collected ^ 1.7823634) - -6329.5933)"
6,1033.4222,"(exp(0.073523775 * pods_collected) - -7138.5327)"
7,1013.78143,"((exp(sqrt(pods_collected)) / 8.401578) - -6823.69)"
9,218.17458,"(((max_time - time) + (7.5821404 * pods_collected)) / 0.09553962)"
10,218.11626,"(((max_time - time) + (7.576988 * pods_collected)) / exp(-2.3482))"
11,216.6526,"((((max_time - time) + (7.5821404 * pods_collected)) / 0.09399978) - max_pods)"
13,215.69983,"min((((max_time - time) + (7.5821404 * pods_collected)) / 0.09399978) - max_pods, max_score)"
15,211.01892,"((((max_time - time) + (7.456193 * pods_collected)) / exp(-2.3508036)) + sqrt(exp(sqrt(pods_collected))))"
16,191.13402,"((((max_time - time) + (7.0912714 * pods_collected)) / exp(-2.3613288)) + (exp(sqrt(pods_collected)) ^ 0.64098495))"
18,186.23398,"min((((max_time - time) + (7.091283 * pods_collected)) / exp(-2.3617268)) + (exp(sqrt(pods_collected)) ^ 0.64104587), max_score)"
19,158.58672,"((((max_time - time) + (7.5826683 * pods_collected)) / exp(-2.3464696)) + (((9.713852 * pods_collected) / time) ^ log(time)))"
