Complexity,Loss,Equation
1,13943.839,"482.4392"
3,6957.737,"(39.160748 * pods_collected)"
4,6627.358,"square(pods_collected + 9.540052)"
5,3683.789,"((45.6512 * pods_collected) - time)"
6,3287.782,"(square(11.338522 + pods_collected) - time)"
7,468.4392,"square(sqrt(time) - (pods_collected - -18.484228))"
8,132.60425,"square((time / max_pods) - (pods_collected - -15.3497305))"
10,79.86276,"square(((time + pods_collected) / max_pods) - (pods_collected - -16.25822))"
12,79.26832,"square((((time / 0.9971507) + pods_collected) / max_pods) - (pods_collected - -16.258068))"
13,71.37472,"square((((time + pods_collected) + sqrt(time)) / max_pods) - (pods_collected - -16.884438))"
14,63.47408,"square((6.2580285 / pods_collected) - ((((time / max_pods) + -0.8387682) - pods_collected) - max_pods))"
15,51.507088,"square((5.479775 / sqrt(pods_collected)) - ((((time / max_pods) * 1.0361946) - pods_collected) - max_pods))"
