Complexity,Loss,Equation
1,2548.9756,"2565.388"
3,692.1602,"(max_score * 0.47448733)"
4,692.16016,"(max_score / exp(0.74552035))"
5,509.5701,"(max_score / (2.576872 - pod_ratio))"
6,470.8463,"(max_score / exp(time_ratio ^ pod_ratio))"
7,338.99564,"((max_score * 0.6643616) * (pod_ratio ^ time_ratio))"
8,203.86334,"((max_score * exp(pod_ratio - time_ratio)) * 0.47588834)"
10,138.76262,"((max_score * exp((pod_ratio * 1.196076) - time_ratio)) * 0.4371472)"
12,125.34355,"(((max_score - max_time) * exp((pod_ratio * 1.168151) - time_ratio)) * 0.46415493)"
14,116.78265,"((((max_score - max_time) * exp((pod_ratio * 1.1772258) - time_ratio)) * 0.45436087) + max_pods)"
16,112.61915,"((((max_score - max_time) * exp((pod_ratio * 1.1967543) - time_ratio)) * 0.44200775) + (max_pods ^ 1.1682259))"
17,99.621864,"(((max_score * exp((pod_ratio * 1.1984643) - time_ratio)) * 0.4368546) - (exp(max_time / max_pods) / max_score))"
19,97.089615,"(((max_score * exp((pod_ratio * 1.199034) - time_ratio)) * 0.43676713) - (exp(max_time / (max_pods - 0.38147733)) / max_score))"
21,89.668434,"(((max_score * exp((pod_ratio * 1.1978718) - time_ratio)) * 0.43687105) - ((exp(max_time / (max_pods + -0.7718275)) / max_score) * pod_ratio))"
23,87.71436,"(((max_score * exp((pod_ratio * 1.1993078) - time_ratio)) * 0.4366677) - ((exp(max_time / ((max_pods + time_ratio) - 1.3135722)) / max_score) * pod_ratio))"
25,85.21348,"(((max_score * exp((pod_ratio * 1.1991951) - time_ratio)) * 0.43673614) - (min(exp(max_time / ((max_pods / 1.1071563) + time_ratio)) / max_score, max_time) * pod_ratio))"
27,84.57305,"min(((max_score * exp((pod_ratio * 1.1991951) - time_ratio)) * 0.43673614) - (min(exp(max_time / ((max_pods / 1.1071563) + time_ratio)) / max_score, max_time) * pod_ratio), max_score)"
29,84.02959,"min(((max_score * exp((pod_ratio * 1.1991223) - time_ratio)) * 0.43676692) - ((min(exp(max_time / ((max_pods / 1.10723) + time_ratio)) / max_score, max_time) * 0.9709374) * pod_ratio), max_score)"
