Complexity,Loss,Equation
1,0.14102241,"max_score"
3,0.13057443,"(max_score - 135.99997)"
5,0.117793866,"((pods_collected * max_score) / max_pods)"
6,0.1018242,"(max_score * sqrt(pods_collected / max_pods))"
7,0.084045716,"(max_score / min(max_pods / pods_collected, 2.4665592))"
9,0.07563097,"((max_score - 106.37272) / min(max_pods / pods_collected, 1.7902255))"
12,0.07561844,"(((max_score - 106.37266) / min(max_pods / pods_collected, 1.783757)) - log(max_pods))"
13,0.073847584,"(((max_score - time) - time) / min(max_pods / pods_collected, log(log(max_time))))"
14,0.07320198,"(((max_score - time) - time) / min(max_pods / pods_collected, sqrt(log(sqrt(max_time)))))"
15,0.073098674,"((((max_score - time) - time) / min(max_pods / pods_collected, log(log(max_time)))) / 0.9702519)"
16,0.07152918,"(((max_score - time) - time) / (min(max_pods / pods_collected, sqrt(sqrt(log(max_score)))) - 0.017684937))"
18,0.070721395,"((((max_score - time) - time) / (min(max_pods / pods_collected, sqrt(sqrt(log(max_score)))) - 0.016892765)) - time)"
19,0.064157434,"(((((max_score + max_time) - time) - (time / 0.45664954)) / min(max_pods / pods_collected, log(log(max_time)))) - time)"
23,0.063403875,"((((((max_score + 0.6063275) - time) - (time / 0.45664954)) / min(max_pods / pods_collected, min(log(log(max_time)), max_pods))) - time) + max_time)"
24,0.061579097,"((min(max_time * pods_collected, max_score) - ((time - -61.385376) * log(sqrt(sqrt(sqrt(exp(pods_collected - max_pods)) / time) ^ -2.3410437)))) + max_time)"
26,0.06099553,"(((min(max_time * pods_collected, max_score) - ((time - -69.568054) * log(sqrt(sqrt(sqrt(exp(pods_collected - max_pods)) / time) ^ -2.28897)))) + max_time) + max_pods)"
28,0.06091816,"(((min(max_time * pods_collected, max_score) - (((time - -69.57756) * 0.9658658) * log(sqrt(sqrt(sqrt(exp(pods_collected - max_pods)) / time) ^ -2.3737404)))) + max_time) + max_pods)"
29,0.06074061,"(((min(max_time * pods_collected, max_score) - (((time - -69.56801) + cos(time)) * log(sqrt(sqrt(sqrt(exp(pods_collected - max_pods)) / time) ^ -2.274356)))) + max_time) + pods_collected)"
30,0.060693357,"(((min(max_time * pods_collected, max_score) - (((time - -69.56783) + exp(cos(time))) * log(sqrt(sqrt(sqrt(exp(pods_collected - max_pods)) / time) ^ -2.2581928)))) + max_time) + pods_collected)"
