Complexity,Loss,Equation
1,0.14102241,"max_score"
3,0.13057443,"(max_score + -135.99945)"
5,0.117793866,"((pods_collected * max_score) / max_pods)"
6,0.1018242,"(sqrt(pods_collected / max_pods) * max_score)"
7,0.09783517,"(((pods_collected / max_pods) ^ 0.70986825) * max_score)"
8,0.08801585,"(exp((pods_collected - max_pods) / max_pods) * max_score)"
9,0.085137755,"(((pods_collected / max_pods) ^ (0.031535473 * pods_collected)) * max_score)"
10,0.07645284,"((exp((pods_collected - max_pods) / max_pods) * max_score) + -135.99358)"
12,0.07309735,"(exp(((pods_collected - (time / pods_collected)) - max_pods) / max_pods) * max_score)"
13,0.06923758,"(exp((pods_collected - (max_pods - -1.0818585)) / (max_pods - sqrt(time))) * max_score)"
14,0.06275521,"(exp(((pods_collected - ((time / pods_collected) - 1.4926375)) - max_pods) / max_pods) * max_score)"
16,0.06078001,"(exp(((pods_collected - (((time / 0.83414483) / pods_collected) - 2.286666)) - max_pods) / max_pods) * max_score)"
18,0.060757443,"(exp(((pods_collected - ((((time / 0.83475536) + 0.1596158) / pods_collected) - 2.2873788)) - max_pods) / max_pods) * max_score)"
20,0.060754374,"((exp(((pods_collected - (((time / 0.71997154) / (pods_collected / 0.86192954)) - 2.5425584)) - max_pods) / max_pods) ^ 1.0498685) * max_score)"
22,0.060572807,"((exp(((pods_collected - ((((time / 0.71997154) + 1.047353) / (pods_collected / 0.86192954)) - 2.5425584)) - max_pods) / max_pods) ^ 1.0498685) * max_score)"
23,0.06051215,"((exp(((pods_collected - ((((time / 0.71997154) + exp(1.047353)) / (pods_collected / 0.86192954)) - 2.5425584)) - max_pods) / max_pods) ^ 1.0498685) * max_score)"
