Complexity,Loss,Equation
1,0.062635675,"max_score"
3,0.057833247,"(max_score - 100.002365)"
5,0.055290118,"(max_score - (88646.15 / max_score))"
6,0.052230254,"(max_score / sqrt(max_pods / pods_collected))"
7,0.051263645,"(max_score ^ ((pods_collected / max_pods) ^ 0.062498353))"
8,0.047088597,"((max_score / sqrt(max_pods / pods_collected)) + -113.97118)"
9,0.046755686,"((max_score + -113.97118) ^ ((pods_collected / max_pods) ^ 0.06270473))"
10,0.04340662,"(((max_score * 0.3803622) - time) * exp(pods_collected / max_pods))"
12,0.037897382,"min(max_score, ((max_score * 0.3867607) - time) * exp(pods_collected / max_pods))"
14,0.037237797,"(min(max_score, ((max_score * 0.38900602) - time) * exp(pods_collected / max_pods)) + -17.282362)"
15,0.037215244,"(min(max_score, ((max_score * 0.3910373) - time) * exp(pods_collected / max_pods)) - exp(3.074657))"
16,0.037132196,"((min(max_score, ((max_score * 0.38900602) - time) * exp(pods_collected / max_pods)) + -17.282362) * 1.0006477)"
17,0.036671497,"(min(max_score, ((max_score * 0.38900602) - time) * exp(pods_collected / max_pods)) - (1.3483214 ^ sqrt(time)))"
18,0.03547244,"(min(max_score, ((max_score * 0.3910373) - time) * exp(pods_collected / max_pods)) - ((pods_collected * -2.4165387) + time))"
19,0.03496621,"(min(max_score, ((max_score * 0.38824192) - time) * exp(pods_collected / max_pods)) - (sqrt(exp(sqrt(time))) / pods_collected))"
