Complexity,Loss,Equation
1,1017.44653,"4272.996"
3,765.7368,"(pods_collected * 118.81295)"
4,701.12384,"sqrt(549329.1 * pods_collected)"
5,619.8039,"((pods_collected ^ 2.0065) - -2958.4807)"
7,334.44275,"min(pods_collected * (25539.443 / time), max_score)"
9,181.57536,"min(pods_collected * ((16821.127 / time) - -36.48936), max_score)"
11,123.756424,"min((pods_collected + 5.9932966) * ((13914.908 / time) - -35.494823), max_score)"
13,113.18673,"(min((pods_collected + 7.283664) * ((12770.979 / time) - -42.899456), max_score) - time)"
14,113.03534,"(min((pods_collected + sqrt(max_pods)) * ((12711.58 / time) - -43.13271), max_score) - time)"
15,104.47983,"((min((pods_collected + 8.811213) * ((11449.017 / time) - -50.309807), max_score) - time) - time)"
16,102.504196,"(min((pods_collected + log(max_score)) * ((11031.301 / time) - -54.466846), max_score) - (time / 0.3881841))"
18,101.689964,"(min(((pods_collected + log(max_score)) + 0.5514463) * ((11031.295 / time) - -53.481213), max_score) - (time / 0.38766253))"
20,100.66152,"(min(min((pods_collected + log(max_score)) * ((11031.301 / time) - (-54.466846 - -0.64787495)), max_score), max_score) - (time ^ 1.1596869))"
