Complexity,Loss,Equation
1,8658.759,"39824.492"
3,6916.8647,"(793.65796 * pods_collected)"
4,6185.9067,"(5910.386 * sqrt(pods_collected))"
5,3430.11,"(36356.773 + (1.1275876 ^ pods_collected))"
7,3040.7144,"min(36356.35 + (1.1283188 ^ pods_collected), max_score)"
9,3036.732,"min((36356.35 + (1.1283188 ^ pods_collected)) + pods_collected, max_score)"
11,2516.3425,"(41666.11 + ((exp(sqrt(pods_collected)) - (time ^ 1.2144732)) * 3.004158))"
12,1985.5566,"((((time * -1184.6407) / pods_collected) + (1.1225326 ^ pods_collected)) + exp(10.887198))"
14,1499.6229,"min((((time * -1183.0607) / pods_collected) + (1.124403 ^ pods_collected)) + exp(10.885203), max_score)"
15,1485.4263,"min((((time * -1184.3906) / pods_collected) + (sqrt(1.263576) ^ pods_collected)) + exp(10.884432), max_score)"
16,1449.2849,"min((((time * -1184.6399) / pods_collected) + ((1.1245848 ^ pods_collected) + time)) + exp(10.867646), max_score)"
18,1410.419,"min((((time * -1139.7062) / pods_collected) + ((1.7563802 ^ (pods_collected * 0.20690808)) + time)) + exp(10.860728), max_score)"
20,1405.2987,"min(((((time - -1.8105047) * -1139.7062) / pods_collected) + ((1.7563802 ^ (pods_collected * 0.20690808)) + time)) + exp(10.860728), max_score)"
