Complexity,Loss,Equation
1,0.0123493895,"max_score"
3,0.012349387,"(max_score - 0.00022074464)"
4,0.0123395445,"floor(max_score + -0.00017022734)"
5,0.011106913,"min(pods_collected ^ 2.7234, max_score)"
7,0.010212405,"min((pods_collected * pods_collected) / 0.07616906, max_score)"
8,0.010211971,"floor(min((pods_collected * pods_collected) / 0.07616906, max_score))"
9,0.008590446,"min(((max_time * max_score) * 0.46399403) / time, max_score)"
10,0.008586717,"min(floor(((max_time * max_score) * 0.46398756) / time), max_score)"
11,0.008182984,"min(((max_time * max_score) * 0.4725592) / (time - -14.181565), max_score)"
12,0.008181997,"floor(min(((max_time * max_score) * 0.4725592) / (time - -14.181565), max_score))"
13,0.0055411346,"min((((max_time * pods_collected) * max_score) / time) / (max_pods * 2.1747894), max_score)"
14,0.005539138,"floor(min((((max_time * pods_collected) * max_score) / time) / (max_pods * 2.1761606), max_score))"
15,0.005196439,"min((((max_time * pods_collected) * max_score) / time) / min(max_pods * 2.1747894, time), max_score)"
16,0.0045527327,"min((((max_time * pods_collected) * max_score) / (time + exp(3.4808981))) / (max_pods * 2.0436172), max_score)"
17,0.004548458,"min((((max_time * pods_collected) * max_score) / (time + exp(3.577669))) / (max_pods * floor(2.343383)), max_score)"
18,0.0037698306,"min(((((max_time * pods_collected) * max_score) / (time + exp(3.5158045))) / (max_pods * 2.1151392)) + time, max_score)"
19,0.0037599066,"floor(min(((((max_time * pods_collected) * max_score) / (time + exp(3.5264194))) / (max_pods * 2.1117215)) + time, max_score))"
20,0.0033644596,"min(((((max_time * pods_collected) * max_score) / (time + exp(3.5329862))) / min(max_pods * 2.133045, time)) + time, max_score)"
21,0.003361021,"min(floor(((((max_time * pods_collected) * max_score) / (time + exp(3.5329862))) / min(max_pods * 2.133045, time)) + time), max_score)"
22,0.0027298355,"min((((max(max_time * pods_collected, max_pods * time) * max_score) / (time + exp(3.526312))) / (max_pods * 2.1115077)) + time, max_score)"
23,0.0027197183,"floor(min((((max(max_time * pods_collected, max_pods * time) * max_score) / (time + exp(3.526414))) / (max_pods * 2.1117234)) + time, max_score))"
24,0.0025878842,"min((((max(max_time * pods_collected, max_pods * time) * max_score) / (time + exp(3.4886842))) / ((max_pods * 2.106443) + 1.2406851)) + time, max_score)"
25,0.0025437814,"min((((max(max_time * pods_collected, max_pods * time) * max_score) / (time + exp(3.4884684))) / floor((max_pods * 2.105248) + 2.1064548)) + time, max_score)"
26,0.0024969534,"min(((((max(max_time * pods_collected, max_pods * time) * max_score) / (time + exp(3.5063145))) / ((max_pods * 2.1098375) + 2.1553822)) + pods_collected) + time, max_score)"
27,0.0024817928,"min(((((max(max_time * pods_collected, max_pods * time) * max_score) / (time + floor(exp(3.5063145)))) / ((max_pods * 2.1098375) + 2.1553822)) + pods_collected) + time, max_score)"
28,0.0023939465,"min((((((max(max_time * pods_collected, max_pods * time) * max_score) / (time + exp(3.4595532))) / ((max_pods * 2.1251068) + 3.50527)) + pods_collected) + time) + pods_collected, max_score)"
29,0.002393863,"min((((floor((max(max_time * pods_collected, max_pods * time) * max_score) / (time + exp(3.4595532))) / ((max_pods * 2.1251068) + 3.50527)) + pods_collected) + time) + pods_collected, max_score)"
30,0.0023767918,"min((((((max(max_time * pods_collected, (max_pods * time) + time) * max_score) / (time + exp(3.4595532))) / ((max_pods * 2.1251068) + 3.50527)) + pods_collected) + time) + pods_collected, max_score)"
31,0.0023767068,"min((((floor((max(max_time * pods_collected, (max_pods * time) + time) * max_score) / (time + exp(3.4595532))) / ((max_pods * 2.1251068) + 3.50527)) + pods_collected) + time) + pods_collected, max_score)"
32,0.002368012,"min((((((max(max_time * pods_collected, ((max_pods - -1.8101614) * time) + time) * max_score) / (time + exp(3.4595532))) / ((max_pods * 2.1251068) + 3.50527)) + pods_collected) + time) + pods_collected, max_score)"
33,0.0023679263,"min((((floor((max(max_time * pods_collected, ((max_pods - -1.8101614) * time) + time) * max_score) / (time + exp(3.4595532))) / ((max_pods * 2.1251068) + 3.50527)) + pods_collected) + time) + pods_collected, max_score)"
34,0.0023606904,"min((((((max(max_time * pods_collected, ((max_pods - -1.8101614) * (time + -1.2145847)) + time) * max_score) / (time + exp(3.4595532))) / ((max_pods * 2.1251068) + 3.50527)) + pods_collected) + time) + pods_collected, max_score)"
35,0.0023598184,"min((((((max(max_time * pods_collected, ((max_pods - floor(-1.8101614)) * (time + -1.2145847)) + time) * max_score) / (time + exp(3.4595532))) / ((max_pods * 2.1251068) + 3.50527)) + pods_collected) + time) + pods_collected, max_score)"
36,0.0023580333,"min((((((max(max_time * pods_collected, (((max_pods - -1.8101614) - -0.58328825) * (time + -1.2145847)) + time) * max_score) / (time + exp(3.4595532))) / ((max_pods * 2.1251068) + 3.50527)) + pods_collected) + time) + pods_collected, max_score)"
37,0.0023561963,"min((floor((floor((max(max_time * pods_collected, ((max_pods - -1.8101614) * (time + floor(-1.2145847))) + time) * max_score) / (time + exp(3.4595532))) / ((max_pods * 2.1251068) + 3.50527)) + pods_collected) + time) + pods_collected, max_score)"
38,0.0023553018,"min((floor((floor((max(max_time * pods_collected, ((max_pods - floor(-1.8101614)) * (time + floor(-1.2145847))) + time) * max_score) / (time + exp(3.4595532))) / ((max_pods * 2.1251068) + 3.50527)) + pods_collected) + time) + pods_collected, max_score)"
39,0.0023499106,"min((floor((floor((max(max_time * pods_collected, ((max_pods - -1.8101614) * (time + floor(-1.2145847 - 1.495472))) + time) * max_score) / (time + exp(3.4595532))) / ((max_pods * 2.1251068) + 3.50527)) + pods_collected) + time) + pods_collected, max_score)"
