Complexity,Loss,Equation
1,13943.823,"482.25"
3,6957.731,"(pods_collected * 39.160713)"
4,6627.354,"square(9.540524 + pods_collected)"
5,3683.7869,"((pods_collected * 45.651226) - time)"
6,3287.7817,"(square(-11.338427 - pods_collected) - time)"
7,290.70825,"(((-0.24920422 * time) - -59.543205) * pods_collected)"
9,126.68514,"(((-0.2489952 * time) - -59.509262) * max(pods_collected, 4.991674))"
11,95.25746,"((((-0.24842454 * time) - (-35.16564 - pods_collected)) * pods_collected) + 144.76152)"
13,79.14987,"min((((-0.2516276 * time) - (-35.48533 - pods_collected)) * pods_collected) + 144.37755, max_score)"
15,70.808395,"min((max((-0.2516276 * time) - (-35.48533 - pods_collected), pods_collected) * pods_collected) + 144.37755, max_score)"
16,58.070988,"(((max((-0.26080003 * max(time, 19.111944)) - -36.096584, 1.8306084) * pods_collected) + 144.93846) + square(pods_collected))"
18,54.33807,"(((max((-0.26141223 * max(time, 19.110704)) - -36.14656, 1.8231771) * pods_collected) + 144.94267) + max(square(pods_collected), max_pods))"
