Complexity,Loss,Equation
1,0.14102241,"max_score"
3,0.13057443,"(max_score + -135.99979)"
5,0.12204924,"(max_score - (time ^ 1.2163002))"
7,0.11693092,"((max_score - (time ^ 1.2476996)) / 0.96393037)"
9,0.099464215,"(max_score + (60.918278 * (pods_collected + (-2.2193327 - max_pods))))"
11,0.094336934,"(max_score + ((45.10439 + pods_collected) * (pods_collected + (-1.9287969 - max_pods))))"
12,0.090813786,"(max_score + ((15.269691 * sqrt(pods_collected)) * (pods_collected + (-1.9947443 - max_pods))))"
13,0.085978076,"(max_score + (((133.98094 - max_pods) + pods_collected) * (pods_collected + (-0.8775593 - max_pods))))"
14,0.08338965,"(max_score + (((max_score / max_time) * sqrt(pods_collected)) * (pods_collected + (-1.3240097 - max_pods))))"
15,0.075331286,"((max_score + ((3.0078988 * pods_collected) * (pods_collected + (3.1088822 - max_pods)))) - (time * 4.344743))"
16,0.074681334,"((max_score + ((pods_collected - -38.430878) * (pods_collected + (-0.8349997 * max_pods)))) - (time * sqrt(max_pods)))"
17,0.07285362,"((max_score + (((pods_collected - -13.51826) * 2.0403924) * (pods_collected + (-0.9722244 * max_pods)))) - (time * 2.9406297))"
18,0.064893104,"((max_score + (((pods_collected - -13.656039) * 2.0991902) * (pods_collected + (-0.898319 * max_pods)))) - (time * sqrt(pods_collected)))"
20,0.06440045,"((max_score + (((pods_collected - -13.535703) * 2.0876362) * (pods_collected + (-0.9130926 * max_pods)))) - (time * sqrt(pods_collected ^ 0.94980544)))"
23,0.06290752,"((max_score + ((pods_collected * sqrt(pods_collected)) * ((pods_collected + (-0.9919221 * max(max_pods + -18.178247, pods_collected))) - -1.464236))) - (time * sqrt(max_pods)))"
25,0.060695782,"((max_score + ((pods_collected * (sqrt(pods_collected) / 1.0901669)) * ((pods_collected + (-0.99133074 * max(max_pods + -16.669428, pods_collected))) - -1.5984474))) - (time * sqrt(max_pods)))"
26,0.058604382,"((max_score + ((pods_collected * (sqrt(sqrt(max_time)) / 1.1346449)) * ((pods_collected + (-0.96595526 * max(max_pods + -9.149013, pods_collected))) - -1.4806812))) - (time * sqrt(pods_collected)))"
28,0.05682841,"((max_score + ((pods_collected * (sqrt(sqrt(max_time)) / 1.1341531)) * ((pods_collected + (-0.95797664 * max(max_pods + -9.165929, pods_collected))) - -2.0186234))) - (time * sqrt(pods_collected ^ 1.0872014)))"
30,0.056822572,"(((max_score + ((pods_collected * (sqrt(sqrt(max_time)) / 1.1343269)) * ((pods_collected + (-0.9580105 * max(max_pods + -9.16582, pods_collected))) - -2.0184262))) - (time * sqrt(pods_collected ^ 1.0876055))) + 0.8014559)"
