Complexity,Loss,Equation
1,0.1834787,"3751.9783"
3,0.17929626,"(4085.455 - time)"
4,0.15961531,"(log(pods_collected) / 0.0010252098)"
5,0.14222431,"(2813.8987 + (pods_collected ^ 1.7258961))"
6,0.14216861,"((log(pods_collected) / 0.00095950824) - time)"
7,0.13022357,"((2813.8987 + (pods_collected ^ 1.7796162)) - time)"
8,0.088467225,"((log(pods_collected) / 0.00068256585) - (time / 0.15031195))"
10,0.086693555,"(((log(pods_collected) / 0.00068256585) - (time / 0.15031195)) + pods_collected)"
11,0.034194645,"((exp(8.360712) + sqrt(pods_collected ^ 3.6315482)) + (time / -0.1584894))"
13,0.033818327,"((exp(8.35479) + ((time / -0.15765245) + pods_collected)) + sqrt(pods_collected ^ 3.6270833))"
15,0.033745695,"((exp(8.35479) + min((time / -0.15765245) + pods_collected, -1.1760838)) + sqrt(pods_collected ^ 3.6270833))"
16,0.022119302,"(((exp(8.084316) + (time / -0.20919484)) * sqrt(log(sqrt(pods_collected)))) + sqrt(pods_collected ^ 3.580802))"
18,0.021880679,"min(((exp(8.084317) + (time / -0.2091959)) * sqrt(log(sqrt(pods_collected)))) + sqrt(pods_collected ^ 3.580802), max_score)"
20,0.021685192,"min(((exp(8.085363) + (time / -0.208411)) * sqrt(log(sqrt(pods_collected + 0.98704386)))) + sqrt(pods_collected ^ 3.5803864), max_score)"
