Complexity,Loss,Equation
1,2.894089e7,"6673.503"
3,3.5358465e6,"(0.5050288 * max_score)"
5,3.3373565e6,"(max_score / min(time, 1.9870496))"
7,2.1959622e6,"(((pods_collected - -181.76823) * max_score) * 0.0021087744)"
8,1.9434236e6,"((0.3926166 + tanh(pods_collected / time)) * max_score)"
9,1.8014274e6,"((0.3931574 + min(pods_collected / time, 0.60459834)) * max_score)"
10,1.6568039e6,"((0.31257185 + tanh((1.7327043 * pods_collected) / time)) * max_score)"
11,1.3836304e6,"((1.264261 - (27.207157 ^ (pods_collected / (-106.27874 - time)))) * max_score)"
12,1.1996942e6,"((1.0356178 - tanh(max_time ^ (pods_collected / (-176.76791 - time)))) * max_score)"
13,1.1438884e6,"((1.2671703 - ((0.021117214 * max_time) ^ (pods_collected / (-82.72568 - time)))) * max_score)"
14,1.01640794e6,"((1.0673513 - tanh((max_time - time) ^ (pods_collected / (-182.78786 - time)))) * max_score)"
15,935540.1,"((1.248007 - ((0.008925565 * max_time) ^ (pods_collected / ((-0.5281294 * time) - max_pods)))) * max_score)"
16,921122.56,"((1.0671862 - tanh((max_time - time) ^ (pods_collected / ((-71.4546 - max_pods) - time)))) * max_score)"
17,646809.9,"((1.0282623 - ((0.009938454 * max_time) ^ ((pods_collected + 21.329073) / ((-0.29505807 * time) - max_pods)))) * max_score)"
18,646808.0,"((1.0282625 - ((tanh(0.009938435) * max_time) ^ ((pods_collected + 21.329073) / ((-0.29505807 * time) - max_pods)))) * max_score)"
19,553287.7,"(((1.1733127 - ((0.009324193 * max_time) ^ ((pods_collected + 21.39726) / ((-0.2987147 * time) - max_pods)))) ^ 1.5475696) * max_score)"
20,499404.7,"(((1.1077067 - tanh((0.011600841 * max_time) ^ ((pods_collected + 27.535013) / ((-0.24111275 * time) - max_pods)))) ^ 1.9809384) * max_score)"
21,479438.62,"(((1.1020792 - tanh(tanh((0.012619806 * max_time) ^ ((pods_collected + 26.371382) / ((-0.2216414 * time) - max_pods))))) ^ 2.289195) * max_score)"
22,475886.06,"(((1.1116053 - tanh(tanh(tanh((0.01364499 * max_time) ^ ((pods_collected + 25.39072) / ((-0.22275311 * time) - max_pods)))))) ^ 2.6349084) * max_score)"
23,445179.9,"min(((1.1561675 - tanh(tanh((0.009442078 * max_time) ^ ((pods_collected + 33.324776) / ((-0.23685355 * time) - max_pods))))) ^ 2.7050877) * max_score, max_score)"
24,402023.22,"min(((1.1608548 - tanh(tanh(tanh((0.010163008 * max_time) ^ ((pods_collected + 26.369455) / ((-0.22682439 * time) - max_pods)))))) ^ 2.9615715) * max_score, max_score)"
25,402022.84,"min(((1.1608548 - tanh(tanh(tanh((tanh(0.010163008) * max_time) ^ ((pods_collected + 26.369455) / ((-0.22682439 * time) - max_pods)))))) ^ 2.9615715) * max_score, max_score)"
