Complexity,Loss,Equation
1,0.31960776,"max_score"
3,0.3081194,"(max_score - max_time)"
5,0.27257758,"(max_score - (time ^ 1.2867032))"
6,0.22068283,"((sqrt(max_score) + pods_collected) ^ 1.7666769)"
7,0.20539534,"((pods_collected ^ 1.9258702) - (max_score * -0.44410214))"
8,0.15152846,"((max_score * exp(pods_collected / max_pods)) * 0.3498168)"
9,0.1203945,"(((max_score ^ (pods_collected / max_pods)) + max_score) * 0.49999973)"
10,0.11843429,"(((max_score / 2.718282) - time) * exp(pods_collected / max_pods))"
11,0.10886277,"((((max_score ^ (pods_collected / max_pods)) + max_score) * 0.5070132) - time)"
12,0.0645456,"((max_score * ((pods_collected / max_pods) + 0.32962966)) / exp(time / max_time))"
13,0.064207315,"(((max_score * exp(pods_collected / max_pods)) / exp(time / max_time)) * 0.4891856)"
14,0.04905303,"((max_score * (((pods_collected / max_pods) ^ 1.3903693) + 0.41963217)) / exp(time / max_time))"
15,0.042584766,"(((max_score * (exp(pods_collected / max_pods) + -0.25592294)) / exp(time / max_time)) * 0.57236934)"
16,0.03575288,"min((max_score * (((pods_collected / max_pods) ^ 1.5620856) + 0.45777497)) / exp(time / max_time), max_score)"
17,0.03253689,"min(((max_score * (exp(pods_collected / max_pods) + -0.28572616)) / exp(time / max_time)) * 0.5868448, max_score)"
18,0.027284127,"min(((max_score - max_time) * (((pods_collected / max_pods) ^ 1.6327225) + 0.51787)) / exp(time / max_time), max_score)"
19,0.026545364,"min((((max_score - max_time) * (exp(pods_collected / max_pods) + -0.2879182)) / exp(time / max_time)) * 0.6258254, max_score)"
