Complexity,Loss,Equation
1,2.852732e7,"5822.2354"
3,3.0355032e6,"(max_score / 1.9800853)"
4,3.0355028e6,"(max_score / exp(0.68313956))"
5,2.9816468e6,"((max_score * 0.31603813) ^ 1.051306)"
6,1.9010014e6,"(max_score / exp(0.99334025 ^ pods_collected))"
7,1.8860099e6,"((max_score * (182.02411 + pods_collected)) * 0.0021069169)"
8,1.4540768e6,"(max_score / exp(0.02563437 ^ (pods_collected / time)))"
9,1.2840255e6,"(max_score / exp(sqrt(1.0562234 - (pods_collected / max_pods))))"
10,1.1847238e6,"(max_score / exp(pods_collected ^ ((pods_collected / time) * -0.91908985)))"
11,1.0586332e6,"(max_score / exp((0.6233785 ^ pods_collected) ^ (sqrt(pods_collected) / time)))"
12,880976.6,"(max_score / exp(0.0021562583 ^ (((pods_collected / time) / max_pods) * pods_collected)))"
13,880976.44,"(max_score / exp(exp(-6.1388226) ^ (((pods_collected * pods_collected) / time) / max_pods)))"
14,642396.5,"(max_score / exp((0.99401146 ^ max_time) ^ (((pods_collected * pods_collected) / time) / max_pods)))"
15,493979.34,"(max_score / exp((0.9794624 ^ log(max_time / time)) ^ ((pods_collected * pods_collected) / max_pods)))"
16,472531.47,"(max_score / exp((0.49993226 ^ (max_time / time)) ^ (((pods_collected * pods_collected) / max_pods) / max_pods)))"
17,364840.62,"(max_score / exp((0.089580715 ^ log(max_time / time)) ^ (((pods_collected * pods_collected) / max_pods) / max_pods)))"
18,332675.3,"(max_score / exp(tanh(0.096652605 ^ log(max_time / time)) ^ (((pods_collected * pods_collected) / max_pods) / max_pods)))"
19,314063.7,"(max_score / exp((0.11782877 ^ log((max_time + pods_collected) / time)) ^ (((pods_collected * pods_collected) / max_pods) / max_pods)))"
20,300299.94,"(max_score / exp((0.79761785 ^ sqrt(max_time - time)) ^ (((pods_collected * pods_collected) / time) / (max_pods - sqrt(max_time)))))"
21,277324.22,"(max_score / exp((0.7989932 ^ sqrt(max_time - time)) ^ (((pods_collected * pods_collected) / clp(time)) / (max_pods - sqrt(max_time)))))"
22,277074.62,"(max_score / exp(tanh(0.79903144 ^ sqrt(max_time - time)) ^ (((pods_collected * pods_collected) / clp(time)) / (max_pods - sqrt(max_time)))))"
23,253076.31,"(max_score / (exp((0.7801161 ^ sqrt(max_time - time)) ^ (((pods_collected * pods_collected) / clp(time)) / (max_pods - sqrt(max_time)))) ^ 1.0610324))"
24,252409.72,"(max_score / (exp(tanh(0.78001684 ^ sqrt(max_time - time)) ^ (((pods_collected * pods_collected) / clp(time)) / (max_pods - sqrt(max_time)))) ^ 1.0615737))"
25,235567.61,"(max_score / (exp((0.7489426 ^ sqrt(max_time - time)) ^ (((pods_collected * pods_collected) / clp(time + pods_collected)) / (max_pods - sqrt(max_time)))) ^ 1.0805587))"
26,235006.38,"(max_score / (exp(tanh(0.74885285 ^ sqrt(max_time - time)) ^ (((pods_collected * pods_collected) / clp(time + pods_collected)) / (max_pods - sqrt(max_time)))) ^ 1.0810453))"
27,209337.03,"(max_score / (exp((0.740685 ^ sqrt(max_time - time)) ^ ((((pods_collected * pods_collected) + max_pods) / clp(time + pods_collected)) / (max_pods - sqrt(max_time)))) ^ 1.1304237))"
28,208516.1,"(max_score / (exp(tanh(0.740593 ^ sqrt(max_time - time)) ^ ((((pods_collected * pods_collected) + max_pods) / clp(time + pods_collected)) / (max_pods - sqrt(max_time)))) ^ 1.1309186))"
29,200501.05,"(max_score / (exp((0.7354283 ^ sqrt(max_time - time)) ^ ((((pods_collected * pods_collected) + (max_pods + max_pods)) / clp(time + max_pods)) / (max_pods - sqrt(max_time)))) ^ 1.120925))"
30,199794.88,"(max_score / (exp(tanh(0.73536515 ^ sqrt(max_time - time)) ^ ((((pods_collected * pods_collected) + (max_pods + max_pods)) / clp(time + max_pods)) / (max_pods - sqrt(max_time)))) ^ 1.1213375))"
