Complexity,Loss,Equation
1,13978.06,"520.125"
3,6986.774,"(pods_collected * 40.78422)"
4,6750.6753,"square(9.9609995 + pods_collected)"
5,2893.2769,"((pods_collected * 47.115887) - time)"
6,2761.2844,"(square(-11.707869 - pods_collected) - time)"
7,162.7861,"(((-0.21212211 * time) + 58.077892) * pods_collected)"
9,132.68631,"min(((-0.2188774 * time) + 58.704918) * pods_collected, max_score)"
11,111.29409,"min((((-0.222009 * time) + 56.182465) * pods_collected) - -36.21629, max_score)"
13,103.38284,"min((((-0.22193122 * time) + 57.72409) * pods_collected) + (205.47095 / pods_collected), max_score)"
14,87.8744,"min((((-0.21915118 * time) + 58.677742) * pods_collected) + exp(9.808491 - pods_collected), max_score)"
16,87.79856,"min((((-0.21915118 * time) + 58.677742) * pods_collected) + max(exp(9.808491 - pods_collected), 0.16140576), max_score)"
18,87.78865,"(min((((-0.21915118 * time) + 58.677742) * pods_collected) + max(exp(9.808491 - pods_collected), 0.16140576), max_score) + -0.0639349)"
