Complexity,Loss,Equation
1,2.7641122e6,"max_score"
3,2.2096418e6,"(max_score - 744.61523)"
5,1.8939001e6,"(max_score - (time ^ 1.1771934))"
7,1.4024808e6,"(max_score - ((time / pods_collected) * time))"
9,1.1419329e6,"((max_score - ((time / pods_collected) * time)) / 0.98229474)"
11,1.1247281e6,"((max_score - ((time / (pods_collected - 1.8758268)) * time)) * 1.0174572)"
12,1.0419036e6,"((max_score - ((time / (pods_collected - sqrt(max_pods))) * time)) * 1.0174572)"
14,1.00204994e6,"((max_score - (((time / (pods_collected - sqrt(max_pods))) + -0.71502244) * time)) / 0.9845732)"
16,976087.3,"((max_score - (((time / (pods_collected - sqrt(max_pods * 1.4812156))) + -0.6633275) * time)) / 0.9845732)"
18,968042.3,"(((max_score - (((time / (pods_collected - sqrt(max_pods * 1.4812156))) + -0.6633275) * time)) / 0.9845732) + pods_collected)"
20,962972.94,"max(((max_score - (((time / (pods_collected - sqrt(max_pods * 1.4812156))) + -0.6633275) * time)) / 0.9845732) + pods_collected, time)"
