Complexity,Loss,Equation
1,3.2803922e6,"7346.028"
3,3.1805988e6,"(6921.3354 + time)"
4,1.5783395e6,"(sqrt(pods_collected) * 1094.1716)"
5,1.0909895e6,"((pods_collected ^ 1.9000837) + 5552.6265)"
6,1.0909894e6,"((square(pods_collected) ^ 0.950081) + 5552.157)"
7,833791.75,"(((pods_collected ^ 1.9203681) - time) + 5820.0923)"
8,216558.4,"((square(pods_collected) - -7220.4404) - (time / 0.16406992))"
9,75246.43,"((time * -7.1960797) - ((-107.98193 * pods_collected) - 5379.0))"
11,55261.426,"min((time * -7.6083307) - ((-111.41411 * pods_collected) - 5407.275), max_score)"
13,54593.55,"min((time * -7.603423) - ((-111.5886 * max(pods_collected, 5.18152)) - 5394.5566), max_score)"
15,46500.746,"max(min(min(time * -7.6083307, -111.41411) - ((-111.41411 * pods_collected) - 5407.275), max_score), 4563.8555)"
17,45986.156,"max(min((pods_collected - ((-111.41396 * pods_collected) - max_score)) - ((time * 7.608268) + 7345.913), max_score), 4563.8555)"
19,45580.246,"max(min((pods_collected - ((-111.41396 * pods_collected) - max_score)) - ((time * min(7.608268, pods_collected)) + 7345.913), max_score), 4563.8555)"
