Complexity,Loss,Equation
1,0.22063182,"5736.003"
3,0.21798721,"(6086.995 - time)"
5,0.15250449,"(3309.305 - (-43.15158 * pods_collected))"
6,0.15250328,"((sqrt(6028.456) + pods_collected) * 42.82541)"
7,0.13774137,"((3415.1428 - (-45.61656 * pods_collected)) - time)"
8,0.13772744,"(((sqrt(5829.8013) + pods_collected) * 45.075806) - time)"
9,0.09917892,"(((pods_collected * (52.598164 * max_time)) / time) + max_time)"
10,0.091008134,"(((sqrt(time) + pods_collected) * (44.033165 * max_time)) / time)"
11,0.06787185,"(((pods_collected * (39.847332 * max_time)) / time) - (44.82523 / -0.027977869))"
13,0.06120566,"min(((pods_collected * (36.54302 * max_time)) / time) - (31.30894 / -0.016870284), max_score)"
14,0.041988365,"((((max_time + (max_score / pods_collected)) * sqrt(time ^ -1.0836854)) * pods_collected) * 2.9771557)"
16,0.0358218,"min((((max_time + (max_score / pods_collected)) * sqrt(time ^ -1.1191034)) * pods_collected) * 3.2967186, max_score)"
18,0.035392582,"(min((((max_time + (max_score / pods_collected)) * sqrt(time ^ -1.1124536)) * pods_collected) * 3.2898846, max_score) - max_pods)"
20,0.035148315,"min((((((max_time + (max_score / pods_collected)) * sqrt(time ^ -1.1122402)) * pods_collected) * 3.2893355) - 2.2163475) - max_pods, max_score)"
