Complexity,Loss,Equation
1,0.14100757,"max_score"
3,0.12448059,"(max_score + -135.9999)"
5,0.10230324,"(max_score - (time ^ 1.2163033))"
7,0.09115812,"(max_score - ((time ^ 2.372467) / max_time))"
8,0.08496583,"((max_score / 2.8502493) * exp(pods_collected / max_pods))"
9,0.0786675,"(((max_score - 1815.2542) * (pods_collected / max_pods)) - -1691.9963)"
10,0.06570168,"(((max_score * 0.36864436) - time) * exp(pods_collected / max_pods))"
12,0.059780095,"(((max_score * exp(pods_collected / max_pods)) / 2.688507) - (time ^ 1.222747))"
13,0.054552913,"(((max_score * exp(pods_collected / max_pods)) / exp(time / max_time)) / 1.9281473)"
14,0.05057216,"(((max_score * exp(pods_collected / max_pods)) / 2.719206) - ((time ^ 2.3439348) / max_time))"
15,0.04106182,"(((max_score * exp(pods_collected / max_pods)) / exp((time - -30.647295) / max_time)) / 1.834528)"
17,0.035665523,"(((max_score * exp((pods_collected + -2.3041267) / (max_pods / 1.1357602))) / exp(time / max_time)) / 2.1322098)"
19,0.03418179,"((((max_score + -121.0024) * exp(pods_collected / (max_pods / 1.1528634))) / (exp(time / max_time) * 1.4142821)) / 1.5663577)"
20,0.025098912,"((max_score * exp((pods_collected + -2.0973341) / (max_pods / 1.1246198))) / exp(exp((time / max_time) ^ 1.7093706) ^ 0.66899526))"
22,0.02431326,"((max_score * exp((pods_collected + -2.0531037) / (max_pods / 1.125372))) / exp(exp(((time / max_time) * 0.8723598) ^ 1.6973767) ^ 0.8154039))"
24,0.01901391,"((max_score * exp((pods_collected + -2.2425575) / (max_pods / 1.1534615))) / (exp(exp((time / max_time) * 0.6888708) - min(0.26833886, time)) * 1.1282665))"
26,0.018803142,"((max_score * exp((pods_collected + -2.2650688) / (max_pods / 1.1534529))) / (exp(exp((time / max_time) * 0.69199353) - min(0.2826386, time / max_time)) * 1.1402196))"
28,0.018142376,"((max_score * exp((pods_collected + -2.198731) / (max_pods / 1.1366599))) / (exp(exp(((time / max_time) * 0.6778516) ^ 0.8918941) - min(0.31922457, time / max_time)) * 1.1131064))"
30,0.017714193,"((max_score * exp((pods_collected + -2.2293785) / (max_pods / 1.14233))) / (exp(exp(((time / max_time) * 0.68174887) ^ 0.9182593) - min(0.3141281, time / (max_time + pods_collected))) * 1.1248462))"
