Complexity,Loss,Equation
1,0.14100757,"max_score"
3,0.12448059,"(max_score - 135.99988)"
5,0.10230321,"(max_score - (time ^ 1.2163007))"
7,0.09115807,"(max_score - ((time ^ 2.37247) / max_time))"
8,0.08496586,"(exp(pods_collected / max_pods) / (2.8502495 / max_score))"
9,0.07530394,"(max_score / min(max_pods / (pods_collected - 2.054277), 1.817079))"
10,0.071026325,"((max_score - (time ^ 1.2163007)) / sqrt(max_pods / pods_collected))"
11,0.061130594,"((max_score - (time ^ 1.2163004)) / min(max_pods / pods_collected, 1.7126775))"
12,0.058384858,"(((pods_collected / max_pods) + 0.401769) / (exp(time / max_time) / max_score))"
13,0.051868502,"((max_score - ((time ^ 2.3490446) / max_time)) / min(max_pods / pods_collected, 1.752313))"
14,0.040068552,"min(((pods_collected / max_pods) + 0.40979338) / (exp(time / max_time) / max_score), max_score)"
15,0.035619512,"min((exp(pods_collected / max_pods) / (exp(time / max_time) / max_score)) * 0.52271295, max_score)"
16,0.028008595,"min((((pods_collected / max_pods) ^ 1.5348951) + 0.44351) / (exp(time / max_time) / max_score), max_score)"
17,0.024111805,"(min((exp(pods_collected / max_pods) / (exp(time / max_time) / max_score)) * 0.52518237, max_score) + -91.229065)"
18,0.016765682,"min((((((pods_collected + -2.7010932) / max_pods) ^ 1.5081385) + 0.48413983) / exp(time / max_time)) * max_score, max_score)"
20,0.015828535,"min(((min((pods_collected + -2.7011862) / max_pods, 0.95411783) ^ 1.5546317) + 0.49138892) / (exp(time / max_time) / max_score), max_score)"
22,0.013862592,"min(((((pods_collected + -2.9279172) / max_pods) ^ 1.4666419) + 0.49643075) / ((exp(time / (max_time - max_pods)) ^ 0.90024245) / max_score), max_score)"
23,0.012816809,"min(((((pods_collected + -3.4961207) / max_pods) ^ 1.607663) + 0.54642886) / (exp(time / ((max_time - max_pods) + exp(3.4677076))) / max_score), max_score)"
24,0.0117407525,"min(((((pods_collected - 3.4326203) / max_pods) ^ 1.527537) + 0.5176208) / ((exp(time / ((max_time - max_pods) + 23.58918)) ^ 0.95119673) / max_score), max_score)"
25,0.011337553,"min(((((pods_collected - 3.5170503) / max_pods) ^ 1.6014678) + 0.5335008) / (exp(time / ((max_time - max_pods) + (log(max_score) / 0.19734892))) / max_score), max_score)"
26,0.011286579,"min(((((pods_collected - 3.4647043) / max_pods) ^ 1.5519451) + 0.5154794) / ((exp(time / ((max_time - max_pods) + (3.4542265 / 0.12044623))) ^ 0.95748746) / max_score), max_score)"
27,0.010717062,"min((min((((pods_collected - 3.4647043) / max_pods) ^ 1.5895972) + 0.53568494, 1.4610773) / exp(time / ((max_time - max_pods) + (log(pods_collected) / 0.0900296)))) * max_score, max_score)"
29,0.010276124,"min(min((((pods_collected - 3.4790223) / max_pods) ^ 1.5265188) + 0.4875641, 1.4143908) / ((exp(time / ((max_time - max_pods) + (log(max_pods) / 0.091601595))) * 0.9666815) / max_score), max_score)"
30,0.010264563,"min(min((((pods_collected - 3.479051) / max_pods) ^ 1.5264612) + sqrt(0.23722844), 1.4143908) / ((exp(time / ((max_time - max_pods) + (log(max_pods) / 0.091993965))) * 0.9662429) / max_score), max_score)"
