Complexity,Loss,Equation
1,1872.4366,"5667.417"
3,227.75719,"(0.49871537 * max_score)"
5,221.87938,"((0.2915097 * max_score) ^ 1.059754)"
7,127.43798,"((0.383237 + (pods_collected / time)) * max_score)"
9,104.72357,"((0.3162246 + ((pods_collected ^ 1.1161509) / time)) * max_score)"
11,91.25582,"((0.086790904 - (-0.46971577 * (pods_collected / time))) * (max_score ^ 1.124437))"
13,54.827137,"((0.2602491 - ((pods_collected / time) * ((max_time / max_pods) * -0.23045057))) * max_score)"
15,40.289093,"((0.2472513 - ((pods_collected / (time + 89.58583)) * ((max_time / max_pods) * -0.29985178))) * max_score)"
17,35.89651,"((0.2515003 - ((pods_collected / (time + 87.957054)) * (((max_time + pods_collected) / max_pods) * -0.27604625))) * max_score)"
19,31.839241,"((0.26654875 + ((pods_collected / (time + pods_collected)) * (((max_time + (pods_collected ^ 1.4098246)) / max_pods) * 0.18784717))) * max_score)"
21,28.716011,"(((0.20707692 - (-9.482649 / time)) + ((pods_collected / (time + 167.73547)) * (((max_time + pods_collected) / max_pods) * 0.33942583))) * max_score)"
23,26.16937,"(((0.22033551 - (-9.319115 / time)) - ((pods_collected / (time + 162.81636)) * (((max_time + (pods_collected / 0.3069287)) / max_pods) * -0.28154454))) * max_score)"
25,25.605629,"((((0.22153069 - (-9.318153 / time)) - ((pods_collected / (time + 162.81607)) * (((max_time + (pods_collected / 0.22897041)) / max_pods) * -0.28378674))) * max_score) - time)"
27,24.942373,"((((0.22153069 - (-9.318153 / time)) - (((pods_collected / (time + 162.81607)) * (((max_time + (pods_collected / 0.30888852)) / max_pods) * -0.28378674)) / 0.94458485)) * max_score) - time)"
