Complexity,Loss,Equation
1,0.14102241,"max_score"
3,0.13057443,"(max_score - 135.99947)"
5,0.117793866,"((max_score / max_pods) * pods_collected)"
6,0.1018242,"(max_score * sqrt(pods_collected / max_pods))"
7,0.08404571,"(max(pods_collected / max_pods, 0.40542322) * max_score)"
8,0.082871184,"(max_score / min(max_pods / pods_collected, log10(max_pods)))"
9,0.07536533,"(max(pods_collected / max_pods, 0.5591072) * (max_score + -119.73131))"
10,0.07401776,"((max_score + -114.002495) / min(max_pods / pods_collected, log10(max_pods)))"
11,0.07163174,"(max(pods_collected / max_pods, 0.58080906) * (max_score - (time ^ 1.212048)))"
12,0.06848694,"(sqrt(pods_collected / max_pods) * (max_score - ((time ^ 2.3560145) / max_time)))"
13,0.057132,"(max(pods_collected / max_pods, 0.57229054) * (max_score - ((time ^ 2.3447978) / max_time)))"
15,0.048077535,"(max(pods_collected / max_pods, 0.3950473) * (max_score - (((time ^ 2.3924208) / max_time) - max_time)))"
17,0.047989745,"(max(pods_collected / max_pods, 0.3950472) * (max_score - (((time ^ 2.392455) / (max_time + 1.4713542)) - max_time)))"
18,0.046307027,"((max(pods_collected / max_pods, log10(2.4454718)) * (max_score - (((time - max_pods) ^ 2.4621902) / max_time))) + time)"
19,0.044463918,"((max(pods_collected / max_pods, log10(log(pods_collected))) * (max_score - (((time - max_pods) ^ 2.4621902) / max_time))) + time)"
21,0.043353025,"((max(pods_collected / max_pods, log10(log(pods_collected + -3.368467))) * (max_score - (((time - max_pods) ^ 2.4621189) / max_time))) + time)"
23,0.042812936,"((max(pods_collected / max_pods, log10(log((pods_collected - 1.0991341) + -3.368467))) * (max_score - (((time - max_pods) ^ 2.4621189) / max_time))) + time)"
25,0.041861914,"((max(pods_collected / max_pods, log10(log((pods_collected - 2.462189) + -3.3638465) / 0.9474367)) * (max_score - (((time - max_pods) ^ 2.462189) / max_time))) + time)"
27,0.041596703,"((max(pods_collected / max_pods, log10(log((pods_collected - 2.462189) + -3.3638465) / 0.9474367)) * (max_score - ((((time - max_pods) ^ 2.462189) + max_score) / max_time))) + time)"
