Complexity,Loss,Equation
1,1.0130336e6,"max_score"
2,100982.805,"1656.0105"
4,78871.2,"(tanh(pod_ratio) * max_score)"
5,72852.64,"(sqrt(pod_ratio) * 1868.2075)"
6,46489.918,"((pod_ratio ^ time_ratio) * 1894.7488)"
7,1756.0166,"((pod_ratio / exp(time_ratio)) * 3768.0574)"
9,1559.6182,"(((pod_ratio / exp(time_ratio)) * 3345.9524) + max_time)"
10,741.90894,"(((pod_ratio - -0.08885559) / exp(time_ratio)) * 3391.305)"
12,490.22586,"(((pod_ratio - (-0.032013122 / pod_ratio)) / exp(time_ratio)) * 3582.3496)"
13,283.07928,"(((pod_ratio - (-0.014161051 / square(pod_ratio))) / exp(time_ratio)) * 3654.8174)"
15,191.75377,"(((pod_ratio - (-0.00617942 / (square(pod_ratio) * pod_ratio))) / exp(time_ratio)) * 3697.045)"
16,0.5749121,"(((pod_ratio - -4.246548) / exp(time_ratio)) * (square(square(exp(1.3948303))) * exp(pod_ratio)))"
19,0.07708368,"(((pod_ratio - -3.0520618) / exp(time_ratio)) * (46.41729 + (square(square(exp(1.4467694))) * exp(pod_ratio))))"
21,0.07496462,"(((pod_ratio - -3.0528152) / exp(time_ratio)) * ((46.42606 + (square(square(exp(1.4464363))) * exp(pod_ratio))) + pod_ratio))"
22,0.074547276,"((((pod_ratio - -3.0520618) / exp(time_ratio)) * (46.41729 + (square(square(exp(1.4467694))) * exp(pod_ratio)))) - 0.036900748)"
23,0.050555,"((((pod_ratio - -3.0521147) / exp(time_ratio)) * (46.417355 + (square(square(exp(1.4467465))) * exp(pod_ratio)))) + (pod_ratio ^ max_pods))"
24,0.046561766,"((((pod_ratio - -3.0521147) / exp(time_ratio)) * (46.417355 + (square(square(exp(1.4467465))) * exp(pod_ratio)))) + tanh(pod_ratio ^ max_pods))"
25,0.028055746,"((((pod_ratio - -3.0566728) / exp(time_ratio)) * (46.3766 + (square(square(exp(1.4464048))) * exp(pod_ratio)))) + (pod_ratio ^ (max_pods ^ time_ratio)))"
26,0.02668999,"((((pod_ratio - -3.0540621) / exp(time_ratio)) * (46.43504 + (square(square(exp(1.4465898))) * exp(pod_ratio)))) + (tanh(pod_ratio ^ max_pods) ^ time_ratio))"
28,0.026186349,"((((pod_ratio - -3.0540621) / exp(time_ratio)) * (46.43504 + (square(square(exp(1.4465898))) * exp(pod_ratio)))) + (((pod_ratio ^ max_pods) ^ sqrt(pod_ratio)) ^ time_ratio))"
