Complexity,Loss,Equation
1,0.16866702,"3788.0002"
3,0.16564147,"(3763.9246 + pods_collected)"
4,0.15233535,"(log(pods_collected) * 1186.041)"
5,0.1202449,"(exp(sqrt(pods_collected)) + 3367.225)"
6,0.10780843,"(3429.8152 + exp(0.12414691 * pods_collected))"
7,0.105167955,"((exp(sqrt(pods_collected)) - time) + 3524.5012)"
8,0.09678098,"((3783.314 - time) + exp(0.12400791 * pods_collected))"
9,0.09087018,"(((3672.5679 - time) + exp(sqrt(pods_collected))) - time)"
10,0.06742045,"((exp(sqrt(pods_collected)) + 4034.3838) - (log(max_pods) * time))"
11,0.06208795,"((exp(sqrt(pods_collected)) + 3985.957) - (sqrt(sqrt(time)) * time))"
12,0.057815745,"((exp(sqrt(pods_collected)) + 3864.4172) - (exp(sqrt(sqrt(time))) ^ 1.6687456))"
14,0.05630395,"(((exp(sqrt(pods_collected)) / 0.8931056) + 3864.4172) - (exp(sqrt(sqrt(time))) ^ 1.6829077))"
16,0.045917988,"(((3457.682 + (pods_collected / 0.051797103)) - (exp(sqrt(sqrt(time))) ^ 1.7322702)) + exp(sqrt(pods_collected)))"
18,0.040177405,"(((3457.682 + (pods_collected / 0.046258375)) - (exp(sqrt(sqrt(time))) ^ 1.7242452)) + (exp(sqrt(pods_collected)) / 1.2374511))"
20,0.040164985,"(((3457.682 + ((pods_collected / 0.046258375) + -1.9976383)) - (exp(sqrt(sqrt(time))) ^ 1.7242452)) + (exp(sqrt(pods_collected)) / 1.2374511))"
