Complexity,Loss,Equation
1,4.5093745e6,"7205.46"
3,4.4480285e6,"(7165.838 + pods_collected)"
4,1.8937544e6,"(square(pods_collected) + 5242.928)"
5,1.6273112e6,"(exp(sqrt(pods_collected)) - -5839.7583)"
6,1.5631536e6,"(square(pods_collected) - (-5527.989 + time))"
7,1.1480921e6,"(sqrt(tanh(pods_collected / time)) * 19107.111)"
8,454467.75,"((square(pods_collected) - (time ^ 1.313733)) - -7014.397)"
9,124506.38,"(((pods_collected * 129.35399) - -5521.942) - (11.997255 * time))"
11,124506.18,"((((pods_collected * 129.3512) - -31044.557) - (11.9969225 * time)) + -25522.584)"
12,118223.97,"((5819.288 + square(pods_collected - -18.237196)) - square(sqrt(time ^ 1.3614852)))"
13,112656.766,"((((pods_collected * 132.60551) - -5541.322) - (12.454358 * time)) - (max_time / time))"
14,112553.5,"((((pods_collected * 132.62285) - -5535.319) - (12.446596 * time)) - (max_time / square(time)))"
15,107575.9,"((5500.183 + square((pods_collected - -18.496136) - exp(time * 0.0041221874))) - (time ^ 1.2984716))"
