Complexity,Loss,Equation
1,5057.5713,"max_time"
2,3409.5671,"4199.4844"
3,2032.458,"(pod_ratio * max_score)"
4,1019.59216,"(max_score * 0.46172917)"
6,695.9965,"(max_score / exp(time_ratio ^ pod_ratio))"
7,590.91296,"((pod_ratio * max_score) / (time_ratio + pod_ratio))"
8,412.78198,"(max_score / exp(sqrt(exp(time_ratio)) - pod_ratio))"
9,339.46927,"((max_score / exp(time_ratio - pod_ratio)) * 0.4763767)"
10,308.11243,"((max_score / exp(tanh(time_ratio) - pod_ratio)) * 0.45184305)"
11,244.52579,"(max_score / exp(time_ratio - tanh(log(pod_ratio + 0.2994363))))"
12,193.6895,"((max_score / (exp(time_ratio) * (0.30132952 ^ pod_ratio))) * 0.43661773)"
14,180.50117,"min((max_score / (exp(time_ratio) * (0.3012849 ^ pod_ratio))) * 0.43658796, max_score)"
16,180.40605,"(min((max_score / (exp(time_ratio) * (0.3012404 ^ pod_ratio))) * 0.436598, max_score) - pod_ratio)"
17,180.18715,"min(((max_score / (exp(time_ratio) * (0.3013092 ^ pod_ratio))) * 0.43682066) - 2.6666756, max_score)"
18,179.89742,"min(((max_score / (exp(time_ratio) * (0.30130917 ^ pod_ratio))) * 0.43661112) + (pod_ratio ^ max_time), max_score)"
19,179.59543,"min(((max_score / (exp(time_ratio) * (0.30130917 ^ pod_ratio))) * 0.43661112) + (pod_ratio ^ 2139.9426), max_score)"
21,179.5014,"(min(((max_score / (exp(time_ratio) * (0.3012404 ^ pod_ratio))) * 0.436598) + (pod_ratio ^ 2139.9426), max_score) - pod_ratio)"
22,176.30763,"min(((max_score / (exp(time_ratio) * (0.30102274 ^ pod_ratio))) * 0.43632853) - (max_score * (exp(-0.18981051) ^ max_pods)), max_score)"
23,176.24387,"(min((max_score / (exp(time_ratio) * (0.30102256 ^ pod_ratio))) * 0.4363287, max_score) - (max_score * (sqrt(exp(-0.37525752)) ^ max_pods)))"
24,175.7091,"min(((max_score / (exp(time_ratio) * (0.30102274 ^ pod_ratio))) * 0.43632853) - (max_score * ((exp(-0.36917865) ^ max_pods) * max_pods)), max_score)"
26,175.6181,"min(((max_score / (exp(time_ratio) * (0.30102274 ^ pod_ratio))) * 0.43632853) - (max_score * ((exp(-0.36917865) ^ max_pods) * exp(2.6666756))), max_score)"
27,175.40633,"min(((max_score / (exp(time_ratio) * (0.30102274 ^ pod_ratio))) * 0.43632853) - (max_score * ((sqrt(exp(-0.74935657)) ^ (max_pods - pod_ratio)) * max_pods)), max_score)"
28,175.40224,"min(((max_score / (exp(time_ratio) * (0.30102274 ^ pod_ratio))) * 0.43632853) - (max_score * tanh((sqrt(exp(-0.74935657)) ^ (max_pods - pod_ratio)) * max_pods)), max_score)"
