Complexity,Loss,Equation
1,0.14102241,"max_score"
3,0.13057443,"(max_score - 135.9999)"
5,0.117793866,"((max_score / max_pods) * pods_collected)"
6,0.1018242,"(sqrt(pods_collected / max_pods) * max_score)"
7,0.08404571,"(max_score / min(max_pods / pods_collected, 2.4665585))"
9,0.07536427,"((-115.77619 + max_score) / min(max_pods / pods_collected, 1.7890178))"
10,0.075356014,"((max_score + -114.0085) / min(max_pods / pods_collected, sqrt(3.2037454)))"
11,0.07155873,"((max_score - (time ^ 1.2149944)) / min(max_pods / pods_collected, 1.7131466))"
13,0.056617137,"(((max_score - (time ^ 1.403409)) / (max_pods / pods_collected)) + (max_time ^ 1.1746429))"
15,0.038909074,"(((max_score - (time ^ 1.4147271)) / (max_pods / (pods_collected + -6.173864))) + (max_time ^ 1.228795))"
17,0.03134254,"min(max_score, ((max_score - (time ^ 1.4250727)) / (max_pods / (pods_collected + -7.417735))) + (max_time ^ 1.2521378))"
18,0.031230222,"min(max_score, ((max_score - (time ^ sqrt(2.0304866))) / (max_pods / (pods_collected + -7.0555863))) + (max_time ^ 1.2503003))"
19,0.026015162,"min(max_score, ((max_score - ((time ^ 1.4184343) + 195.0104)) / (max_pods / (pods_collected + -7.420062))) + (max_time ^ 1.2487146))"
21,0.023654567,"min(max_score, ((((max_score - (time ^ 1.4158777)) - max_time) / (max_pods / (pods_collected + -8.64411))) + (max_time ^ 1.2414824)) / 0.93530315)"
23,0.021667298,"min(max_score, ((((max_score - (time ^ 1.4154098)) - max_time) / (max_pods / (pods_collected + -8.256278))) + ((max_time + -8.2562685) ^ 1.2503872)) / 0.94704384)"
25,0.021011014,"min(max_score, ((((max_score - (time ^ 1.4200959)) - max_time) / (max_pods / (pods_collected + (-8.254512 * 1.0803208)))) + ((max_time + -8.254525) ^ 1.253593)) / 0.93564355)"
27,0.020828057,"min(max_score, ((((max_score - (time ^ 1.4181442)) - max_time) / (max_pods / (pods_collected + (-8.254145 * 1.0737056)))) + (((max_time + -8.254145) ^ 1.2478713) + max_pods)) / 0.9397425)"
29,0.020822214,"min(max_score, ((((max_score - (time ^ 1.4181442)) - max_time) / (max_pods / (pods_collected + ((-8.254145 - 0.009660033) * 1.0737056)))) + (((max_time + -8.254145) ^ 1.2478713) + max_pods)) / 0.9397425)"
