Complexity,Loss,Equation
1,850259.1,"4228.385"
3,801463.75,"(time + 3956.904)"
4,608017.2,"(sqrt(pods_collected) * 701.556)"
5,337419.16,"((pods_collected ^ 1.842633) - -3309.8518)"
6,175085.25,"(sqrt(pods_collected) * (1029.9412 - time))"
8,166554.89,"(sqrt(pods_collected + 0.64963764) * (1023.44305 - time))"
9,57539.523,"(square(pods_collected - square(time * -0.010471475)) - -3371.1929)"
11,26472.076,"(square((pods_collected + 9.200744) - square(time * 0.011572936)) - -2961.9321)"
12,26471.988,"(square((pods_collected + 9.200744) - square(time * tanh(0.011572936))) - -2961.9321)"
13,19311.19,"((square((pods_collected - -7.9415226) - square(time * 0.010457617)) - time) - -3141.1284)"
14,19310.95,"((square((pods_collected - -7.9415226) - square(time * tanh(0.010457617))) - time) - -3141.1284)"
15,17046.445,"(((square((pods_collected - -21.571455) - square(time * 0.010426257)) * 0.72031534) - -2695.8167) - time)"
17,12035.684,"((((square((pods_collected - -19.554598) - square(time * -0.009340591)) * 0.74762404) - -2883.6572) - time) - time)"
19,11983.19,"(((((square((pods_collected - -19.554598) - square(time * -0.009340587)) - -19.554598) * 0.74762404) - -2883.6572) - time) - time)"
