Complexity,Loss,Equation
1,850258.75,"4228.5635"
3,801463.2,"(3956.7742 + time)"
4,608016.9,"sqrt(492130.66 * pods_collected)"
5,337419.1,"((pods_collected ^ 1.8425621) - -3310.8528)"
6,175085.17,"(sqrt(pods_collected) * (1029.9269 - time))"
8,139496.72,"(sqrt(pods_collected) * ((pods_collected - time) + 983.9375))"
9,116398.73,"(((pods_collected / 0.011934602) - (time * 8.270732)) - -3106.3608)"
10,67979.14,"((sqrt((max_time - time) ^ 1.2125461) + pods_collected) * max_pods)"
11,18092.875,"(((time - (time * 8.164829)) + (pods_collected / 0.012027696)) - -3108.644)"
12,18092.693,"(((time - (time * 8.164829)) + (pods_collected / tanh(0.012027698))) - -3108.644)"
13,15027.376,"min(((time - (time * 8.270732)) + (pods_collected / 0.011934602)) - -3108.644, max_score)"
15,12893.8955,"min(max((time - (time * 8.891553)) + (pods_collected / 0.011210263), -2.3924103) - -3061.989, max_score)"
17,12879.59,"min(max((time - ((time * 8.891552) + -2.3924103)) + (pods_collected / 0.011212822), -2.3924103) - -3061.989, max_score)"
18,11760.927,"min(max((square(-15.401042) + (pods_collected - (time * 8.396737))) + (pods_collected / 0.011110139), -1.7277981) - -2905.3323, max_score)"
19,10198.197,"min((max(((time + time) - (time * 8.891553)) + (pods_collected / 0.011210263), 1.2775531) - time) - -3061.989, max_score)"
