Complexity,Loss,Equation
1,79960.04,"max_score"
2,13978.065,"520.1219"
4,5868.049,"(max_score / exp(time_ratio))"
5,3599.6404,"(855.7543 / exp(time_ratio))"
7,139.96387,"(338.32483 * exp(pod_ratio - time_ratio))"
8,139.9637,"((338.3217 * exp(pod_ratio)) / exp(time_ratio))"
9,123.24971,"(((901.76514 * pod_ratio) / exp(time_ratio)) + max_pods)"
10,107.00891,"(340.26862 / exp(time_ratio - (pod_ratio ^ 1.1259578)))"
11,99.117294,"((296.49817 / exp(time_ratio)) * (exp(1.1397368) ^ pod_ratio))"
12,99.11722,"((296.36862 * exp(pod_ratio * sqrt(1.3000599))) / exp(time_ratio))"
13,93.81076,"(((275.3186 / exp(time_ratio)) * exp(pod_ratio * 1.1902593)) + max_pods)"
15,91.79798,"(((295.52985 / exp(time_ratio)) * exp(pod_ratio * 1.1192844)) + (max_pods ^ pod_ratio))"
16,91.51622,"(((288.74814 / exp(pod_ratio / -0.8770615)) / exp(time_ratio)) + exp(exp(sqrt(pod_ratio))))"
17,76.738014,"(((354.7128 - (-67.584015 * time_ratio)) * exp(pod_ratio - time_ratio)) + (max_time * -0.45809123))"
19,76.613335,"((((354.29715 - (-68.17907 * time_ratio)) * exp(pod_ratio - time_ratio)) + (max_time * -0.4537875)) - time_ratio)"
20,75.278336,"((((354.7128 - (-67.584015 * time_ratio)) - fise(pod_ratio)) * exp(pod_ratio - time_ratio)) + (max_time * -0.4580993))"
22,74.38111,"((((356.52942 - fise(pod_ratio)) - (-70.22063 * time_ratio)) * exp(pod_ratio - time_ratio)) - ((16.891449 / max_time) * max_score))"
25,73.62847,"((((((192.53127 - (-71.88754 * time_ratio)) + max_time) - fise(pod_ratio)) * exp(pod_ratio - time_ratio)) - thse(pod_ratio)) + (max_time * -0.49614418))"
27,73.628456,"((((((192.53127 - (-71.88754 * time_ratio)) + max_time) - fise(pod_ratio)) * exp(pod_ratio - time_ratio)) - (thse(pod_ratio) * pod_ratio)) + (max_time * -0.4961435))"
28,73.43106,"((((((192.5356 - (-71.88257 * time_ratio)) + max_time) - thse(pod_ratio)) * exp(pod_ratio - time_ratio)) - thse(pod_ratio)) + ((max_time + fise(pod_ratio)) * -0.4961449))"
30,72.95459,"(((((((192.5356 - (-71.88256 * time_ratio)) + max_time) - thse(pod_ratio)) - thse(pod_ratio)) * exp(pod_ratio - time_ratio)) - sqrt(fifo(-0.39289626))) + (max_time * -0.49614418))"
