Complexity,Loss,Equation
1,3262.9849,"13074.938"
3,3208.3628,"(12482.529 + time)"
5,1806.0385,"((1.0762126 ^ pods_collected) + 11260.038)"
7,1796.8611,"((11259.583 + (1.0760802 ^ pods_collected)) + pods_collected)"
9,974.96954,"(((pods_collected ^ 1.9702134) + 14222.22) - (time * 7.876798))"
10,421.8261,"(((pods_collected - -144.80766) ^ 1.8399642) - (time * sqrt(pods_collected)))"
12,348.78607,"(((pods_collected - -146.65721) ^ 1.8466228) - ((max_pods + time) * sqrt(pods_collected)))"
14,293.04367,"min(((pods_collected - -146.68474) ^ 1.8467188) - ((time + max_pods) * sqrt(pods_collected)), max_score)"
16,252.26555,"min(((pods_collected - -146.6847) ^ 1.8558315) - ((max_pods + (max_pods + time)) * sqrt(pods_collected)), max_score)"
18,237.8017,"min((((pods_collected - -146.68471) ^ 1.8545889) - ((max_pods + (max_pods + time)) * sqrt(pods_collected))) - -146.68471, max_score)"
19,237.45665,"min(((pods_collected - (-146.41272 + sqrt(pods_collected))) ^ 1.8700392) - ((max_pods + (max_pods + time)) * sqrt(pods_collected)), max_score)"
20,237.44296,"min((((pods_collected - -146.6847) ^ 1.8545889) - ((max_pods + ((max_pods - -0.99553376) + time)) * sqrt(pods_collected))) - -146.68471, max_score)"
