Complexity,Loss,Equation
1,896.6,"max_score"
3,896.3498,"(max_score - 2.0639699)"
5,852.9296,"(max_score * (pods_collected / max_pods))"
6,816.25275,"(max_score - exp(time / pods_collected))"
7,726.35706,"min((max_score ^ 1.6367527) / time, max_score)"
9,649.2289,"(max_score ^ tanh(sqrt(max_score * pods_collected) / time))"
10,612.57794,"(tanh(((time ^ -2.259718) * pods_collected) * max_score) * max_score)"
11,567.01556,"min((((max_score * pods_collected) ^ 1.4262737) / max_pods) / time, max_score)"
13,563.33307,"min((((max_score * pods_collected) ^ 1.4275366) / max_pods) / (time - -12.892549), max_score)"
15,552.8396,"min((((max_score * pods_collected) ^ 1.4260827) / min(max_pods, 1.257457 ^ pods_collected)) / time, max_score)"
16,552.8021,"min((((max_score * pods_collected) ^ 1.4261546) / min(max_pods, pods_collected / exp(-0.89511424))) / time, max_score)"
17,548.357,"min((((max_score * pods_collected) ^ 1.4275366) / min(max_pods, pods_collected / 0.43682387)) / (time - -12.892549), max_score)"
19,548.2557,"min((((max_score * pods_collected) ^ 1.4275366) / min(max_pods - 0.13167156, pods_collected / 0.43682387)) / (time - -12.892549), max_score)"
20,548.01196,"min((((max_score * pods_collected) ^ 1.4274231) / (min(max_pods, pods_collected / exp(-0.833851)) + -0.4782091)) / (time - -13.795667), max_score)"
