Complexity,Loss,Equation
1,1865.807,"8341.008"
3,1821.4875,"(time - -7924.3066)"
4,1364.7174,"(sqrt(pods_collected) * 974.3808)"
5,1032.9329,"((133.37437 + pods_collected) * 40.601593)"
7,918.6029,"(((124.805916 + pods_collected) * 44.576527) - time)"
8,907.2819,"(((max_pods + pods_collected) - sqrt(time)) * 44.183056)"
9,236.07591,"(((87.312035 + pods_collected) * 75.62381) - (time * 8.590123))"
11,224.11183,"min(((85.890976 + pods_collected) * 76.98411) - (time * 8.8207245), max_score)"
13,219.14131,"min(((83.77703 + pods_collected) * 77.80359) - (time * min(pods_collected, 8.818781)), max_score)"
14,197.37299,"(((pods_collected + 61.737965) * (108.26034 + -19.584578)) - (time * sqrt(min(83.16355, pods_collected))))"
16,181.05157,"min(((pods_collected + 61.737965) * (108.26034 + -19.584578)) - (time * sqrt(min(83.16355, pods_collected))), max_score)"
18,178.59488,"min(((pods_collected + 61.828342) * (119.15341 + -29.7244)) - (time * sqrt(min(83.73449, pods_collected) - -3.8020146)), max_score)"
