Complexity,Loss,Equation
1,0.4853144,"max_score"
3,0.19726689,"(max_score * 0.51812613)"
5,0.1934962,"(max_score / min(1.9360751, time))"
6,0.15295513,"(max_score / exp(0.9915917 ^ pods_collected))"
7,0.13389722,"(max_score / (2.4788218 - (pods_collected / max_pods)))"
8,0.1338972,"(max_score / (sqrt(6.14468) - (pods_collected / max_pods)))"
9,0.12348018,"((max_score / (2.410029 - (pods_collected / max_pods))) - time)"
11,0.107674584,"((max_score / (2.2430897 - (pods_collected / max_pods))) - (time ^ 1.2079626))"
12,0.06334249,"((max_score * (0.32789582 + (pods_collected / max_pods))) / exp(time / max_time))"
13,0.061522294,"((max_score / exp(0.7296385 - (pods_collected / max_pods))) / exp(time / max_time))"
14,0.051151548,"((max_score / (1.5488747 - (pods_collected / max_pods))) / (exp(time / max_time) - -0.3932537))"
15,0.033856697,"((max_score / (exp(0.6907576 - (pods_collected / max_pods)) ^ 1.1996104)) / exp(time / max_time))"
17,0.032273524,"min((max_score / (exp(0.6907508 - (pods_collected / max_pods)) ^ 1.1996964)) / exp(time / max_time), max_score)"
18,0.032273512,"min((max_score / (exp(0.6907484 - (pods_collected / max_pods)) ^ sqrt(1.439098))) / exp(time / max_time), max_score)"
19,0.032202087,"min(((max_score / (exp(0.6903418 - (pods_collected / max_pods)) ^ 1.1993215)) + -5.1067657) / exp(time / max_time), max_score)"
20,0.032196213,"min(((max_score / (exp(0.6902269 - (pods_collected / max_pods)) ^ 1.199029)) - log(max_time)) / exp(time / max_time), max_score)"
21,0.032142397,"min(((max_score / (exp(0.6901681 - (pods_collected / max_pods)) ^ 1.1986483)) - (max_time / max_pods)) / exp(time / max_time), max_score)"
23,0.031590227,"min(((max_score / (exp(0.69035536 - (pods_collected / max_pods)) ^ 1.1987897)) - (max_time / (max_pods + -12.7251005))) / exp(time / max_time), max_score)"
24,0.030911272,"min(((max_score / (exp(0.69063234 - (pods_collected / max_pods)) ^ 1.1987426)) - (exp(max_time / max_pods) / max_score)) / exp(time / max_time), max_score)"
26,0.030853577,"min(((max_score / (exp(0.6906872 - (pods_collected / max_pods)) ^ 1.1991764)) - min(exp(max_time / max_pods) / max_score, time)) / exp(time / max_time), max_score)"
28,0.030246682,"min(((max_score / (exp(0.6907373 - (pods_collected / max_pods)) ^ 1.1990092)) - (min(exp(max_time / max_pods) / max_score, time) ^ 1.1074715)) / exp(time / max_time), max_score)"
30,0.030235268,"min((((max_score / (exp(0.6903418 - (pods_collected / max_pods)) ^ 1.1993215)) - 5.3131847) - (min(exp(max_time / max_pods) / max_score, time) ^ 1.1074715)) / exp(time / max_time), max_score)"
