Complexity,Loss,Equation
1,100723.45,"max_score"
2,13943.838,"482.42493"
4,6586.7134,"(max_score / exp(time_ratio))"
5,5451.5547,"(347.7552 / sqrt(time_ratio))"
6,4980.696,"(max_score / exp(time_ratio ^ pod_ratio))"
7,121.04373,"(339.58063 / exp(time_ratio - pod_ratio))"
8,121.0437,"((339.58896 * exp(pod_ratio)) / exp(time_ratio))"
9,82.21362,"((348.96985 / exp(time_ratio - pod_ratio)) - max_pods)"
10,10.187926,"(((3.458357 ^ pod_ratio) / 0.0036951527) / exp(time_ratio))"
12,0.14156824,"(max_score / exp((1.0128651 + time_ratio) + (pod_ratio * -1.2016519)))"
14,0.117305495,"(max_score / exp(((pod_ratio ^ -0.008185145) + time_ratio) + (pod_ratio * -1.1882014)))"
15,0.016148796,"(max_score / exp(((tanh(max_pods) - -0.013545517) + time_ratio) + (pod_ratio * -1.2016519)))"
17,0.0031111124,"((max_score - time_ratio) / exp(((tanh(max_time) - -0.012722798) + time_ratio) + (pod_ratio * -1.2014427)))"
19,0.0014548769,"(((max_score + max_time) - time_ratio) / exp(((tanh(max_time) - -0.18943307) + time_ratio) + (pod_ratio * -1.201522)))"
22,0.0014384917,"((((max_score + max_time) - time_ratio) - pod_ratio) / exp(((tanh(thse(max_time)) - -0.18938917) + time_ratio) + (pod_ratio * -1.2025536)))"
25,0.001373879,"((max_score / (exp((((tanh(max_score) / exp(tanh(max_pods))) ^ -0.010381156) + time_ratio) + (pod_ratio * -1.1997825)) - -0.0003524294)) - 0.5942382)"
