Complexity,Loss,Equation
1,2.8569518e7,"5831.195"
3,3.030421e6,"(0.505451 * max_score)"
5,2.8724182e6,"(max_score / min(time, 1.9845885))"
7,1.883318e6,"(((0.002104696 * pods_collected) + 0.38403875) * max_score)"
8,1.6386484e6,"((tanh(pods_collected / time) ^ 0.30182964) * max_score)"
9,1.5066138e6,"((((0.34511876 / max_pods) * pods_collected) + 0.32736123) * max_score)"
10,1.343928e6,"(((tanh(pods_collected / max_pods) ^ 4.219804) - -0.42570895) * max_score)"
11,1.1127604e6,"((((0.0036355206 * pods_collected) + (-0.00030303773 * time)) + 0.46032763) * max_score)"
12,1.1080218e6,"((tanh((2.8525813 / (209.29886 + time)) * pods_collected) + 0.29784867) * max_score)"
13,1.0623515e6,"min((((2.6399636 / (187.68727 + time)) * pods_collected) + 0.30219808) * max_score, max_score)"
14,451467.62,"((((pods_collected / max_pods) - -0.26995718) * tanh((0.39734837 / time) * max_time)) * max_score)"
16,293439.78,"(((((pods_collected / max_pods) - -0.43738583) * tanh((0.5338939 / time) * max_time)) * 0.7080591) * max_score)"
17,234841.86,"(((tanh((pods_collected / max_pods) ^ 1.8500705) - -0.39867887) * tanh((0.47770458 / time) * max_time)) * max_score)"
18,195447.23,"((((((pods_collected / max_pods) ^ 1.5804329) - -0.5868269) * tanh((0.5557661 / time) * max_time)) * 0.678759) * max_score)"
19,78280.95,"(((tanh((pods_collected / min(max_pods, 160.21707)) ^ 2.075201) - -0.4128137) * tanh((0.46651256 / time) * max_time)) * max_score)"
20,65100.312,"((((((pods_collected / min(max_pods, 164.53577)) ^ 1.5804329) - -0.5868269) * tanh((0.52256876 / time) * max_time)) * 0.678759) * max_score)"
21,54169.56,"((min(tanh((pods_collected / min(max_pods, 160.21707)) ^ 2.075201) - -0.4128137, time) * tanh((0.46651256 / time) * max_time)) * max_score)"
22,22945.652,"min((((((pods_collected / min(max_pods, 156.1392)) ^ 1.7223856) - -0.55776185) * tanh((0.5040878 / time) * max_time)) * 0.72389007) * max_score, max_score)"
24,22641.24,"min((((((pods_collected / min(max_pods, 156.1392)) ^ 1.7223856) - -0.55776185) * tanh((0.5040878 / (time - -1.9788944)) * max_time)) * 0.72389007) * max_score, max_score)"
26,11574.29,"(min(((((pods_collected / (max_pods + (1.8505124 / (219.97444 - max_pods)))) ^ 1.7190615) - -0.5489331) * tanh((0.50104475 / time) * max_time)) * 0.7377115, 0.99682134) * max_score)"
28,8412.911,"(min((((((pods_collected / (max_pods + (1.7683544 / (219.97607 - max_pods)))) ^ 1.6613718) - -0.5633857) * tanh((0.5119742 / time) * max_time)) * 0.72283626) * max_score, max_score) - 219.9761)"
30,7169.6704,"(min((((((pods_collected / (max_pods + (1.7684352 / (219.97581 - max_pods)))) ^ 1.6609823) - -0.56741) * tanh((0.51466537 / time) * max_time)) * 0.72803515) * max_score, max_score) - (219.9761 + 219.9761))"
