Complexity,Loss,Equation
1,0.32948813,"max_score"
3,0.14079943,"(pods_collected / 0.0017168999)"
5,0.13860947,"(pods_collected * (max_time - pods_collected))"
6,0.06015026,"((pods_collected / 9.605504e-5) / sqrt(time))"
8,0.044401288,"min((pods_collected / 9.581225e-5) / sqrt(time), max_score)"
9,0.042392887,"(max_score * (((pods_collected ^ 1.2846663) / time) ^ 0.64255524))"
10,0.0405257,"min(((pods_collected - -1.4954528) / 9.8053104e-5) / sqrt(time), max_score)"
11,0.022689836,"(max_score * (min((pods_collected ^ 1.2960801) / time, 0.99287456) ^ 0.6714789))"
12,0.02267716,"(max_score * min((sqrt(pods_collected ^ 2.5907886) / time) ^ 0.6696393, 0.9946831))"
13,0.022017669,"(max_score * (min(((pods_collected + 1.33051) ^ 1.2944267) / time, 0.99140185) ^ 0.6948973))"
15,0.021995822,"((max_score + pods_collected) * (min(((pods_collected + 1.3305078) ^ 1.2941256) / time, 0.99136907) ^ 0.69496936))"
16,0.020364499,"((max_score * min((sqrt(pods_collected ^ 2.5939178) / time) ^ 0.72004676, 0.9813909)) + (max_score / pods_collected))"
18,0.02022536,"((max_score * min((sqrt(pods_collected ^ 2.5949755) / time) ^ 0.7443759, 0.97551227)) + ((max_pods ^ 2.5955412) / pods_collected))"
20,0.020076035,"((max_score * min((sqrt(pods_collected ^ 2.5944505) / time) ^ 0.7452374, 0.97548944)) + ((max_pods ^ 2.5944505) / (pods_collected - 2.5949745)))"
