Complexity,Loss,Equation
1,0.14102241,"max_score"
3,0.13057443,"(max_score - 135.99901)"
5,0.117793866,"(pods_collected * (max_score / max_pods))"
6,0.1018242,"(sqrt(pods_collected / max_pods) * max_score)"
7,0.08404571,"(max(pods_collected / max_pods, 0.40542325) * max_score)"
9,0.07535604,"(max(pods_collected / max_pods, 0.5587008) * (max_score - 114.40124))"
11,0.07155758,"(max(pods_collected / max_pods, 0.5837149) * (max_score - (time ^ 1.2150849)))"
12,0.06767355,"((sqrt(pods_collected / max_pods) * max_score) - ((time ^ 2.3502543) / max_time))"
13,0.057133034,"(max(pods_collected / max_pods, 0.57206833) * (max_score - ((time ^ 2.3447976) / max_time)))"
15,0.045466825,"((max(pods_collected / max_pods, 0.3529223) * (max_score - ((time ^ 2.3920426) / max_time))) + max_time)"
17,0.042600084,"((max(pods_collected / max_pods, 0.36025053) * ((max_score - 136.90123) - ((time ^ 2.3859382) / max_time))) + max_time)"
18,0.03600803,"((max(pods_collected / max_pods, 0.3529223) * (max_score - ((max(time, exp(4.4260664)) ^ 2.3920426) / max_time))) + max_time)"
19,0.03600564,"((max(pods_collected / max_pods, 0.35292232) * (max_score - ((max(time, exp(exp(1.4874432))) ^ 2.3920426) / max_time))) + max_time)"
20,0.035194524,"((max(pods_collected / max_pods, 0.3538918) * (max_score - ((max(time, exp(4.4308705)) ^ 2.366806) / (max_time - max_pods)))) + max_time)"
21,0.03518479,"((max(pods_collected / max_pods, 0.3538918) * (max_score - ((max(time, exp(exp(1.4887525))) ^ 2.366806) / (max_time - max_pods)))) + max_time)"
22,0.03311077,"(((max(pods_collected / max_pods, 0.30904627) * (max_score - ((max(time, exp(4.501524)) ^ 2.4079823) / max_time))) / 1.0495471) + (max_time ^ 1.09924))"
24,0.029607639,"(((max(pods_collected / max_pods, 0.2870005) * (max_score - ((max(time, exp(4.5669475)) ^ 2.362459) / max_time))) / 1.0749813) + ((max_time - time) ^ 1.193295))"
26,0.028236672,"(((max(pods_collected / max_pods, 0.2956018) * (max_score - ((max(time, exp(sqrt(log(time)) + 2.536254)) ^ 2.409979) / max_time))) / 1.0637889) + (max_time ^ 1.1188946))"
27,0.028230619,"(((max(pods_collected / max_pods, log(1.3436363)) * (max_score - ((max(time, exp(sqrt(log(time)) + 2.536254)) ^ 2.409979) / max_time))) / 1.0637889) + (max_time ^ 1.1188948))"
28,0.028076347,"(((max(pods_collected / max_pods, 0.29021883) * ((max_score - pods_collected) - ((max(time, exp(sqrt(log(time)) + 2.53471)) ^ 2.4084165) / max_time))) / 1.0615687) + (max_time ^ 1.1240462))"
30,0.027881972,"(((max(pods_collected / max_pods, 0.28349072) * ((max_score - pods_collected) - ((max(time, exp(sqrt(log(time)) + 2.4977355)) ^ 2.3470078) / (max_time * 0.67461497)))) / 1.0657821) + (max_time ^ 1.132218))"
