Complexity,Loss,Equation
1,3.3930555e6,"max_score"
2,423610.28,"2818.87"
3,423610.25,"square(53.091663)"
4,252753.34,"(max_score * tanh(pod_ratio))"
5,196122.27,"(1259.7518 * exp(pod_ratio))"
6,85771.22,"(1539.1398 / (time_ratio ^ pod_ratio))"
7,12741.748,"(2061.8394 * exp(pod_ratio - time_ratio))"
9,611.3104,"(1901.0723 * (0.2958559 ^ (time_ratio - pod_ratio)))"
10,611.2951,"(1900.9149 * (exp(pod_ratio - time_ratio) ^ 1.2180593))"
11,602.8051,"((1901.9562 - pod_ratio) * (0.29584777 ^ (time_ratio - pod_ratio)))"
12,593.4953,"((1902.9113 - exp(pod_ratio)) * (0.29565623 ^ (time_ratio - pod_ratio)))"
13,192.36554,"(1935.7734 * (0.28854832 ^ (((pod_ratio / max_pods) - pod_ratio) + time_ratio)))"
15,6.8163247,"(1973.4299 * (0.28144 ^ ((((pod_ratio + pod_ratio) / max_pods) - pod_ratio) + time_ratio)))"
17,5.9579573,"((1973.7206 * (0.2813415 ^ ((((pod_ratio + pod_ratio) / max_pods) - pod_ratio) + time_ratio))) - pod_ratio)"
18,5.7802925,"((1973.7206 * (0.2813415 ^ ((((pod_ratio + pod_ratio) / max_pods) - pod_ratio) + time_ratio))) - square(pod_ratio))"
19,0.0018735244,"((1995.6581 / ((exp(time_ratio) ^ 0.07443301) / 0.9927409)) * (exp(pod_ratio - time_ratio) ^ 1.200185))"
