Complexity,Loss,Equation
1,13943.823,"482.25"
3,6957.731,"(39.160713 * pods_collected)"
4,6627.354,"square(-9.5405245 - pods_collected)"
5,3683.7869,"((pods_collected * 45.65123) - time)"
6,1008.1699,"square(28.779514 - (time / pods_collected))"
7,290.70825,"(((-0.24920627 * time) - -59.543514) * pods_collected)"
9,161.80115,"max(((-0.2489882 * time) - -59.50876) * pods_collected, max_time)"
11,95.257454,"((((pods_collected - (0.24842837 * time)) - -35.16484) * pods_collected) + 144.77182)"
13,79.149895,"((((pods_collected - (0.2516283 * max(time, 17.080996))) - -35.48533) * pods_collected) + 144.37767)"
14,79.14989,"((((pods_collected - (tanh(0.25714988) * max(17.081001, time))) - -35.48527) * pods_collected) + 144.37767)"
15,69.18103,"((max((pods_collected - (0.25337788 * max(time, pods_collected))) - -35.107666, pods_collected) * pods_collected) + max_time)"
17,54.160324,"(((max((pods_collected - (0.23118293 * max(pods_collected, time))) - -30.358704, pods_collected) * 1.1194644) * pods_collected) + max_time)"
18,34.76246,"(max(((pods_collected - ((0.22675656 * time) ^ tanh(0.031537354 * time))) - -32.08563) * pods_collected, 34.681763) + max_time)"
