Complexity,Loss,Equation
1,2.8527388e7,"5828.3276"
3,3.03666e6,"(0.50502896 * max_score)"
5,2.9827822e6,"((max_score * 0.31520087) ^ 1.0515972)"
6,2.909408e6,"((1.5041995 - tanh(time)) * max_score)"
7,1.8867276e6,"((max_score * 0.0021073066) * (pods_collected + 181.9695))"
9,1.5127515e6,"((max_score * (0.33356586 / max_pods)) * (pods_collected + max_pods))"
10,1.5127466e6,"((max_score * tanh(0.33356854 / max_pods)) * (pods_collected + max_pods))"
11,1.32601e6,"(((max_score * (0.34659487 / max_pods)) * (pods_collected + max_pods)) - time)"
12,1.3260042e6,"(((max_score * tanh(0.34659645 / max_pods)) * (pods_collected + max_pods)) - time)"
13,1.088264e6,"((max_score * (0.42389145 / (max_pods - (-0.051940423 * time)))) * (pods_collected + max_pods))"
15,833742.5,"((((max_score * (0.36475116 / max_pods)) + 15.955408) * (pods_collected + max_pods)) + (time * -7.649454))"
16,831074.56,"((((max_score * (0.36492714 / max_pods)) + 16.882349) * (pods_collected + max_pods)) + (clp(time) * -8.158598))"
17,807976.75,"((((max_score * (0.38002667 / max_pods)) + 16.263027) * (pods_collected + (max_pods * 0.9395452))) + (time * -7.622764))"
18,571677.94,"((((max_score * (0.4373472 / max_pods)) + sqrt(max_time)) * (pods_collected + (max_pods * 0.686451))) + (time * -9.484464))"
20,491070.9,"((((max_score * (0.41173872 / max_pods)) + sqrt(max_time)) * (pods_collected + ((max_pods * 0.63872063) + 11.91227))) + (time * -9.689865))"
22,450016.75,"((((max_score * (0.4404814 / max_pods)) + sqrt(max_time)) * (pods_collected + ((max_pods * 0.541802) + 9.854045))) + ((time * -10.179176) + max_time))"
23,390651.72,"((((max_score * (0.43164578 / max_pods)) + sqrt(max_time)) * (pods_collected + ((max_pods + sqrt(max_time)) * 0.5018828))) + ((time * -10.075767) + max_time))"
25,376091.38,"((((max_score * (0.4620455 / max_pods)) + sqrt(max_time)) * (pods_collected + ((max_pods + sqrt(max_time)) * 0.42046508))) + ((time * -10.776388) + (max_time ^ 1.1026059)))"
27,372584.94,"((((max_score * (0.46845382 / max_pods)) + (sqrt(max_time) - 3.4595592)) * (pods_collected + ((max_pods + sqrt(max_time)) * 0.40988353))) + ((time * -10.434618) + (max_time ^ 1.1196866)))"
29,372358.53,"(((((max_score + pods_collected) * (0.46845382 / max_pods)) + (sqrt(max_time) - 3.4595592)) * (pods_collected + ((max_pods + sqrt(max_time)) * 0.40988353))) + ((time * -10.434618) + (max_time ^ 1.1196866)))"
30,372358.4,"(((((max_score + pods_collected) * tanh(0.46845382 / max_pods)) + (sqrt(max_time) - 3.4595592)) * (pods_collected + ((max_pods + sqrt(max_time)) * 0.40988353))) + ((time * -10.434618) + (max_time ^ 1.1196866)))"
31,371563.06,"(((((max_score + pods_collected) * (0.46845382 / max_pods)) + (sqrt(max_time) - 3.4595592)) * (pods_collected + ((max_pods + sqrt(max_time - pods_collected)) * 0.40988353))) + ((time * -10.434618) + (max_time ^ 1.1196866)))"
34,371558.8,"(((((max_score + pods_collected) * (0.46845382 / max_pods)) + (sqrt(max_time) - 3.4595592)) * (pods_collected + ((max_pods + sqrt(max_time - pods_collected)) * clp(0.40988353)))) + (((time * -10.434618) + (max_time ^ 1.1196866)) + 0.4262376))"
