Complexity,Loss,Equation
1,261.8928,"1645.5002"
3,244.97095,"(1741.5032 - time)"
4,225.23857,"(sqrt(pods_collected) * 373.13913)"
5,187.44678,"((8636.34 * pods_collected) / time)"
6,51.801525,"((845.8996 * pods_collected) / sqrt(time))"
8,17.17625,"square((pods_collected + (time / -9.106978)) - -32.315277)"
12,11.780837,"square(((pods_collected + (22.694168 / pods_collected)) + (time / -9.435505)) - -30.786404)"
16,10.653455,"square(((pods_collected + (9.807125 / pods_collected)) + ((time - (time / pods_collected)) / -8.977453)) - -31.432962)"
