Complexity,Loss,Equation
1,2.852732e7,"5822.2354"
3,3.0355032e6,"(0.5050288 * max_score)"
4,3.0355028e6,"(max_score / sqrt(3.920735))"
5,2.9968768e6,"(0.52390337 * (-852.1615 + max_score))"
6,2.9082998e6,"((1.5042005 - tanh(time)) * max_score)"
7,1.4993216e6,"(max_score / (2.5008101 - (pods_collected / max_pods)))"
8,1.4537949e6,"(max_score / (3.892331 - exp(pods_collected / max_pods)))"
9,1.2840255e6,"(max_score / exp(sqrt(1.0562234 - (pods_collected / max_pods))))"
10,1.272907e6,"(max_score / ((4.4091015 - exp(pods_collected / max_pods)) / 1.3054215))"
11,1.04165044e6,"((max_score / (2.2382624 - (pods_collected / max_pods))) - (time * 4.3755803))"
13,719746.94,"(-0.0039206236 * (((-130.44673 + (time / (max_time / max_pods))) - pods_collected) * max_score))"
14,502550.84,"(-0.004502332 * (((-111.5933 + ((clp(time) * max_pods) / max_time)) - pods_collected) * max_score))"
16,453406.3,"(((-114.82748 + ((clp(time - pods_collected) * max_pods) / max_time)) - pods_collected) * (max_score * -0.0041935598))"
18,445108.62,"(((-119.110596 + ((clp((time - pods_collected) - -52.884403) * max_pods) / max_time)) - pods_collected) * (max_score * -0.004222768))"
20,429157.53,"(((-106.48644 + (clp(time - pods_collected) / (((max_time - pods_collected) / max_pods) / 0.8832143))) - pods_collected) * (max_score * -0.004390408))"
22,426366.78,"(((-116.23225 + (clp(time - pods_collected) / ((max_time / max_pods) - ((-0.011025121 * max_pods) - -1.7542083)))) - pods_collected) * (max_score * -0.0041997107))"
23,388418.44,"(-0.00414214 * (((-120.08292 + (clp(time - pods_collected) / ((max_time / max_pods) - tanh((-0.059445333 * max_pods) - -10.670501)))) - pods_collected) * max_score))"
25,373599.34,"(-0.0042024218 * (((-115.237625 + (clp(time - pods_collected) / (((max_time / max_pods) + 0.6187567) - tanh((-0.09320292 * max_pods) - -17.417814)))) - pods_collected) * max_score))"
27,372006.3,"((-0.004184724 * (((-115.237625 + (clp(time - pods_collected) / (((max_time / max_pods) + 0.6187568) - tanh((-0.09320303 * max_pods) - -17.417814)))) - pods_collected) * max_score)) + pods_collected)"
28,353209.5,"(-0.0039453814 * (((-123.150024 + (clp(time - pods_collected) / ((max_time / max_pods) - tanh((-0.05999359 * max_pods) - -10.670505)))) - pods_collected) * (max_score + clp(exp(sqrt(pods_collected))))))"
30,349817.66,"(-0.0039453814 * (((-123.150024 + (clp(time - pods_collected) / ((max_time / max_pods) - tanh((-0.05999359 * max_pods) - -10.670505)))) - pods_collected) * (max_score + clp(exp(sqrt(pods_collected)) - time))))"
