Complexity,Loss,Equation
1,3404.011,"21250.887"
3,3397.011,"(21231.629 + pods_collected)"
5,2702.5547,"(174.24242 * (pods_collected - -99.55723))"
6,2346.7292,"(21220.602 + exp(pods_collected * 0.17167951))"
8,2318.7664,"((0.45412794 * max_score) + exp(pods_collected * 0.17167951))"
9,2310.399,"min(0.45356897 * (max_score + (1.2058635 ^ pods_collected)), max_score)"
10,2247.524,"((0.45103514 * (max_score + (3.9995632 ^ sqrt(pods_collected)))) - time)"
11,1553.4862,"((0.5074625 * max_score) - (10.717231 * (time - exp(sqrt(pods_collected)))))"
12,732.4021,"((0.646214 * max_score) - (487.66504 * ((sqrt(time) * 2.0828335) - pods_collected)))"
14,607.4032,"min((0.646214 * max_score) - (487.66504 * ((sqrt(time) * 2.0828335) - pods_collected)), max_score)"
16,522.57135,"min((0.5849765 * max_score) - (0.5225317 * (((sqrt(time) ^ 1.1958535) - pods_collected) * max_time)), max_score)"
18,495.5473,"min((0.58685666 * max_score) - (0.52081203 * (((sqrt(time) ^ 1.1955732) - pods_collected) * (max_time + pods_collected))), max_score)"
20,483.24936,"min((0.5868605 * max_score) - (0.52081466 * (((sqrt(time) ^ 1.1955665) - pods_collected) * (max_time + (pods_collected / 0.45806062)))), max_score)"
