Complexity,Loss,Equation
1,3946.9177,"13236.026"
3,3241.5593,"(pods_collected * 198.89354)"
4,2684.284,"(1779.0321 * sqrt(pods_collected))"
5,2323.0547,"((pods_collected * pods_collected) + 8923.846)"
6,1943.7526,"((2161.3953 - time) * sqrt(pods_collected))"
8,758.6092,"(3060.7126 * (sqrt(pods_collected) - (0.008766885 * time)))"
10,726.2449,"min(3050.1255 * (sqrt(pods_collected) - (0.008756154 * time)), max_score)"
13,414.6673,"(((pods_collected + (-0.13065428 * time)) * (max_pods + pods_collected)) + (max_time / 0.05681953))"
14,355.0448,"(((pods_collected + (log(0.87400466) * time)) * (max_pods + pods_collected)) + (max_time / 0.056831975))"
16,323.84933,"min(((pods_collected + (log(0.87395525) * time)) * (max_pods + pods_collected)) + (max_time / 0.05681953), max_score)"
18,317.8343,"min((((pods_collected + log(0.8713567 ^ time)) * (pods_collected + max_pods)) + (max_time / 0.05767176)) + time, max_score)"
20,317.66116,"min((((pods_collected + log(0.87137955 ^ time)) * ((pods_collected + max_pods) - -0.2897107)) + (max_time / 0.057705726)) + time, max_score)"
