Complexity,Loss,Equation
1,13978.06,"520.125"
3,6986.774,"(40.78422 * pods_collected)"
4,6750.674,"square(-9.960928 - pods_collected)"
5,2893.2769,"((47.115887 * pods_collected) - time)"
6,1010.1132,"(sqrt(pods_collected) * (229.17639 - time))"
7,747.3394,"(772.13165 - ((36.93633 * time) / pods_collected))"
8,133.84804,"(sqrt(1.1718293 ^ pods_collected) * (269.57776 - time))"
9,132.72913,"((1.0788976 ^ pods_collected) * ((265.4712 - time) + pods_collected))"
10,95.25027,"min((sqrt(1.1761316) ^ pods_collected) * (265.4666 - time), max_score)"
12,75.60836,"min((sqrt(1.1799952) ^ pods_collected) * (261.18784 - min(time, 145.86008)), max_score)"
14,75.22567,"min(((sqrt(1.1803924) ^ pods_collected) * (261.18756 - min(time, 145.86003))) + -1.3407563, max_score)"
16,75.224495,"min((((sqrt(1.1803924) ^ pods_collected) * (261.18756 - min(time, 145.86003))) + -1.3407563) + 0.0186485, max_score)"
18,74.62727,"min((time / 1.2282854) + (((sqrt(1.1710722) ^ pods_collected) * (275.76993 - min(time, 144.26114))) - time), max_score)"
20,74.26332,"(min((time / 1.2186825) + (((sqrt(1.1714945) ^ pods_collected) * (275.76144 - min(time, 144.26097))) - time), max_score) + -1.6979632)"
