Complexity,Loss,Equation
1,0.18020952,"max_score"
3,0.16660184,"(max_score - 135.99995)"
5,0.14714673,"(max_score - (time ^ 1.2163174))"
6,0.12708953,"(max_score * sqrt(pods_collected / max_pods))"
7,0.10288473,"(max_score / min(max_pods / pods_collected, 2.4665585))"
9,0.09208408,"((max_score - 120.963104) / min(max_pods / pods_collected, 1.7881491))"
11,0.075574525,"(max_score / (((max_pods / pods_collected) * (time / max_time)) + 0.679448))"
12,0.054150563,"(max_score / ((log(max_pods / pods_collected) + (time / max_time)) + 0.66664994))"
14,0.04217762,"(max_score / ((log((max_pods + 3.100168) / pods_collected) + (time / max_time)) + 0.6317342))"
16,0.039163653,"(max_score / min(2.4665585, (log((max_pods + 3.100168) / pods_collected) + (time / max_time)) + 0.6317342))"
17,0.03627925,"(max_score / min(2.4665585, ((max_pods / pods_collected) * sqrt(sqrt(time / (max_time - time)))) + 0.15371004))"
18,0.03627923,"(max_score / min(2.4665582, ((max_pods / pods_collected) * sqrt(sqrt(time / (max_time - time)))) + exp(-1.8727062)))"
19,0.034198854,"(max_score / min(2.4665585, (((max_pods - -1.4271903) / pods_collected) * sqrt(sqrt(time / (max_time - time)))) + 0.15371004))"
20,0.029089319,"(max_score / min(2.4665585, (((2.5635161 + max_pods) / pods_collected) * sqrt(sqrt(time / (max_time - time)))) + exp(-2.0731995)))"
22,0.026675938,"(max_score / min(2.46656, ((((2.7233446 + max_pods) / pods_collected) ^ 0.93273777) * sqrt(sqrt(time / (max_time - time)))) + exp(-2.0783036)))"
23,0.025068413,"(max_score / min(2.4665585, (((exp(1.2190014) + max_pods) / pods_collected) * (sqrt(sqrt(time / (max_time - time))) / 1.0885377)) + exp(-1.6296029)))"
24,0.023543539,"(max_score / min(2.466559, (((max_pods + 2.729936) / pods_collected) * sqrt(sqrt(time / (max_time * log(min(max_time / time, 2.704143)))))) + 0.21355097))"
26,0.021275695,"(max_score / min(2.4665585, (((2.892553 + max_pods) / pods_collected) * sqrt(sqrt(time / (max_time * (log(min(max_time / time, 2.7733173)) - -0.04698832))))) + 0.22949061))"
27,0.02080546,"(max_score / min(2.4665585, (((exp(1.1803659) + max_pods) / pods_collected) * sqrt(sqrt(time / (max_time * (log(min(max_time / time, 2.7733173)) - -0.049039382))))) + 0.22597097))"
28,0.020291727,"(max_score / min(2.466042, (((2.919244 + max_pods) / pods_collected) * sqrt(sqrt(time / (max_time * ((log(min(max_time / time, 2.7324178)) - -0.20894286) ^ 1.4584736))))) + 0.2710016))"
30,0.020010987,"((max_score - pods_collected) / min(2.4613972, (((2.910177 + max_pods) / pods_collected) * sqrt(sqrt(time / (max_time * ((log(min(max_time / time, 2.7073348)) - -0.22643979) ^ 1.4944158))))) + 0.26914775))"
