Complexity,Loss,Equation
1,0.39094713,"max_score"
2,0.2532916,"exp(10.025306)"
4,0.24917777,"(exp(9.9844) + time)"
5,0.09038938,"((114.473236 + pods_collected) / 0.009070841)"
7,0.08443311,"(((114.47333 + pods_collected) / 0.008851767) - time)"
9,0.07884584,"((((114.473236 + pods_collected) / 0.00861777) - time) - time)"
10,0.03449059,"((exp(9.678536) - (pods_collected * -139.22797)) + (-9.236107 * time))"
12,0.026153892,"min((exp(9.656852) - (pods_collected * -157.16954)) + (-10.394025 * time), max_score)"
14,0.025569148,"min(((exp(9.733472) - (pods_collected * -157.16881)) * 0.9527322) + (-10.394223 * time), max_score)"
16,0.02356331,"min((exp(9.660851) - (pods_collected * min(9.635103 - pods_collected, -157.16899))) + (-10.394585 * time), max_score)"
18,0.022969944,"min((exp(9.661823) - (pods_collected * (min(9.635107 - pods_collected, -157.1691) + 1.3029764))) + (-10.394025 * time), max_score)"
19,0.022226175,"min((exp(9.671791) - (pods_collected * (min(9.635099 - pods_collected, -157.1691) + exp(1.3029186)))) + (-10.393635 * time), max_score)"
20,0.02194385,"min((exp(9.671791) - (pods_collected * (min(log(time) - pods_collected, -157.1691) + exp(1.3897448)))) + (-10.393635 * time), max_score)"
