Complexity,Loss,Equation
1,629.84674,"3686.458"
3,620.9583,"(pods_collected - -3662.0178)"
4,613.3228,"(log(pods_collected) * 1126.087)"
5,441.8352,"(3473.4702 + (1.1316435 ^ pods_collected))"
7,392.75595,"((3686.4119 - time) + (1.1308573 ^ pods_collected))"
8,384.69043,"(-121.12834 * min(sqrt(time) - pods_collected, -29.241173))"
9,108.50627,"(((max_time - time) / 0.12803937) + (pods_collected * 64.25547))"
11,87.72607,"(((max_time - time) / 0.114047036) + ((pods_collected * 71.14162) - max_time))"
13,86.497925,"min(((max_time - time) / 0.114047036) + ((pods_collected * 71.14162) - max_time), max_score)"
15,86.351814,"min(((max_time ^ 1.3381282) - ((time - pods_collected) * 8.988397)) + (pods_collected * max_pods), max_score)"
17,85.85997,"min(((max_time ^ 1.3381282) - ((time - pods_collected) * min(8.988397, pods_collected))) + (pods_collected * max_pods), max_score)"
20,85.54443,"min(((max_time ^ 1.3379321) - ((time - pods_collected) * min(log(max_score + time), pods_collected))) + (pods_collected * max_pods), max_score)"
