Complexity,Loss,Equation
1,0.14100757,"max_score"
3,0.12448059,"(max_score - 135.99976)"
5,0.102303214,"(max_score - (time ^ 1.216301))"
7,0.09115835,"(max_score - ((time ^ 2.3724487) / max_time))"
8,0.08666613,"(max_score / log((max_pods / pods_collected) * 2.8310292))"
9,0.07530724,"(max_score / min(1.816968, max_pods / (pods_collected + -2.0600443)))"
10,0.07102643,"((max_score - (time ^ 1.2163059)) / sqrt(max_pods / pods_collected))"
11,0.06113479,"((max_score - (time ^ 1.2162623)) / min(1.7131482, max_pods / pods_collected))"
12,0.060976263,"((max_score / sqrt(max_pods / pods_collected)) - ((time ^ 2.3513737) / max_time))"
13,0.051744666,"((max_score - ((time ^ 2.3463106) / max_time)) / min(1.7469115, max_pods / pods_collected))"
15,0.05003088,"((max_score - ((time ^ 2.3417308) / max_time)) / min(1.7466567, max_pods / (pods_collected - 0.6603525)))"
17,0.044159815,"(((max_score - ((time ^ 2.4124365) / max_time)) / (max_pods / (pods_collected - 5.4275765))) + (max_time ^ 1.1291791))"
19,0.038182486,"((((max_score - ((time ^ 2.404033) / max_time)) / ((max_pods / (pods_collected - 8.0021105)) ^ 0.7296481)) + max_time) + max_time)"
20,0.037698776,"(((max_score - ((time ^ 2.4154665) / max_time)) / ((max_pods / (pods_collected - exp(1.9765736))) ^ 0.84333986)) + (max_time ^ 1.1389068))"
21,0.037263274,"(((max_score - ((time ^ 2.4161258) / max_time)) / ((max_pods / (pods_collected - (5.422244 ^ 1.1905764))) ^ 0.8036271)) + (max_time ^ 1.1371456))"
22,0.036890067,"(((max_score - ((time ^ 2.4170337) / max_time)) / (((max_pods + 1.2499317) / (pods_collected - exp(1.9757704))) ^ 0.8108467)) + (max_time ^ 1.1442945))"
24,0.03617713,"(((max_score - ((time ^ 2.4400244) / (max_time + pods_collected))) / (((max_pods + 0.64873224) / (pods_collected - exp(1.9997708))) ^ 0.8177132)) + (max_time ^ 1.1468533))"
25,0.033959117,"((((max_score - ((time ^ 2.4180977) / max_time)) / ((max_pods / (pods_collected - (5.4394016 ^ 1.3008686))) ^ 0.8202951)) + (max_time + (max_pods * 5.4394016))) + max_time)"
26,0.03386877,"((((max_score - ((time ^ 2.4223652) / max_time)) / ((max_pods / (pods_collected - (5.4354253 ^ 1.2903508))) ^ 0.8349342)) + (max_time + (max_pods * log(max_time)))) + max_time)"
27,0.033441946,"((((max_score - ((time ^ 2.4180977) / max_time)) / ((max_pods / (pods_collected - (5.4394016 ^ 1.3008686))) ^ 0.8202951)) + (max_time + (min(max_pods, time) * 5.4394016))) + max_time)"
28,0.033120003,"((((max_score - ((time ^ 2.4226387) / max_time)) / ((max_pods / (pods_collected - (6.5393143 ^ 1.1582984))) ^ 0.8374153)) + (max_time + (min(max_pods, time) * log(max_time)))) + max_time)"
29,0.031993244,"((((max_score - ((time ^ 2.4194715) / max_time)) / ((max_pods / (pods_collected - (5.20648 ^ 1.3052114))) ^ 0.8446491)) + (max_time + (max_pods * (sqrt(max_time) / log(pods_collected))))) + max_time)"
