Complexity,Loss,Equation
1,1301.8003,"8333.483"
3,1281.2808,"(8590.46 - time)"
4,1268.2736,"(2162.7388 * log(pods_collected))"
5,1012.4248,"(7940.588 + (1.0785198 ^ pods_collected))"
6,939.0034,"((2496.591 - time) * log(pods_collected))"
7,929.0449,"((8300.922 + (1.0785182 ^ pods_collected)) - time)"
8,928.436,"((8300.922 + sqrt(1.1634175 ^ pods_collected)) - time)"
9,184.99641,"(((time - max_time) * -11.515683) + (pods_collected * 83.20714))"
11,164.52751,"((((time * 1.0676771) - max_time) * -11.487049) + (pods_collected * 88.09184))"
12,164.50703,"((((time * sqrt(1.140564)) - max_time) * -11.484596) + (pods_collected * 88.11865))"
13,164.48059,"min(((time - max_time) * -12.305433) + ((pods_collected + -6.296748) * 88.40107), max_score)"
16,163.81192,"(((((time - max_time) * -11.459003) + (pods_collected * 88.17502)) - time) + (time / log(pods_collected)))"
18,160.2407,"((((time - max_time) * -12.37302) + ((pods_collected * 88.69508) - max_time)) + ((sqrt(188.2075) * time) / pods_collected))"
20,160.2404,"((((time - max_time) * -12.37302) + (((pods_collected * 88.69508) - 1.3842236) - max_time)) + ((sqrt(188.2075) * time) / pods_collected))"
