Complexity,Loss,Equation
1,0.24068718,"14373.009"
3,0.23796022,"(14983.804 - time)"
5,0.13727099,"(12671.45 + exp(sqrt(pods_collected)))"
6,0.11827184,"(12671.45 + sqrt(1.2640225 ^ pods_collected))"
7,0.118258506,"(((1.134886 ^ pods_collected) + max_score) ^ 0.9347555)"
8,0.11816495,"((max_score ^ 0.9334948) + sqrt(1.2639658 ^ pods_collected))"
9,0.11250159,"(((max_score ^ 0.90350467) - time) / (0.9887702 ^ pods_collected))"
11,0.09480093,"((((max_score ^ 0.90267444) - time) - time) / (0.98787916 ^ pods_collected))"
12,0.09164044,"(((max_score ^ 0.9075141) - (2.2167723 * time)) / sqrt(0.97770125 ^ pods_collected))"
13,0.069684625,"min(((max_score ^ 0.90639794) - (3.2944245 * time)) / (0.9876101 ^ pods_collected), max_score)"
14,0.031210814,"(((max_score ^ 0.9152027) - (3.2943137 * (time + time))) / sqrt(0.97243696 ^ pods_collected))"
15,0.025419822,"(((((-1.6064389 * time) * sqrt(max_pods)) + max_score) ^ 0.90966576) / sqrt(0.97267854 ^ pods_collected))"
16,0.022870809,"min(((max_score ^ 0.915288) - (3.2943087 * (time + time))) / sqrt(0.9723222 ^ pods_collected), max_score)"
17,0.020036278,"min(((((-1.606439 * time) * sqrt(max_pods)) + max_score) ^ 0.909667) / sqrt(0.97267425 ^ pods_collected), max_score)"
18,0.018208751,"min(((((-2.693097 * time) * (-2.4338524 / -0.4120251)) + max_score) ^ 0.912627) / sqrt(0.97213334 ^ pods_collected), max_score)"
20,0.018028954,"min(((((-2.6930962 * time) * (-2.4338512 / -0.41203263)) + max_score) ^ 0.9126558) / sqrt(0.9720269 ^ (pods_collected + -0.33847895)), max_score)"
