Complexity,Loss,Equation
1,0.06743104,"6.1466823"
4,0.02888688,"sqrt(pods_collected + 25.481144)"
5,0.028081909,"((pods_collected * 0.094308876) + 4.9843884)"
6,0.027176365,"((0.0046040844 * square(pods_collected)) - -5.4270043)"
7,0.0106615,"((tanh(log(pods_collected)) ^ time) - -5.793478)"
8,0.0052228603,"(sin((pods_collected ^ 1.6752753) / time) - -5.423836)"
9,0.00017677913,"(5.645151 - ((time - (12.822613 * pods_collected)) / max_time))"
11,0.00017677889,"(5.6394114 - ((time - (0.86133605 - (-12.822606 * pods_collected))) / max_time))"
12,0.0001737033,"(5.6384845 - ((time - (tanh(time) - (-12.822612 * pods_collected))) / max_time))"
13,1.2842088e-6,"(5.6432815 - ((time - ((-27.491041 / time) - (-12.886683 * pods_collected))) / max_time))"
14,4.6094533e-7,"(5.6415205 - ((time - ((-27.490717 / square(time)) - (-12.878859 * pods_collected))) / max_time))"
15,4.524388e-7,"(5.6415205 - ((time - ((-27.490717 / square(square(time))) - (-12.878859 * pods_collected))) / max_time))"
18,4.422457e-7,"(5.6415825 - ((time - ((-27.70412 / (square(time) + (pods_collected / max_score))) - (-12.878409 * pods_collected))) / max_time))"
19,4.3416912e-7,"(5.641549 - ((time - ((-27.70412 / (square(square(time)) + (max_pods / max_score))) - (-12.878406 * pods_collected))) / max_time))"
20,4.3416486e-7,"(5.641549 - ((time - ((-27.70412 / (square(square(square(time))) + (max_pods / max_score))) - (-12.878406 * pods_collected))) / max_time))"
