Complexity,Loss,Equation
1,0.062635675,"max_score"
3,0.057833247,"(max_score - 100.0023)"
5,0.05528914,"(max_score + (-88580.03 / max_score))"
6,0.052230254,"(max_score / sqrt(max_pods / pods_collected))"
7,0.051263813,"(max_score ^ ((max_pods / pods_collected) ^ -0.062501855))"
8,0.047088586,"((max_score / sqrt(max_pods / pods_collected)) - 113.9903)"
9,0.04662569,"((max_score - 100.1922) ^ ((max_pods / pods_collected) ^ -0.061749477))"
10,0.044854965,"((max_score / sqrt(max_pods / pods_collected)) + (-88580.03 / max_score))"
11,0.04390007,"(max_score ^ min((max_pods / pods_collected) ^ -0.062501855, log(log(max_pods))))"
12,0.040970914,"((max_score / sqrt(max_pods / pods_collected)) - (time / (pods_collected + -13.6322365)))"
13,0.040335502,"((max_score / ((pods_collected / max_pods) ^ -0.5296651)) - (time / (max_pods + -13.627819)))"
14,0.039607346,"((max_score / sqrt(max_pods / pods_collected)) - ((time - pods_collected) / (-13.682658 + pods_collected)))"
15,0.038841534,"((max_score ^ ((max_pods / pods_collected) ^ -0.06245859)) - ((time - max_pods) / (max_pods + -13.682437)))"
