Complexity,Loss,Equation
1,335243.88,"4353.93"
3,321571.03,"(4319.4224 + pods_collected)"
4,316941.12,"(4347.925 / tanh(time))"
5,97058.77,"(2424.4006 + (pods_collected / 0.021908969))"
6,97052.77,"(2424.4006 + (pods_collected / tanh(0.021908954)))"
7,64340.707,"(2703.1633 + ((pods_collected / 0.021580914) - time))"
8,60181.266,"(2503.8906 + ((pods_collected / tanh(0.01955293)) - time))"
9,163.54881,"((3433.905 + (time / -0.16568401)) + (pods_collected / 0.0135220485))"
10,163.43149,"((3433.905 + (time / -0.16588211)) + (pods_collected / tanh(0.01353732)))"
11,82.008484,"min((3433.905 + (time / -0.1654536)) + (pods_collected / 0.013484048), max_score)"
12,81.898506,"min((3433.905 + (time / -0.1654536)) + (pods_collected / tanh(0.013484048)), max_score)"
13,79.06609,"min((3433.905 + ((time - 1.1806662) / -0.16527611)) + (pods_collected / 0.013494134), max_score)"
14,78.96866,"min((3433.905 + ((time - 1.1806662) / -0.16527611)) + (pods_collected / tanh(0.013494134)), max_score)"
15,45.662617,"(((tanh(time) * pods_collected) / 0.014080093) - ((time + (-2.0862303 - max_time)) / tanh(0.16178982)))"
16,39.149166,"((((tanh(time) * pods_collected) / 0.01422652) + pods_collected) - ((time + (0.01422652 - max_time)) / 0.15948112))"
17,35.689857,"((((tanh(time) * pods_collected) / 0.01422652) + pods_collected) - ((time + (tanh(max_pods) - max_time)) / 0.15948112))"
18,35.448544,"((((tanh(time) * pods_collected) / tanh(0.01422652)) + pods_collected) - ((time + (tanh(max_pods) - max_time)) / 0.15948112))"
19,35.385185,"((((tanh(time) * pods_collected) / 0.01422652) + pods_collected) - ((time + (tanh(max_pods) - (max_time - -0.23737104))) / 0.15948112))"
20,1.224941,"(((tanh(time) * pods_collected) / tanh(0.014060703)) - (((time + ((-0.7961228 * pods_collected) - max_time)) / tanh(0.16178979)) + time))"
23,0.0,"(((tanh(time ^ time) * pods_collected) / tanh(0.014060703)) - ((((time + ((0.034430195 * 1.4631141) - max_time)) - pods_collected) / 0.16178979) + time))"
