Complexity,Loss,Equation
1,1.6241672e7,"3567.8616"
3,1.8717139e6,"(max_score * 0.5299274)"
5,1.6963238e6,"(max_score / min(1.9030944, time))"
7,815522.1,"(max_score / (2.4358587 - (pods_collected / max_pods)))"
9,612725.7,"((0.5920992 / (1.75031 - (pods_collected / max_pods))) * max_score)"
11,445528.72,"((max_score / (2.1655035 - (pods_collected / max_pods))) - (time ^ 1.2538205))"
13,345018.88,"(((max_score ^ 0.9705622) / (1.8146068 - (pods_collected / max_pods))) - (time ^ 1.2461188))"
15,287681.2,"((((max_score * 0.6662083) / (1.755213 - (pods_collected / max_pods))) + max_time) - (time ^ 1.2576473))"
17,179852.56,"((((max_score * 0.66229534) + (max_time ^ 1.2328295)) / (1.840207 - (pods_collected / max_pods))) - (time / 0.11562357))"
19,173755.81,"((((max_score * 2.8501167) + (max_time ^ 1.4356576)) / ((1.7870301 - (pods_collected / max_pods)) * 4.59371)) - (time ^ 1.3184501))"
21,169427.44,"(((((max_score * 2.2847853) + (max_time ^ 1.4252832)) / ((1.8459183 - (pods_collected / max_pods)) * 3.4434905)) - max_time) - (time ^ 1.314546))"
23,164668.23,"min(((((max_score * 2.766388) + (max_time ^ 1.4561025)) / ((1.8333181 - (pods_collected / max_pods)) * 4.217787)) - max_time) - (time ^ 1.3177136), max_score)"
25,160820.02,"min((((((max_score - time) * 2.7269676) + (max_time ^ 1.4568166)) / ((1.815201 - (pods_collected / max_pods)) * 4.231549)) - max_time) - (time ^ 1.3085134), max_score)"
27,158131.27,"min((((((max_score - time) * 2.7269676) + (max_time ^ 1.4568166)) / ((1.815201 - (pods_collected / max_pods)) * min(4.231549, time))) - max_time) - (time ^ 1.3085134), max_score)"
