Complexity,Loss,Equation
1,2.314935e7,"max_time"
2,1.6241672e7,"3567.8616"
3,1.0021755e7,"(max_pods * pods_collected)"
4,1.8717139e6,"(max_score * 0.5299274)"
6,1.6963238e6,"(max_score / min(1.9030944, time))"
8,815522.06,"(max_score / (2.4358582 - (pods_collected / max_pods)))"
10,650830.3,"(max_score / (3.2139993 - ((pods_collected + pods_collected) / max_pods)))"
11,554710.56,"(max_score / (2.205872 - ((pods_collected / max_pods) ^ 3.6494315)))"
12,498531.6,"(max_score / (2.1613908 - ((pods_collected / max_pods) ^ (time / max_pods))))"
13,445528.8,"((max_score / (2.1654725 - (pods_collected / max_pods))) - (time ^ 1.2538006))"
14,444431.94,"((max_score / (2.1099687 - ((pods_collected / max_pods) ^ (time / max_pods)))) - time)"
15,404324.47,"((max_score / (2.1007366 - (pods_collected / max_pods))) - ((time * max_score) ^ sigm(time)))"
17,382966.25,"((max_score / (2.005164 - (pods_collected / max_pods))) - ((time * (max_score + max_score)) ^ sigm(time)))"
18,346732.06,"(((max_score / (2.1206253 - ((pods_collected / max_pods) ^ (time / (max_pods + pods_collected))))) - time) - time)"
19,313014.34,"(((max_score / (2.0678391 - (pods_collected / max_pods))) - ((time * (max_score + max_score)) ^ sigm(time))) + max_time)"
20,286465.8,"(((max_score / (1.9920384 - (pods_collected / max_pods))) - ((time * (max_score ^ 1.1121227)) ^ sigm(max_score))) + max_time)"
22,239845.69,"((((max_score / (1.9876645 - (pods_collected / max_pods))) - ((time * (max_score ^ 1.1427984)) ^ sigm(max_pods))) + max_time) + max_time)"
24,237291.94,"(((((max_score / (1.9877839 - (pods_collected / max_pods))) - ((time * (max_score ^ 1.1456084)) ^ sigm(max_score))) + max_pods) + max_time) + max_time)"
26,234108.17,"min(((((max_score / (1.9877839 - (pods_collected / max_pods))) - ((time * (max_score ^ 1.1456084)) ^ sigm(max_score))) + max_pods) + max_time) + max_time, max_score)"
