Complexity,Loss,Equation
1,13944.017,"981.6174"
3,9975.654,"(1064.3768 - time)"
4,7906.503,"(sqrt(pods_collected) / 0.0035701476)"
5,5224.3945,"(695.5397 - (-21579.295 / time))"
7,1087.1082,"(((pods_collected ^ 3.7785034) / time) + max_score)"
9,1035.0648,"(682.5708 - ((pods_collected / max_pods) * (-25709.316 / time)))"
10,239.91351,"(((-3.0884705 * time) + square(9.027123 + pods_collected)) + max_score)"
12,203.71892,"((((time * -2.7832131) + square(5.407793 + pods_collected)) + max_score) * 1.1349393)"
15,90.308105,"(((time * -2.4479647) + (square(6.937506 + pods_collected) + square(-409.94943 / time))) + max_score)"
