Complexity,Loss,Equation
1,100982.766,"1656.0"
3,88769.586,"(1770.5 - time)"
4,72852.64,"(sqrt(pods_collected) * 366.3785)"
5,65047.71,"(2133.3862 - (time ^ 1.297497))"
6,56289.375,"((sqrt(pods_collected) * 391.7031) - time)"
7,17233.465,"(2545.381 - (157.64696 / (pods_collected / time)))"
8,3016.857,"square(31.511608 + (pods_collected - (0.102365784 * time)))"
10,701.8353,"min(square(32.147404 + (pods_collected - (0.10759694 * time))), max_score)"
12,599.34296,"min(square(32.147404 + max(pods_collected - (0.10759694 * time), -3.1346562)), max_score)"
13,396.40848,"min(square(36.149483 - (sqrt(pods_collected) - (pods_collected - (0.10252707 * time)))), max_score)"
15,198.9874,"min(square(30.619453 - (tanh(max_pods) - (pods_collected - (0.11330217 * time)))) - -247.94536, max_score)"
18,191.23347,"min(square(30.652536 - (tanh(square(0.102265015 * pods_collected)) - (pods_collected - (0.11335642 * time)))) - -245.81787, max_score)"
19,104.08528,"min(square(33.418793 - (tanh((pods_collected - (0.11166061 * time)) * 0.25392252) - (pods_collected - (0.11062909 * time)))), max_score)"
