Complexity,Loss,Equation
1,13943.828,"482.34375"
3,6957.736,"(39.16255 * pods_collected)"
4,6627.354,"square(pods_collected - -9.540524)"
5,3683.7878,"((45.651165 * pods_collected) - time)"
7,2200.5825,"((53.857975 * pods_collected) - (time * 2.2643738))"
8,232.63838,"((tanh(76.16225 / time) / 0.01892677) * pods_collected)"
10,103.2313,"max((tanh(76.16242 / time) / 0.018931473) * pods_collected, max_time)"
12,100.09377,"(max((tanh(76.63916 / time) / 0.0190512) * pods_collected, max_time) - -1.8474921)"
14,88.660164,"(((tanh(76.91458 / time) / 0.019591944) * pods_collected) - ((-78.462814 * 2.1035435) / pods_collected))"
16,83.91073,"(((tanh(76.91458 / time) / 0.019591944) * pods_collected) - ((-78.462814 * (2.1035435 - -0.6128559)) / pods_collected))"
20,77.83494,"((((tanh(min(76.91458, max_time) / time) / 0.019591944) * pods_collected) - -1.2880244) - ((-78.462814 * 2.1035435) / (pods_collected - 0.2656527)))"
