Complexity,Loss,Equation
1,0.21286926,"7710.977"
3,0.20993061,"(7663.0054 + pods_collected)"
4,0.17344591,"(log(pods_collected) / 0.00048361815)"
5,0.14921232,"((max_pods + pods_collected) / 0.022029793)"
6,0.13877526,"(7710.8716 + exp(pods_collected * 0.07415045))"
7,0.1372423,"((5959.9497 - (pods_collected / -0.02361086)) - time)"
8,0.11151473,"(4284.097 - ((pods_collected / sqrt(time)) / -0.00076810864))"
9,0.11017813,"((14475.229 - (pods_collected / -0.0062815766)) / log(sqrt(time)))"
10,0.09715717,"((4611.916 - time) - ((pods_collected / sqrt(time)) / -0.0007753534))"
12,0.0424173,"((5688.171 - ((pods_collected / sqrt(time)) / -0.000618529)) - (time * 6.1902246))"
14,0.033276934,"min((5688.171 - ((pods_collected / sqrt(time)) / -0.000618529)) - (time * 6.1902246), max_score)"
16,0.03193067,"min((5688.171 - ((pods_collected / sqrt(time)) / -0.00067762367)) - ((time - pods_collected) * 6.1902246), max_score)"
18,0.03144497,"min((5688.171 - ((pods_collected / min(sqrt(time), pods_collected)) / -0.00067762367)) - ((time - pods_collected) * 6.1902246), max_score)"
20,0.031431902,"min((5688.171 - ((pods_collected / min(sqrt(time), pods_collected)) / -0.00067762367)) - ((time - (pods_collected + 1.1586863)) * 6.1902246), max_score)"
