Complexity,Loss,Equation
1,423609.78,"2819.0"
3,272942.9,"(92.56419 * pods_collected)"
5,202560.47,"((59.88994 * pods_collected) + 1038.8362)"
8,197264.53,"(((pods_collected - -17.659609) * 59.420017) / tanh(time))"
9,10572.805,"((82.62014 * pods_collected) + ((-6.136761 * time) - -1980.1359))"
11,9181.311,"(((pods_collected + 30.198322) * pods_collected) + ((-6.000536 * time) - -2557.3162))"
13,7887.321,"min(((pods_collected + 30.198322) * pods_collected) + ((-6.000536 * time) - -2557.3162), max_score)"
15,7792.9624,"min(((pods_collected + 31.000261) * pods_collected) + (((-6.1332483 * time) - -2916.0618) - 345.29974), max_score)"
17,7792.604,"(min(((pods_collected + 31.000261) * pods_collected) + (((-6.1332483 * time) - -2916.0618) - 345.29974), max_score) * 0.999887)"
18,7792.3345,"min((((pods_collected + 31.009722) ^ tanh(pods_collected)) * pods_collected) + (((-6.024761 - 0.107853815) * time) - -2570.273), max_score)"
20,7775.647,"((((((pods_collected + tanh(2.222807)) + 29.995783) * tanh(time)) * pods_collected) + ((-6.13204 * time) - -2571.54)) ^ tanh(pods_collected))"
21,7645.4688,"(((((pods_collected + 29.995783) * tanh(time)) * pods_collected) + ((-6.13204 * (time / 1.013663)) - -2571.54)) ^ (tanh(pods_collected) ^ max_pods))"
23,7557.2466,"((((((pods_collected + 30.479948) * tanh(time)) * pods_collected) + 1.5540192) + ((-6.5574317 * (time / 1.0771663)) - -2571.5776)) ^ (tanh(pods_collected) ^ max_pods))"
24,7534.942,"((((((pods_collected + tanh(2.222807)) + 29.995783) * tanh(time)) * pods_collected) + ((-6.13204 * time) - -2571.54)) ^ (tanh(pods_collected + -1.3148541) ^ 2.222807))"
27,7534.4517,"((((((pods_collected + (tanh(time) * tanh(time))) + 29.995783) * tanh(time)) * pods_collected) + ((-6.13204 * time) - -2571.54)) ^ (tanh(pods_collected + -1.3148541) ^ 2.222807))"
29,7534.162,"((((((pods_collected + (min(tanh(2.222807), pods_collected) * tanh(time))) + 29.995783) * tanh(time)) * pods_collected) + ((-6.13204 * time) - -2571.54)) ^ (tanh(pods_collected + -1.3148541) ^ 2.222807))"
