Complexity,Loss,Equation
1,671.4054,"3536.0696"
3,659.25336,"(3827.071 - time)"
4,581.8789,"(log(pods_collected) * 945.58203)"
5,548.2676,"((pods_collected - -131.08344) / 0.050100293)"
6,269.62894,"((828.9477 - time) * sqrt(pods_collected))"
8,195.41983,"(((pods_collected - time) - -781.153) * sqrt(pods_collected))"
9,88.70609,"(((pods_collected - -65.842354) / 0.020159153) + (time * -6.9593697))"
11,86.599686,"((((pods_collected - -66.06892) / 0.020493215) + max_pods) + (time * -6.95937))"
12,65.390564,"(((pods_collected - -36.522915) * 110.86469) + ((-537.7643 - time) * sqrt(pods_collected)))"
14,57.729633,"min(((pods_collected - -36.48727) * 111.35472) + ((-543.3732 - time) * sqrt(pods_collected)), max_score)"
16,57.075665,"min(((pods_collected - -41.69375) * max_pods) + (((-371.8232 + pods_collected) - time) * sqrt(pods_collected)), max_score)"
18,56.412254,"min(((pods_collected - -43.10516) * max_pods) + (((-399.44492 - time) + (pods_collected * 1.1773009)) * sqrt(pods_collected)), max_score)"
20,56.20265,"min(((pods_collected - -43.441254) * max_pods) + (((-399.34317 - time) + (pods_collected * 1.1682439)) * sqrt(pods_collected + 0.5339561)), max_score)"
