Complexity,Loss,Equation
1,3353.024,"4182.9214"
3,977.5261,"(0.46074465 * max_score)"
5,757.9162,"(max_score / (2.5975451 - pod_ratio))"
6,680.0797,"(max_score / exp(time_ratio ^ pod_ratio))"
7,510.0286,"(((pod_ratio ^ time_ratio) * max_score) / 1.5131497)"
8,326.91525,"(exp((-0.7419663 - time_ratio) + pod_ratio) * max_score)"
9,249.81566,"((exp(tanh(pod_ratio)) - time_ratio) * (0.4471578 * max_score))"
10,179.1739,"(exp((pod_ratio / 0.8335909) - time_ratio) * (0.43660548 * max_score))"
12,178.71088,"(exp((pod_ratio / 0.83343416) - time_ratio) * ((0.4368221 * max_score) + -3.1402316))"
13,178.64496,"(exp((pod_ratio / 0.8334383) - time_ratio) * ((0.43697193 * max_score) - exp(1.6530628)))"
14,170.6912,"(exp((pod_ratio / 0.8335909) - time_ratio) * ((0.43534917 * max_score) + (-1.0352349 ^ max_pods)))"
16,159.5313,"((exp((pod_ratio / 0.8337662) - time_ratio) * (0.4358219 * max_score)) + ((-1.0417578 ^ max_pods) * pod_ratio))"
17,159.39825,"((exp((pod_ratio / 0.83377343) - time_ratio) * (0.43588948 * max_score)) + ((-1.0417476 ^ max_pods) * tanh(pod_ratio)))"
18,147.37238,"(exp((pod_ratio / 0.8354306) - time_ratio) * ((0.43661276 * max_score) - ((-1.051103 ^ max_pods) * (-0.17726098 * pod_ratio))))"
19,147.35252,"(exp((pod_ratio / 0.8354379) - time_ratio) * ((0.43661255 * max_score) - ((-1.0511197 ^ max_pods) * (tanh(-0.17724766) * pod_ratio))))"
20,146.95624,"(exp((pod_ratio / 0.8366362) - time_ratio) * ((0.436822 * max_score) - ((-1.0511194 ^ max_pods) * (-0.17724766 * min(pod_ratio, 0.7370462)))))"
22,143.37971,"(exp((pod_ratio / 0.83348656) - time_ratio) * ((0.43661785 * max_score) - min(((-1.0510993 ^ max_pods) - 4182.9214) * (-0.19098607 * pod_ratio), 1.304135)))"
24,142.88974,"(exp((pod_ratio / 0.83348656) - time_ratio) * ((0.43661785 * max_score) - min(((-1.0510993 ^ max_pods) - (max_time / 0.42672276)) * (-0.19098607 * pod_ratio), 1.304135)))"
25,142.82663,"(exp((pod_ratio / 0.83348656) - time_ratio) * ((0.43661785 * max_score) - min(((-1.0510993 ^ max_pods) - (max_time / tanh(0.43660548))) * (-0.19098607 * pod_ratio), 1.304135)))"
26,142.52853,"min(exp((pod_ratio / 0.83348656) - time_ratio) * ((0.43661785 * max_score) - min(((-1.0510993 ^ max_pods) - (max_time / 0.41181275)) * (-0.19098607 * pod_ratio), 1.304135)), max_score)"
27,142.25519,"min(exp((pod_ratio / 0.83348656) - time_ratio) * ((0.43661785 * max_score) - min(((-1.0510993 ^ max_pods) - exp(max_time / max_pods)) * (-0.19098607 * pod_ratio), 1.5230281)), max_score)"
