Complexity,Loss,Equation
1,0.20674472,"18952.025"
3,0.20592971,"(18911.455 + pods_collected)"
4,0.18144575,"(5196.7017 * log(pods_collected))"
5,0.10012759,"(14362.485 + (pods_collected ^ 2.2420146))"
7,0.09468926,"((14617.543 + (pods_collected ^ 2.2487023)) - time)"
9,0.08879131,"((14617.543 + (pods_collected ^ 2.2487023)) - (time / 0.33820394))"
10,0.03193565,"(13607.956 + ((308.9029 * pods_collected) - (time * sqrt(264.32907))))"
12,0.029195769,"min(13608.442 + ((306.75818 * pods_collected) - (time * sqrt(259.79507))), max_score)"
14,0.026595116,"min(13608.053 + ((305.5988 * pods_collected) - (time * sqrt(min(261.5564, time)))), max_score)"
16,0.026544187,"min(13608.053 + (((305.5988 * pods_collected) - (time * sqrt(min(261.5564, time)))) + pods_collected), max_score)"
18,0.026235018,"min(13608.053 + (((305.5988 * pods_collected) - (time * (sqrt(min(261.5564, time)) + -0.110312775))) + 0.84288394), max_score)"
19,0.026231451,"min(13608.053 + (((305.5988 * pods_collected) - (time * sqrt(min(261.5564, time)))) + (sqrt(0.84288394) * max_pods)), max_score)"
20,0.026182044,"min(13608.053 + ((((305.5988 * pods_collected) + max_pods) - (time * sqrt(min(261.5564, time)))) + (0.84288394 * max_pods)), max_score)"
