Complexity,Loss,Equation
1,13978.06,"520.125"
3,6986.774,"(pods_collected * 40.78422)"
4,6750.6753,"square(pods_collected + 9.960999)"
5,2893.2769,"((47.115887 * pods_collected) - time)"
7,1239.4669,"((54.443012 * pods_collected) - (time * 2.1571972))"
8,210.76135,"square((14.784981 + pods_collected) - (time * 0.059395432))"
9,162.78615,"((58.07788 * pods_collected) - (time * (0.21212164 * pods_collected)))"
10,142.01152,"min(square((15.099 + pods_collected) - (time * 0.062926106)), max_score)"
11,119.34911,"((((33.564117 + pods_collected) - (time * 0.21251555)) * pods_collected) - -148.02481)"
12,88.493774,"min(square((16.022547 + pods_collected) - (time * 0.09833594)) + time, max_score)"
