Complexity,Loss,Equation
1,1466.3258514404297,"max_score_exp_ratios"
3,198.68031902194312,"(max_score_exp_ratios ^ 1.0229122653246587)"
4,198.59375,"floor(max_score_exp_ratios ^ 1.02288164705768)"
5,88.54176280611328,"min(max_score_exp_ratios ^ 1.023206384465287, max_score)"
6,88.45625,"min(floor(max_score_exp_ratios ^ 1.0232174683286317), max_score)"
7,75.50533385370967,"min((max_score_exp_ratios * 0.7786059664805958) ^ 1.0530020764156345, max_score)"
8,75.43254407321433,"min(floor(max_score_exp_ratios * 0.7783263278576549) ^ 1.0530814333918188, max_score)"
9,0.24542067561046957,"min((max_score_exp_ratios * (exp_pod_ratio ^ 0.06209817907931482)) * 1.1870643206904767, max_score)"
10,0.0,"min(floor((max_score_exp_ratios * (exp_pod_ratio ^ 0.062064788247539485)) * 1.1871465586113412), max_score)"
