Complexity,Loss,Equation
1,128.73702466957886,"max_score_exp_ratios"
3,85.29976708974137,"(max_score_exp_ratios ^ 1.0052533087043574)"
4,85.22222222222223,"floor(max_score_exp_ratios ^ 1.0051722230608329)"
5,80.81231797030993,"min(max_score_exp_ratios ^ 1.0052533589845665, max_score)"
6,80.74910394265233,"min(floor(max_score_exp_ratios ^ 1.0052701696773745), max_score)"
7,7.487529881219643,"((max_score_exp_ratios * 1.1857873917054078) * (exp_time_ratio ^ -0.27448890550235167))"
8,7.243727598566308,"floor((max_score_exp_ratios * 1.1859594150061228) * (exp_time_ratio ^ -0.2744218991702202))"
9,0.24368408104405903,"min((max_score_exp_ratios * 1.185799950235136) * (exp_time_ratio ^ -0.2745121518559668), max_score)"
10,0.0,"min(floor((max_score_exp_ratios * 1.1859594150061228) * (exp_time_ratio ^ -0.2744218991702202)), max_score)"
