Complexity,Loss,Equation
1,143.52789306640625,"max_score_exp_ratios"
3,129.85562896728516,"min(max_score_exp_ratios, max_score)"
5,126.32647356351988,"min(max_score_exp_ratios ^ 1.0014283350593318, max_score)"
6,126.265625,"min(floor(max_score_exp_ratios ^ 1.0014982783624087), max_score)"
7,24.286097986556857,"((max_score_exp_ratios * 1.134073303939388) * (exp_time_ratio ^ -0.25609588692754426))"
8,24.03125,"floor((max_score_exp_ratios * 1.1341970894388271) * (exp_time_ratio ^ -0.2560957639856342))"
9,0.4485965367471642,"min((max_score_exp_ratios * (exp_time_ratio ^ -0.25613662792136305)) * 1.1340976346450395, max_score)"
10,0.1875,"min(floor((max_score_exp_ratios * (exp_time_ratio ^ -0.2561321161842696)) * 1.1342188196122327), max_score)"
