Complexity,Loss,Equation
1,6346.995459618506,"max_score_exp_ratios"
3,524.9642370025824,"(max_score_exp_ratios * 1.1922391988524204)"
4,524.8571428571429,"floor(max_score_exp_ratios * 1.19228228508522)"
5,46.54781654522052,"min(max_score_exp_ratios * 1.192645736204686, max_score)"
6,46.4025974025974,"min(floor(1.1927021906300788 * max_score_exp_ratios), max_score)"
7,25.94543578774561,"min(1.1367130919735817 * (max_score_exp_ratios ^ 1.0046145356552225), max_score)"
8,25.837860289717938,"min(1.1367628305144937 * floor(max_score_exp_ratios ^ 1.0046108263198805), max_score)"
9,0.22528729898734237,"min(((exp_pod_ratio ^ 0.007209928809275322) * max_score_exp_ratios) * 1.1860175754185565, max_score)"
10,0.012987012987012988,"min(floor((exp_pod_ratio ^ 0.007187705113734597) * (max_score_exp_ratios * 1.1860532945562186)), max_score)"
