Complexity,Loss,Equation
1,1742.5779243695854,"max_score_exp_ratios"
3,76.2381366583989,"(max_score_exp_ratios ^ 1.0148811038734802)"
4,76.23762376237623,"floor(max_score_exp_ratios ^ 1.014883102889554)"
5,22.890444038320656,"min(max_score_exp_ratios ^ 1.0148898946365297, max_score)"
7,20.54883910552304,"min((max_score_exp_ratios ^ 1.0110982587495077) * 1.0366166682244804, max_score)"
8,20.50990099009901,"min(floor((max_score_exp_ratios ^ 1.0111522730611902) * 1.0360996847167205), max_score)"
9,3.7608704518719276,"min(max_score_exp_ratios * ((max_score * exp_pod_ratio) ^ 0.01314035464521452), max_score)"
10,3.6435643564356437,"min(floor(max_score_exp_ratios * ((max_score * exp_pod_ratio) ^ 0.013144233989900757)), max_score)"
11,2.0663812366393373,"min(max_score_exp_ratios * (((9.045705035669462 * exp_time_ratio) * max_score_exp_ratios) ^ 0.011656645367130472), max_score)"
12,1.8316831683168318,"min(floor(max_score_exp_ratios * (((max_score_exp_ratios * exp_time_ratio) * 9.376534045048295) ^ 0.01162521725582943)), max_score)"
