Complexity,Loss,Equation
1,1269.8994327771125,"max_score_exp_ratios"
3,75.31124738321162,"(max_score_exp_ratios ^ 1.0216662989686078)"
4,75.23344947735191,"floor(max_score_exp_ratios ^ 1.0216612980194433)"
5,30.48922752337848,"min(max_score_exp_ratios ^ 1.0216745912305671, max_score)"
6,30.4006968641115,"min(floor(max_score_exp_ratios ^ 1.0216842642281578), max_score)"
7,25.881001149330427,"min((max_score_exp_ratios ^ 1.034711306512759) * 0.8917884695971738, max_score)"
8,25.81533101045296,"min(floor((max_score_exp_ratios ^ 1.034865266025921) * 0.8906167095104741), max_score)"
9,0.23839601571685287,"min((max_score_exp_ratios * 1.187130616849538) * (1.0003574156107768 ^ pods), max_score)"
10,0.003484320557491289,"min(floor((max_score_exp_ratios * 1.1872361648925314) * (1.0003570137547315 ^ pods)), max_score)"
