Complexity,Loss,Equation
1,7596.9805078125,"max_score_exp_ratios"
3,1716.2437441963677,"(max_score_exp_ratios * 1.211997375715483)"
4,1716.16,"floor(max_score_exp_ratios * 1.2120046230269048)"
5,172.7401788687285,"min(max_score_exp_ratios ^ 1.018828283118724, max_score)"
6,172.66,"min(floor(max_score_exp_ratios ^ 1.0188414165797322), max_score)"
7,150.46334632767568,"min((max_score_exp_ratios * 0.8405547142759171) ^ 1.0360626748189894, max_score)"
8,150.34179367453612,"min(floor(max_score_exp_ratios * 0.8403817768026638) ^ 1.036083631619744, max_score)"
9,17.060349890610674,"min(max_score_exp_ratios * ((exp_pod_ratio * max_pods) ^ 0.03861519815450747), max_score)"
10,16.60332285378092,"min(max_score_exp_ratios * (floor(exp_pod_ratio * max_pods) ^ 0.03864624759777454), max_score)"
11,0.21052517400763468,"min(max_score_exp_ratios * ((exp_pod_ratio * (0.04392381333161501 * max_time)) ^ 0.041874307880975535), max_score)"
12,0.02,"min(floor(max_score_exp_ratios * ((exp_pod_ratio * (0.043973963015556596 * max_time)) ^ 0.04186699473136667)), max_score)"
