Complexity,Loss,Equation
1,368.0772955817145,"max_score_exp_ratios"
3,32.83282260338834,"(max_score_exp_ratios ^ 1.0245119166743237)"
5,7.917787770582444,"min(max_score_exp_ratios ^ 1.0245534180801878, max_score)"
7,6.251769407978553,"min((max_score_exp_ratios ^ 1.0152987955029233) * 1.0730592919803508, max_score)"
8,6.172972972972973,"min(floor((max_score_exp_ratios ^ 1.0146777368121267) * 1.078423063819055), max_score)"
9,0.26986813805013654,"min((max_score_exp_ratios * 1.1850139465767942) * (exp_pod_ratio ^ 0.023272860462779134), max_score)"
10,0.005405405405405406,"min(floor((max_score_exp_ratios * 1.1853969863574183) * (exp_pod_ratio ^ 0.02310822791985769)), max_score)"
