Complexity,Loss,Equation
1,5505.851853534551,"20025.000136298655"
2,5505.851851851852,"floor(20025.0452182815)"
3,1865.7597609575216,"(exp_pod_ratio * 14153.001311620725)"
5,1277.6328413673211,"min(max_score_exp_ratios * exp_pod_ratio, max_score)"
7,467.2100202314734,"min(max_score_exp_ratios * (1.311903177877009 ^ exp_pod_ratio), max_score)"
8,467.0,"min(floor(max_score_exp_ratios * (1.3118661606379696 ^ exp_pod_ratio)), max_score)"
9,0.20762689618971278,"min(max_score_exp_ratios * ((exp_pod_ratio * 1.3594835389555628) ^ 0.5600155193721418), max_score)"
10,0.0,"min(floor(max_score_exp_ratios * ((exp_pod_ratio * 1.3595596136213886) ^ 0.560004119048685)), max_score)"
