Complexity,Loss,Equation
1,0.9063256,"9.614529"
2,0.0030290294,"log(max_score)"
4,0.0030116767,"log(max_score * 0.9958195)"
5,0.0030116765,"(log(max_score) - tanh(0.004189526))"
6,0.000740354,"(log(max_score) + tanh(log(pods)))"
8,0.0007225411,"(log(max_score) + (tanh(log(pods)) * 1.0962328))"
9,0.000512062,"(log(max_score) + (exp(time) * (-0.9965958 + pods)))"
10,0.00044470775,"(log(max_score) + (tanh(log(pods)) / (1.363181 - time)))"
11,0.00042981323,"(log(max_score) + (tanh(log(pods)) * (exp(time) - 0.39572805)))"
12,0.00042594154,"(log(max_score) + (tanh(log(pods)) * ((time * 1.9799657) - -0.34520543)))"
13,0.0004073408,"(log(max_score) + (tanh(log(pods)) * (exp(time) - (0.004710816 * max_pods))))"
14,0.0003781146,"(log(max_score) + ((exp(time) - (pods - time)) * tanh(-0.99907213 + pods)))"
15,0.00034310267,"(log(max_score) + (tanh(log(pods)) * (exp(time * (pods * 2.024427)) - pods)))"
16,0.00032526752,"(log(max_score) + (tanh(log(pods)) * (exp((time * tanh(pods)) / 0.4232999) - pods)))"
17,0.00031318722,"(log(max_score) + (tanh(log(pods)) * (exp(time * (min(pods, 0.79982364) * 2.106124)) - pods)))"
18,0.00029604268,"(log(max_score) + (tanh(log(pods)) * (exp(((time * 18.24175) * pods) / log(max_score)) - pods)))"
19,0.0002867149,"(log(max_score) + (tanh(log(pods)) * (exp(((time * 21.250763) * tanh(pods)) / log(max_score)) - pods)))"
21,0.00027207212,"(log(max_score) + (tanh(log(pods)) * (exp(time * (min(time - tanh(log(pods)), pods) / 0.46715122)) - pods)))"
22,0.00026059544,"(log(max_score) + (tanh(log(pods)) * (exp(tanh(time) * (min(time - tanh(log(pods)), pods) / 0.3918659)) - pods)))"
24,0.00023062414,"(log(max_score) + (tanh(log(pods)) * (exp(tanh(time) * ((min(tanh(log(pods)) / -0.07822988, pods) * 3.5738776) - pods)) - pods)))"
26,0.00022991197,"(log(max_score) + (tanh(log(pods)) * (exp(tanh(time) * ((min(-0.052695625 - (tanh(log(pods)) / 0.07538478), pods) * 3.5737116) - pods)) - pods)))"
28,0.00022143633,"(log(max_score) + (tanh(log(pods)) * (exp(tanh(time) * ((min(-0.052695625 - (tanh(log(pods)) / 0.07538478), pods) * 3.5737116) - min(pods, 0.7218836))) - pods)))"
30,0.0002146451,"(log(max_score) + (tanh(log(pods)) * (exp(tanh(time) * ((min((tanh(-2.388263) + time) - (tanh(log(pods)) / 0.04932594), pods) * 3.440001) - tanh(pods))) - pods)))"
