Complexity,Loss,Equation
1,4.416216697301843e6,"max_score"
3,829172.1380702447,"(max_score * pods)"
5,792562.1886064583,"(max_score * (pods - -0.006889793115147566))"
6,689444.7180378109,"(exp(tanh(log(pods))) * max_score)"
7,605143.6669212508,"(max_score / exp(tanh(idiv(0.9490593089800636, pods))))"
8,344601.1608347631,"((max_score * 0.36808747514860607) * exp(idiv(pods, 0.9490593089800636)))"
9,181840.32701033071,"(max_score / exp(mod(tanh(idiv(0.9490593089800636, pods)), 1.9214928108808151)))"
11,150981.73298498074,"idiv(max_score, exp(mod(tanh(idiv(0.9490593089800636, pods)) / 1.1362291848912311, 1.8002866894255292)))"
13,130615.07893503639,"min(max_score * exp(pods - (tanh(idiv(0.9490593089800636, pods)) + time)), max_score)"
14,60361.16753941694,"min(idiv(max_score, 2.0790137532592943) * exp(idiv(pods, 0.9491656014825368) - (time - pods)), max_score)"
16,51535.058756730155,"min((max_score * 0.4810405616635881) * exp((idiv(pods, 0.9491656014825368) * 0.5133187415601788) - (time - pods)), max_score)"
17,36343.58612012811,"min((max_score * 0.43736894301512136) * exp((pods / mod(log(max_pods), 5.183396898688495)) - (time - pods)), max_score)"
18,27393.884112254575,"min(max_score * exp(mod(idiv(pods, 0.9491656014825368) * max_score, 0.9497458334851898) - ((time + 0.7183096008344628) - pods)), max_score)"
19,13529.907717516573,"min((max_score * 0.4478554677153271) * exp(((pods * pods) / mod(log(max_pods), 5.178534299497472)) - (time - pods)), max_score)"
20,11747.139569921534,"min((max_score * 0.4478554677153271) * exp(tanh((pods * pods) / mod(log(max_pods), 5.178534299497472)) - (time - pods)), max_score)"
21,7037.271156382035,"min((max_score * 0.4478554677153271) * exp(((pods * pods) / (mod(log(max_pods), 5.178534299497472) + time)) - (time - pods)), max_score)"
23,6830.622974814113,"min(((max_score * 0.45261966570183837) * exp(((pods * pods) / (mod(log(max_pods), 5.178534299497472) + time)) - (time - pods))) - max_pods, max_score)"
24,6132.722756481262,"min(((max_score * 0.45261966570183837) * exp(((pods * pods) / (mod(log(max_pods), 5.178534299497472) + time)) - (time - pods))) - exp(5.178534299497472), max_score)"
25,6083.639402699848,"min(((max_score * 0.45261966570183837) * exp(tanh((pods * pods) / (mod(log(max_pods), 5.178534299497472) + time)) - (time - pods))) - exp(5.178534299497472), max_score)"
26,5838.1525331318035,"min((((max_score + max_pods) * 0.45261966570183837) * exp(((pods * pods) / (mod(log(max_pods), 5.178534299497472) + time)) - (time - pods))) - exp(5.178534299497472), max_score)"
27,5735.787605254621,"min((((max_score + max_pods) * 0.45261966570183837) * exp(tanh((pods * pods) / (mod(log(max_pods), 5.178534299497472) + time)) - (time - pods))) - exp(5.178534299497472), max_score)"
28,5456.006918853326,"min(((max_score * 0.45261966570183837) * exp(((pods * pods) / (mod(log(max_pods), 5.178534299497472) + time)) - (time - pods))) - mod(-1.1771906716663392 * max_score, exp(5.178534299497472)), max_score)"
