Complexity,Loss,Equation
1,2756.5099009900955,"12907.16498826124"
3,83.5085854262071,"(max_score_exp_ratios * 0.4233422179048645)"
4,83.4009900990099,"floor(max_score_exp_ratios * 0.423358711795979)"
5,34.00694519606576,"min(max_score_exp_ratios * 0.423524284694766, max_score)"
6,33.89108910891089,"min(floor(max_score_exp_ratios * 0.4235295384829585), max_score)"
7,20.548674060020435,"min((max_score_exp_ratios * 0.3811880823829219) ^ 1.0111015137975212, max_score)"
8,20.491135678851688,"min(floor(max_score_exp_ratios * 0.38172629488520143) ^ 1.0109563698324695, max_score)"
11,2.0699273131151417,"min((max_score_exp_ratios * 0.00591903655607604) * log(exp(70.73828896618143) * exp_pod_ratio), max_score)"
12,1.881188118811881,"min(floor((max_score_exp_ratios * 0.005919251193442746) * log(exp(70.7381104689621) * exp_pod_ratio)), max_score)"
14,1.8613861386138615,"min(floor((max_score_exp_ratios * 0.005897414974064235) * log(exp(70.73730112622388) * (exp_pod_ratio * 1.3045435702348245))), max_score)"
