Complexity,Loss,Equation
1,539.9567567567567,"1903.9999999999707"
3,33.79780082814075,"(max_score_exp_ratios * 0.44230300781205933)"
4,33.66486486486487,"floor(max_score_exp_ratios * 0.44237793892110505)"
5,11.678311977835897,"min(max_score_exp_ratios * 0.4427490411240976, max_score)"
6,11.513513513513514,"min(floor(max_score_exp_ratios * 0.4428442029636944), max_score)"
7,6.252043503098004,"min((max_score_exp_ratios ^ 1.0152462620554799) * 0.3889469147627809, max_score)"
8,6.178378378378379,"min(floor((max_score_exp_ratios ^ 1.0146681103472601) * 0.3909561325923872), max_score)"
9,1.3336685067632166,"min((max_score_exp_ratios * 0.43248935599145555) / (0.9883313649575768 ^ exp_pod_ratio), max_score)"
10,0.2698644557598799,"min((max_score_exp_ratios * 0.4359423670957907) / (0.9769968870820068 ^ log(exp_pod_ratio)), max_score)"
11,0.0,"min(floor((max_score_exp_ratios * 0.43608690294936037) / (0.9771661816580621 ^ log(exp_pod_ratio))), max_score)"
