Complexity,Loss,Equation
1,1592.2312499999978,"7255.45024750569"
3,207.30316206221983,"(max_score_exp_ratios * 0.4490646629556338)"
4,207.225,"floor(max_score_exp_ratios * 0.4488956086551812)"
5,108.35604535455882,"min(0.4495031836099093 * max_score_exp_ratios, max_score)"
6,108.25625,"min(floor(max_score_exp_ratios * 0.4494857128917291), max_score)"
7,75.50530999095048,"min(0.2681022653982422 * (max_score_exp_ratios ^ 1.0529885601015117), max_score)"
8,75.4375,"min(floor(0.2680477631020578 * (max_score_exp_ratios ^ 1.0530166942989028)), max_score)"
9,0.24545029818602299,"min(0.43669661972274254 * ((exp_pod_ratio ^ 0.06209818532208597) * max_score_exp_ratios), max_score)"
10,0.0,"min(floor(0.43672570484555073 * ((exp_pod_ratio ^ 0.06207437539112739) * max_score_exp_ratios)), max_score)"
