Complexity,Loss,Equation
1,10092.792207792205,"38231.00000000008"
3,524.9646512474446,"(0.438600286824487 * max_score_exp_ratios)"
4,524.8571428571429,"floor(0.43861627331742553 * max_score_exp_ratios)"
5,46.54818445322461,"min(0.4387498085991259 * max_score_exp_ratios, max_score)"
6,46.4025974025974,"min(floor(0.4387705848805197 * max_score_exp_ratios), max_score)"
7,25.907160457840668,"min((0.41686939893173675 * max_score_exp_ratios) ^ 1.0048571474924324, max_score)"
8,25.830489974527463,"min(floor(0.4170882048528642 * max_score_exp_ratios) ^ 1.00480803140425, max_score)"
9,0.22523453383667394,"min((0.43631189518186586 * max_score_exp_ratios) * (exp_pod_ratio ^ 0.0072087327660925096), max_score)"
10,0.012987012987012988,"min(floor((0.4363236391699897 * max_score_exp_ratios) * (exp_pod_ratio ^ 0.007190122759936081)), max_score)"
