Complexity,Loss,Equation
1,700.1861313868604,"4056.2620366797273"
3,12.265079263714759,"(max_score_exp_ratios * 0.4364610840268268)"
4,12.021897810218977,"floor(0.43651782896338026 * max_score_exp_ratios)"
5,0.24632357932713886,"min(max_score_exp_ratios * 0.4364614788796609, max_score)"
6,0.0036496350364963502,"min(floor(max_score_exp_ratios * 0.43651741681344697), max_score)"
11,0.0,"min(floor((max_score_exp_ratios * 0.500753079701481) / (0.4521558959654776 / exp(-0.9310123206155565))), max_score)"
