Complexity,Loss,Equation
1,935.6718749999999,"4089.3699360958935"
3,141.31574357950666,"(max_score_exp_ratios * 0.3722611894337674)"
4,141.234375,"floor(max_score_exp_ratios * 0.3723130749166352)"
5,126.708196889456,"min(max_score_exp_ratios * 0.3724667797473704, max_score)"
6,126.6171875,"min(floor(max_score_exp_ratios * 0.3724920038683883), max_score)"
7,119.459177600284,"min((max_score_exp_ratios * 0.2581997300552604) ^ 1.044620817977171, max_score)"
8,39.161989774640325,"((log(exp_time_ratio / max_pods) * max_score_exp_ratios) * -0.10558784302441745)"
9,31.919343236015497,"((log(exp(exp_time_ratio) / 2843.139768505576) * max_score_exp_ratios) * -0.05831042625008855)"
10,14.90649738653947,"min((log(exp_time_ratio / max_pods) * max_score_exp_ratios) * -0.10558978917442968, max_score)"
11,10.470793359510452,"min((log(exp(exp_time_ratio) / 2763.199904449303) * max_score_exp_ratios) * -0.05857852759085525, max_score)"
12,2.248323139633996,"min((log(0.6646355030395871 / (max_pods / exp_time_ratio)) * max_score_exp_ratios) * -0.09465657072857322, max_score)"
13,2.2265625,"min(floor((log((0.6645598164399213 * exp_time_ratio) / max_pods) * max_score_exp_ratios) * -0.09466145403871183), max_score)"
14,1.5125434393176498,"min((log(exp_time_ratio / (max_pods * (1.0535193404139427 ^ exp_time_ratio))) * max_score_exp_ratios) * -0.10323315457967767, max_score)"
15,1.4765625,"min(floor((log(exp_time_ratio / (max_pods * (1.05345462259977 ^ exp_time_ratio))) * max_score_exp_ratios) * -0.10325045081704035), max_score)"
16,0.9358232713187071,"min((log(exp_time_ratio / (max_pods * ((1.0949701191271421 ^ exp_time_ratio) / 1.3737668881002858))) * max_score_exp_ratios) * -0.11116639182556164, max_score)"
17,0.8671875,"min(floor((log(exp_time_ratio / (max_pods * ((1.0949701191271421 ^ exp_time_ratio) / 1.3737668881002858))) * max_score_exp_ratios) * -0.11116639182556164), max_score)"
