Complexity,Loss,Equation
1,1434.3170731707291,"6792.000000000038"
3,95.09442816982359,"(max_score_exp_ratios * 0.44443264127734894)"
4,94.97909407665506,"floor(max_score_exp_ratios * 0.44435234744162605)"
5,53.8890997518585,"min(max_score_exp_ratios * 0.44490464899046755, max_score)"
6,53.749128919860624,"min(floor(max_score_exp_ratios * 0.4450342641373555), max_score)"
7,25.881078960487013,"min((max_score_exp_ratios ^ 1.0347069618528426) * 0.3168918496714295, max_score)"
8,25.818815331010452,"min(floor((max_score_exp_ratios ^ 1.0347036344525344) * 0.31695374056601405), max_score)"
12,17.916742626229457,"min(log(exp(max_score_exp_ratios / 191.4501804858678) * log(exp_pod_ratio)) * 85.81841114379492, max_score)"
13,5.83613117812575,"min(log((exp(max_score_exp_ratios / 355.25442821495295) * 0.19899330250542263) * exp_time_ratio) * 162.08756291953117, max_score)"
14,5.808362369337979,"min(floor(log(exp(max_score_exp_ratios / 355.47587563275084) * (exp_time_ratio * 0.1986756960656162)) * 162.21075543602782), max_score)"
17,5.649284544987932,"min(log(exp(max_score_exp_ratios / 355.1174786830764) * (exp(0.5593469734646488) / (log(max_score_exp_ratios) / exp_time_ratio))) * 162.3734909760954, max_score)"
18,4.5885718205991735,"min(log(exp(max_score_exp_ratios / 353.91469269733955) * (exp(1.2649261116837924) / ((max_score_exp_ratios / 355.11946611549075) / exp_time_ratio))) * 164.86782916274944, max_score)"
19,4.582936334129959,"min(log(exp(floor(max_score_exp_ratios) / 353.94911622889765) * ((exp(1.2719079508449378) / (max_score_exp_ratios / 353.9350662195184)) * exp_time_ratio)) * 164.8775426050754, max_score)"
23,4.560079139193346,"min(log(exp(max_score_exp_ratios / 353.9541091213972) * (exp(1.2651646195908883) / ((max_score_exp_ratios / (353.94911903207844 * (1.0219995063564908 ^ log(exp_time_ratio)))) / exp_time_ratio))) * 164.86405676746892, max_score)"
24,4.420191119751914,"min(log(exp(max_score_exp_ratios / 353.95404968785255) * (exp(1.2641724342133862) / ((max_score_exp_ratios / (355.1194639986473 * (1.0177214889726254 ^ log(floor(exp_pod_ratio))))) / exp_time_ratio))) * 164.86880495975797, max_score)"
25,4.419865906291309,"min(log(exp(max_score_exp_ratios / 353.95404968785255) * (exp(1.2641724342133862) / ((floor(max_score_exp_ratios) / (355.1194639986473 * (1.0177214889726254 ^ log(floor(exp_pod_ratio))))) / exp_time_ratio))) * 164.86880495975797, max_score)"
26,4.274699962150043,"min(log(exp(max_score_exp_ratios / 353.95404968785255) * (exp(1.2641724342133862) / ((max_score_exp_ratios / (355.1194639986473 * (1.0177214889726254 ^ (log(floor(exp_pod_ratio)) * exp_pod_ratio)))) / exp_time_ratio))) * 164.86880495975797, max_score)"
27,1.9315747132567573,"(min((max_score_exp_ratios / log(((exp(max_pods) * 0.06050394988204761) / exp_time_ratio) / exp_time_ratio)) * log(log(max_score_exp_ratios / log(1.0048149372206143))), max_time) * floor(0.0988797864963397 ^ log(log(1.3821728146345258))))"
28,1.9295119330340906,"(min((floor(max_score_exp_ratios) / log(((exp(max_pods) * 0.06050371268478609) / exp_time_ratio) / exp_time_ratio)) * log(log(max_score_exp_ratios / log(1.0048092300419798))), max_time) * floor(0.0988797864963397 ^ log(log(1.3821728146345258))))"
29,1.9295093272506207,"(min((floor(max_score_exp_ratios) / log(((exp(max_pods) * 0.060503709193340006) / exp_time_ratio) / exp_time_ratio)) * log(log(floor(max_score_exp_ratios / log(1.0048092307753125)))), max_time) * floor(0.0988797864963397 ^ log(log(1.3821728146345258))))"
30,1.9285877443564226,"(min((floor(max_score_exp_ratios) / log(((exp(max_pods) * (0.0663280981401672 / exp_time_ratio)) / exp_time_ratio) / 1.0560846397920916)) * log(log(max_score_exp_ratios / log(1.0047179248025182))), max_time) * floor(0.0988797864963397 ^ log(log(1.3821728146345258))))"
