Complexity,Loss,Equation
1,8654.799999999994,"38774.57265996275"
3,1680.3736063084225,"(max_score_exp_ratios ^ 0.9289967707426763)"
4,1680.26,"floor(max_score_exp_ratios ^ 0.928989371412926)"
5,227.13952730216218,"min(max_score_exp_ratios * 0.4467105829907081, max_score)"
6,227.02,"min(floor(max_score_exp_ratios * 0.4467162980615804), max_score)"
7,150.44082040390384,"min((max_score_exp_ratios ^ 1.0355811211137294) * 0.29804347513300206, max_score)"
8,150.36,"min(floor((max_score_exp_ratios ^ 1.0355815752300999) * 0.2980435780923254), max_score)"
11,3.1993359977794165,"min((max_score_exp_ratios / 5.20272047003073) * log(log(15983.487990410591 * exp_pod_ratio)), max_score)"
12,3.08,"min(floor((max_score_exp_ratios / 5.202662515323821) * log(log(15983.490682359201 * exp_pod_ratio))), max_score)"
14,2.91639336689579,"min((max_score_exp_ratios / log(93.95041325866208)) * log(log((max_score * exp_pod_ratio) ^ 0.6499615030965109)), max_score)"
15,2.82,"min(floor((max_score_exp_ratios / log(93.94439187191819)) * log(log((max_score * exp_pod_ratio) ^ 0.6499635077370095))), max_score)"
16,2.772736639576106,"min((max_score_exp_ratios / log(67.01924423746284)) * log(log((max_score * (2.5758697241391384 * exp_pod_ratio)) ^ 0.5171273648996578)), max_score)"
17,2.467155136253496,"min((max_score_exp_ratios / log(66.89964980644461)) * log(log(floor((max_score * (2.579071350716613 * exp_pod_ratio)) ^ 0.5167495696342731))), max_score)"
18,1.9931576565650906,"min((max_score_exp_ratios / log(178.05425546138886)) * log(log(((exp_pod_ratio ^ (-0.07108302965443007 / exp_pod_ratio)) / 6.722318419740432e-5) * exp_pod_ratio)), max_score)"
19,1.9818485274289561,"min((max_score_exp_ratios / log(178.05201374719738)) * log(log(floor((exp_pod_ratio ^ (-0.07108302965443007 / exp_pod_ratio)) / 6.722318419740432e-5) * exp_pod_ratio)), max_score)"
20,1.2543128403234733,"min((max_score_exp_ratios / log(175.0522521400082)) * log(log(((exp_pod_ratio ^ ((0.06444242656195405 * -1.5999365789836522) / exp_pod_ratio)) / 7.186999860075683e-5) * exp_pod_ratio)), max_score)"
21,1.24245237274823,"min((max_score_exp_ratios / log(floor(175.0522521400082))) * log(log(((exp_pod_ratio ^ ((0.0643879153754616 * -1.5999343831473953) / exp_pod_ratio)) / 7.196223405911589e-5) * exp_pod_ratio)), max_score)"
22,1.2416578509607648,"min((floor(max_score_exp_ratios) / log(floor(175.0522521400082))) * log(log(((exp_pod_ratio ^ ((0.0643879153754616 * -1.5999343831473953) / exp_pod_ratio)) / 7.196223405911592e-5) * exp_pod_ratio)), max_score)"
23,0.6333468535106657,"min((max_score_exp_ratios / log(floor(272.69329379793345))) * log(log(((((exp_pod_ratio / 272.69330125167886) ^ (-0.0400081208923122 * exp_pod_ratio)) / 9.016470234171137e-6) * exp_pod_ratio) / 1.3109891442980555)), max_score)"
28,0.6332873223436036,"min((max_score_exp_ratios / log(floor(272.69329379793345))) * log(log(((((floor(exp_pod_ratio * max_score) / (272.69329379793345 * max_score)) ^ (-0.0400081208923122 * exp_pod_ratio)) / 9.01647023417114e-6) * exp_pod_ratio) / 1.3109891442980555)), max_score)"
