Complexity,Loss,Equation
1,542.5913978494622,"2735.999999999985"
3,85.94292123028262,"(max_score_exp_ratios * 0.38373296635339293)"
4,85.88172043010752,"floor(max_score_exp_ratios * 0.38361873477547836)"
5,81.5195083310387,"min(max_score_exp_ratios * 0.38373299264777005, max_score)"
6,81.45519713261649,"min(floor(max_score_exp_ratios * 0.3840255941109788), max_score)"
7,77.14614233939697,"min((max_score_exp_ratios * 0.22445590942334664) ^ 1.0712154911134282, max_score)"
8,9.008013276915156,"((-1.3949851305011796 / log(0.04202931457508734 / exp_time_ratio)) * max_score_exp_ratios)"
9,8.906810035842295,"floor((max_score_exp_ratios * -1.3924776257867044) / log(0.04232958560048013 / exp_time_ratio))"
10,1.5538917830666799,"min((max_score_exp_ratios * -1.3941771464335346) / log(0.04211893793450861 / exp_time_ratio), max_score)"
11,1.4444444444444444,"min(floor((max_score_exp_ratios * -1.3924768265418783) / log(0.04232994741985831 / exp_time_ratio)), max_score)"
12,1.4372759856630823,"min(floor((max_score_exp_ratios * -1.3928687679453697) / log(exp(-3.1632613190015193) / exp_time_ratio)), max_score)"
15,1.1648745519713262,"floor((max_score_exp_ratios * -1.3816493869028261) / log((exp(-3.1283388219092747) * exp(-1.4457181918396576 / time)) / exp_time_ratio))"
16,0.5722394114181866,"min((max_score_exp_ratios * -2.2161474081042645) / log((exp(-4.725351181309742) / exp_time_ratio) / exp(exp_time_ratio * 0.36468910832746204)), max_score)"
17,0.5340501792114696,"min(floor((max_score_exp_ratios * -2.216233970088934) / log((exp(-4.725679289088482) / exp_time_ratio) / exp(exp_time_ratio * 0.36419243078967595))), max_score)"
22,0.32974910394265233,"min(floor((max_score_exp_ratios * -2.0427513446505254) / log(((exp(-3.4020418811203714) / exp(time / time)) / exp_time_ratio) / exp(exp_time_ratio * 0.2839606585045894))), max_score)"
