Complexity,Loss,Equation
1,1782.0710900473912,"8222.00000000003"
3,35.463761481255155,"(max_score_exp_ratios * 0.42718529937261346)"
4,35.21800947867298,"floor(max_score_exp_ratios * 0.42720869888168356)"
5,1.3840405621245924,"min(max_score_exp_ratios * 0.42718684803575996, max_score)"
6,1.127962085308057,"min(floor(max_score_exp_ratios * 0.4272086988816636), max_score)"
12,1.1232227488151658,"min(floor((max_score_exp_ratios * 0.427208593810338) * (1.4469353123285602 ^ (0.00855300228184199 / max_score_exp_ratios))), max_score)"
