Complexity,Loss,Equation
1,5505.851851851942,"20025.000000007298"
2,5505.851851851852,"floor(20025.055839821827)"
3,1865.759759695467,"(14153.001292089695 * exp_pod_ratio)"
5,1796.2646390853895,"((max_score * exp_pod_ratio) ^ 0.9132042836288099)"
6,1796.1975308641975,"floor((max_score * exp_pod_ratio) ^ 0.9131998354717628)"
7,929.8751747861731,"min((max_score_exp_ratios * exp_pod_ratio) ^ 0.9081647957845719, max_score)"
8,929.8591147212411,"min((floor(max_score_exp_ratios) * exp_pod_ratio) ^ 0.9081647957845719, max_score)"
9,475.67639045051084,"min(((max_score_exp_ratios / 0.06151456500686921) * exp_pod_ratio) ^ 0.7245980371135705, max_score)"
10,475.61728395061726,"min(floor(((max_score_exp_ratios / 0.06151456500759721) * exp_pod_ratio) ^ 0.7245980371140555), max_score)"
11,246.83616168142402,"min((((max_score * exp_pod_ratio) * exp_pod_ratio) ^ 0.9183540481692037) / exp_time_ratio, max_score)"
13,0.20771986709264137,"min((max_score / exp_time_ratio) * (((0.39026845685181866 * exp_pod_ratio) * exp_pod_ratio) ^ 0.880008818789702), max_score)"
14,0.0,"min(floor((max_score / exp_time_ratio) * (((0.3902783331034991 * exp_pod_ratio) * exp_pod_ratio) ^ 0.880005447661259)), max_score)"
