Complexity,Loss,Equation
1,1252.0066666666658,"8254.593495440335"
3,53.94270123271109,"(max_score_exp_ratios * 0.4369956478209731)"
4,53.942698338224226,"(max_score_exp_ratios * log(1.5480493698477147))"
5,53.72666666666667,"floor(max_score_exp_ratios * log(1.5480874012789203))"
6,0.49972438425104554,"min(max_score_exp_ratios * log(1.548087940835208), max_score)"
7,0.013333333333333334,"min(floor(max_score_exp_ratios * log(1.5480874012788883)), max_score)"
9,0.006666666666666667,"min(floor((max_score_exp_ratios * 1.0569674815514005) * log(1.5120515185185643)), max_score)"
10,0.0,"min(floor((max_score_exp_ratios * log(37.938707051675436)) * log(1.127715416462532)), max_score)"
