Complexity,Loss,Equation
1,0.9063256,"9.614529"
2,0.0030290294,"log(max_score)"
4,0.0030116774,"log(max_score * 0.99581957)"
5,0.0030116765,"log(max_score / exp(0.0041893423))"
6,0.000740354,"(tanh(log(pods)) + log(max_score))"
7,0.0007295466,"(log(max_score) - cos(-1.5758053 * pods))"
8,0.0007138337,"log(max_score / (cos(exp(pods)) + 1.9085158))"
9,0.00043539167,"((exp(pods ^ time) - 2.7171144) + log(max_score))"
10,0.00041510462,"((((pods ^ 4.0370793) ^ time) - 0.997427) + log(max_score))"
11,0.00032040387,"((min(exp(pods) - 1.9548488, time) - time) + log(max_score))"
12,0.0003122703,"(sin(min((exp(pods) - 1.9926813) - time, -0.000234944)) + log(max_score))"
13,0.00023944993,"min(((pods ^ 9.7823715) - (time ^ pods)) + log(max_score), log(max_score))"
14,0.00019436347,"((min(((pods ^ 17.93554) + pods) - 0.76679534, time) - time) + log(max_score))"
15,0.00019436306,"((min(((pods ^ 17.937029) + pods) - sin(0.8740464), time) - time) + log(max_score))"
16,0.00017892211,"((min(min(((pods ^ 17.941666) + pods) - 0.7649773, time), 0.7289056) - time) + log(max_score))"
17,0.00017427233,"min(((((pods ^ 18.656218) + pods) - 0.69657415) - time) + log(max_score - max_time), log(max_score))"
18,0.00016858845,"min((min(((pods ^ 17.551544) + pods) - 0.76665586, cos(time)) - time) + log(max_score), log(max_score))"
19,0.0001426724,"min((min(((pods ^ 19.201372) + pods) - 0.7250984, 0.73151916) - time) + log(max_score + -214.0371), log(max_score))"
20,0.00013822768,"min((min(((pods ^ 19.200624) + -0.7255838) + pods, cos(time)) - time) + log(max_score + -214.03712), log(max_score))"
21,0.000120118464,"((min(min(((pods ^ 16.94318) + pods) - cos(0.700141), exp(sin(max_score * 1.1713436))), time) - time) + log(max_score))"
23,5.8884547e-5,"min((min(((pods ^ 16.943182) + pods) - 0.7002515, exp(sin(max_score * -0.07519562))) - time) + log(max_score - max_time), log(max_score))"
29,4.9460945e-5,"min((min(min(((pods ^ 16.94318) + pods) - 0.70017827, exp(sin(max_score * 1.1715354))), exp(sin(max_score * 1.1713529))) - time) + log(max_score - max_time), log(max_score))"
