Complexity,Loss,Equation
1,539.9567567567562,"1903.9999999999957"
3,33.7978008100485,"(max_score_exp_ratios * 0.44230300919899046)"
4,33.66486486486487,"floor(max_score_exp_ratios * 0.44238178606878614)"
5,11.678311976976737,"min(max_score_exp_ratios * 0.4427490412027676, max_score)"
6,11.513513513513514,"min(floor(max_score_exp_ratios * 0.44284414130228095), max_score)"
7,6.040453999308298,"min((max_score_exp_ratios * 0.44990281584083486) + -33.272774228518976, max_score)"
8,5.9837837837837835,"min(floor((max_score_exp_ratios * 0.44994246037416974) - 33.153532195556785), max_score)"
9,1.7664469570474308,"min((max_score_exp_ratios * 0.4510305762738719) - (78.71662076481903 / exp_time_ratio), max_score)"
10,1.6486486486486487,"floor(min((max_score_exp_ratios * 0.4510864340684816) - (78.73649592776187 / exp_time_ratio), max_score))"
11,0.7905356356688658,"min((max_score_exp_ratios * 0.4557083191260234) - ((91.67785949606738 + pods) / exp_time_ratio), max_score)"
12,0.6702702702702703,"floor(min((max_score_exp_ratios * 0.45565306385788074) - ((90.1008413555579 + pods) / exp_time_ratio), max_score))"
13,0.2933870426133888,"min((max_score_exp_ratios * 0.4591087486995587) - ((102.22516738002118 + (pods * 1.6912117887827554)) / exp_time_ratio), max_score)"
14,0.15675675675675677,"floor(min((max_score_exp_ratios * 0.45901772093329407) - ((100.97198016860332 + (pods * 1.6781333677987678)) / exp_time_ratio), max_score))"
16,0.15135135135135136,"floor(min(((max_score_exp_ratios - 0.3757218748733349) * 0.4590711108376238) - ((100.97198016860332 + (pods * 1.6781333677987678)) / exp_time_ratio), max_score))"
20,0.14594594594594595,"floor(min(((max_score_exp_ratios * 0.45901772093329407) - (min(100.97198016860332 + (pods * 1.6781333677987678), max_score_exp_ratios) / exp_time_ratio)) - (0.6388763702933882 ^ pods), max_score))"
