Complexity,Loss,Equation
1,1434.3170731707291,"6792.000000000034"
3,95.0944281710605,"(max_score_exp_ratios * 0.4444326412477778)"
4,94.97909407665506,"floor(max_score_exp_ratios * 0.4444067020244489)"
5,53.88909974646994,"min(max_score_exp_ratios / 2.247672624895796, max_score)"
6,53.749128919860624,"min(floor(max_score_exp_ratios * 0.4450343117236205), max_score)"
7,26.288923394489178,"min(max_score, (max_score_exp_ratios * 0.45965124532084967) + -252.30241591349187)"
8,26.2404181184669,"floor(min((max_score_exp_ratios * 0.4596146742682893) + -250.9444124352785, max_score))"
9,5.376242242618453,"min(max_score_exp_ratios / (2.315284095110097 - (0.03483466327813313 * exp_pod_ratio)), max_score)"
10,0.2801487364129043,"min(max_score_exp_ratios / (2.2894997587388244 - (0.06669239136371526 * log(exp_pod_ratio))), max_score)"
11,0.14285714285714285,"min(floor(max_score_exp_ratios / (2.2893127804219646 - (0.06660062240343581 * log(exp_pod_ratio)))), max_score)"
12,0.0,"floor(min(max_score_exp_ratios / exp(0.8283723399886083 - (0.02962951942409441 * log(exp_pod_ratio))), max_score))"
