Complexity,Loss,Equation
1,1204.7715,"score_per_time"
3,88.5,"(score_per_pod / 5.1887956)"
5,33.557144,"(0.16060221 * (score_per_pod * pr))"
7,32.0,"(0.16129701 * ((score_per_pod * pr) - 3.4369705))"
9,30.857143,"(0.16129968 * (((score_per_pod + 4.2415204) * pr) - 8.532671))"
10,27.971428,"(0.16093636 * ((score_per_pod * pr) - exp(exp(sin(score_per_pod)))))"
12,23.1,"(0.16104585 * ((score_per_pod * pr) - exp(exp(sin(score_per_pod * -0.53347987)))))"
14,21.828571,"(0.16069847 * (((score_per_pod * pr) - -1.2976593) - exp(exp(sin(score_per_pod * -0.53412217)))))"
15,19.957144,"(0.16169527 * (((score_per_pod + -4.0354443) * pr) - (sin(pr * max_score) / sin(max_pods))))"
16,19.87143,"(0.16174936 * (((score_per_pod + -4.178677) * pr) - (sin(pr * max_score) / sin(sin(max_pods)))))"
17,16.014286,"(0.16169527 * (((score_per_pod + -4.0354443) * pr) - (sin(pr * max_score) / min(sin(max_pods), score_per_pod_per_time))))"
19,15.828571,"(0.16169527 * (((score_per_pod + -4.0354443) * pr) - (sin(pr * max_score) / min(min(sin(max_pods), score_per_pod_per_time), 0.2203499))))"
