Complexity,Loss,Equation
1,1204.9878,"score_per_time"
3,88.73736,"(0.19273296 * score_per_pod)"
5,74.30067,"(max(pods_collected, score_per_pod) * 0.19273275)"
6,74.30042,"(exp(-1.6464497) * max(pods_collected, score_per_pod))"
7,41.053143,"max(score_per_pod * 0.19273292, max_pods + -172.3277)"
9,40.06741,"(max(score_per_pod * 0.19311634, max_pods + -172.03008) + -0.29698956)"
10,38.606384,"max((0.19363299 * score_per_pod) - exp(-0.5155469), max_pods + -172.3277)"
11,38.49719,"(max(max_pods - (score_per_pod - -3.1108906), 0.19357681 * score_per_pod) + -0.55990875)"
13,38.48338,"(max(max_pods - (score_per_pod - -3.1108906), 0.19357604 * (score_per_pod + -0.035776418)) + -0.55990624)"
15,33.331547,"(0.4135772 * max(pods_collected + -104.66004, 0.46519873 * (score_per_pod + (0.45724815 / (score_per_pod_per_time - 0.5658585)))))"
16,32.529144,"(0.41338852 * max(pods_collected + -104.66004, 0.4651978 * (score_per_pod + (0.65090615 / (score_per_pod_per_time - exp(-0.5809834))))))"
18,31.796951,"(0.41338852 * max(pods_collected + -104.66004, 0.4651978 * (score_per_pod + (0.65090615 / (max(0.29129326, score_per_pod_per_time) - exp(-0.5809834))))))"
20,31.656044,"(0.41338852 * max(pods_collected + -104.66004, 0.4651978 * (score_per_pod + (0.65090615 / max(score_per_pod_per_time - exp(-0.5809834), -0.38194975 + 0.08578959)))))"
22,31.604116,"(0.41338888 * max(pods_collected + -104.66004, 0.4651983 * (score_per_pod + ((-0.8140268 + 1.4589615) / max(score_per_pod_per_time - exp(-0.58098364), -0.3819497 + 0.08578966)))))"
24,31.542063,"(0.41338888 * max(pods_collected + (-104.66004 - -0.05291247), 0.4651983 * (score_per_pod + ((-0.8140268 + 1.4589615) / max(score_per_pod_per_time - exp(-0.58098364), -0.3819497 + 0.08578966)))))"
