Complexity,Loss,Equation
1,0.4305371,"score_per_time"
3,0.040678784,"(0.19271503 * score_per_pod)"
5,0.040563073,"((0.19355999 * score_per_pod) - 0.56019485)"
6,0.040562633,"((0.19355881 * score_per_pod) + log(0.57139176))"
7,0.031033305,"max(pods_collected - 172.29173, 0.19271503 * score_per_pod)"
9,0.030652434,"max(pods_collected - 172.29173, (0.19355999 * score_per_pod) - 0.56019485)"
11,0.027138788,"max(pods_collected - 172.29173, (0.19318344 * score_per_pod) - (22.99054 / max_pods))"
12,0.024937825,"max(pods_collected - 172.29173, (0.19271503 * score_per_pod) - (336.53702 / exp(score_per_time)))"
14,0.024748113,"max(pods_collected - 172.29173, (0.19271503 * score_per_pod) - ((336.53702 - score_per_time) / exp(score_per_time)))"
16,0.024569292,"max(pods_collected - 172.29173, (0.19270436 * score_per_pod) - max(336.53702 / exp(score_per_time), 0.27885965 - score_per_pod_per_time))"
17,0.023717633,"max(pods_collected - 172.29173, (0.19270436 * score_per_pod) - max(336.53702 / exp(score_per_time), -1.6911979 - log(score_per_pod_per_time)))"
19,0.023525888,"max(pods_collected - 172.29173, (0.19270436 * score_per_pod) - max(336.53702 / (exp(score_per_time) * 1.0340065), -1.6911979 - log(score_per_pod_per_time)))"
21,0.02332056,"max(pods_collected - 172.29173, (0.19270436 * score_per_pod) - max(336.53702 / (exp(score_per_time) * 1.0340065), -1.6911979 - (log(score_per_pod_per_time) * 0.9670254)))"
24,0.022641914,"max(pods_collected - 172.29173, (0.19402267 * score_per_pod) + min(-0.17455103, log(score_per_pod_per_time) - min(score_per_pod - (log(score_per_pod) - (log(1.3752984) - 172.29173)), 0.7348378)))"
