Complexity,Loss,Equation
1,1204.7715,"score_per_time"
3,88.5,"(0.19274326 * score_per_pod)"
5,33.557144,"((pr * 0.16060196) * score_per_pod)"
7,32.014286,"(((score_per_pod / 6.199791) * pr) + -0.55338514)"
9,24.028572,"(((score_per_pod / 6.1984844) * pr) + mod(max_score, -1.7684671))"
11,23.742857,"(((score_per_pod / 6.1985283) * pr) + (mod(max_score, -1.7684741) / pr))"
12,23.22857,"(((score_per_pod / 6.1985283) * pr) + (mod(max_score, -1.7684767) + log(pr)))"
13,20.457144,"(((score_per_pod / 6.17635) * pr) + (mod(score_per_pod / 6.17612, -2.799845) / 1.6480428))"
15,18.5,"(((pr * 0.16062275) * score_per_pod) + mod(max_time, log(mod(max_time, exp(6.84951) / max_time))))"
17,14.528571,"(((pr * 0.16062275) * score_per_pod) + mod(mod(max_pods, max_pods), log(mod(max_time, exp(6.84951) / max_time))))"
