Complexity,Loss,Equation
1,1204.7715,"score_per_time"
3,88.5,"(score_per_pod * 0.19272329)"
5,74.057144,"(max(score_per_pod, pods_collected) * 0.1927431)"
7,40.728573,"max(pods_collected + -172.29968, score_per_pod * 0.19272326)"
9,40.157143,"max((score_per_pod - 4.143545) * 0.19432817, -172.33891 + pods_collected)"
11,38.228573,"((max(score_per_pod, (-160.96996 + max_pods) * 4.224788) * 0.19362211) - 0.59018266)"
12,37.814285,"((max(score_per_pod, (max_pods + -173.89256) * 5.3757496) * 0.19687858) - exp(score_per_pod_per_time))"
13,36.942856,"(((score_per_pod + max((-164.92207 + max_pods) / 0.6673669, 1.6668243)) * 0.19358625) - 0.9034299)"
14,36.842857,"(((score_per_pod + (max(-165.424 + max_pods, 0.39156437) * 1.4911128)) * 0.19364938) - log(2.0638955))"
15,36.528572,"((((score_per_pod + (max(-165.19919 + pods_collected, 0.19177067) * 1.4726274)) * 0.19568025) - score_per_pod_per_time) - 0.9930753)"
16,35.54286,"((((score_per_pod + (max(-165.14455 + pods_collected, 0.21372846) * 1.4164008)) * 0.19764997) - log(score_per_pod_per_time)) - 3.3087192)"
18,35.2,"max((((score_per_pod + (max(-165.14456 + pods_collected, 0.1617714) * 1.4132429)) * 0.19764997) - log(score_per_pod_per_time)) - 3.3060155, score_per_time)"
20,31.485714,"max((((score_per_pod + (max(-165.14455 + pods_collected, 0.21372846) * 1.4164008)) * 0.19764997) - log(score_per_pod_per_time)) - 3.3087192, 1.737489 + score_per_time)"
21,30.614286,"max((((score_per_pod + (max(-165.14456 + pods_collected, 0.1617714) * 1.4132429)) * 0.19764997) - log(score_per_pod_per_time)) - 3.3060155, score_per_time / exp(-0.12684761))"
24,30.285715,"max((((score_per_pod + (max(-165.14456 + pods_collected, 0.1617714) * 1.4132429)) * 0.19764997) - log(score_per_pod_per_time)) - 3.3060155, (score_per_time * 1.1284168) + (0.49461702 * -0.5019334))"
