Complexity,Loss,Equation
1,1446.7715,"37.69031"
3,88.5,"(0.19274288 * score_per_pod)"
5,33.557144,"(score_per_pod * (0.16060309 * pr))"
7,32.0,"((-3.4359984 + (pr * score_per_pod)) * 0.16129686)"
9,30.814285,"max((-3.4359984 + (pr * score_per_pod)) * 0.16129686, 16.508781)"
10,27.557142,"((pr * (score_per_pod - exp(exp(sin(score_per_pod))))) * 0.16101956)"
11,24.828571,"((pr * (score_per_pod - exp(3.0450945 * sin(score_per_pod)))) * 0.16064854)"
12,7.7,"(ms * sin(sin(min(189.49646, pr * sin(0.39121065))) / max_pods))"
