Complexity,Loss,Equation
1,1205.3,"score_per_time"
3,88.98572,"(score_per_pod * 0.19272518)"
5,34.04286,"((pr * score_per_pod) * 0.16060431)"
7,32.528572,"(((pr * score_per_pod) - 3.4574032) * 0.16130473)"
9,27.928572,"((pr * (score_per_pod + mod(score_per_pod, -17.289873))) * 0.16330299)"
11,19.12857,"((pr * (score_per_pod + mod(score_per_time, mod(score_per_pod, -17.217327)))) * 0.16159265)"
13,16.828571,"((pr * (score_per_pod + mod(max_score - score_per_pod, mod(score_per_pod, -17.290201)))) * 0.1611338)"
16,16.6,"((pr * (score_per_pod + (mod(score_per_time - exp(score_per_pod_per_time), mod(score_per_pod, -17.289982)) / pr))) * 0.1611338)"
17,15.657143,"((pr * (score_per_pod + (mod(score_per_time - mod(score_per_pod, -17.239668), mod(score_per_pod, -17.289948)) / pr))) * 0.16084316)"
19,14.428572,"((pr * (score_per_pod + (mod(score_per_time - (mod(score_per_pod_per_time, 0.7908444) / 0.24162985), mod(score_per_pod, -17.289946)) / pr))) * 0.16083233)"
22,14.271428,"((pr * (score_per_pod + (mod(score_per_time - ((mod(score_per_pod_per_time, 0.79084456) / log(1.1864939)) + -0.20678684), mod(score_per_pod, -17.289957)) / pr))) * 0.16085553)"
24,13.514286,"((pr * (score_per_pod + min((mod(score_per_time - exp(mod(score_per_time, 0.65875065) / 0.44493333), mod(score_per_pod, -17.289927)) + pr) / 1.1788052, -0.032183338))) * 0.16071399)"
