Complexity,Loss,Equation
1,1.1707791,"pods_collected"
3,0.3061099,"(pods_collected ^ 2.0908277)"
5,0.04067877,"((max_time * 0.19271503) * pods_collected)"
7,0.040603016,"((-0.77677304 + max_time) * (0.19294491 * pods_collected))"
8,0.040279604,"(((max_time * 0.18608683) + log(score_per_time)) * pods_collected)"
9,0.034393426,"(min(max_score * 0.030786678, max_time * 0.19271503) * pods_collected)"
10,0.031131526,"((max(max_time, exp(pods_collected * 0.03567918)) * 0.19263004) * pods_collected)"
12,0.031028045,"((max(max_time, exp(max_pods * 0.049343295) * 0.04956901) * 0.19271503) * pods_collected)"
13,0.030887509,"((max(((pods_collected * 0.06428183) + -2.4748456) * pods_collected, max_time) * 0.19271503) * pods_collected)"
15,0.030860698,"(((max(((pods_collected * 0.064280264) + -2.4748456) * pods_collected, max_time) * 0.1927058) * pods_collected) + -0.48413715)"
16,0.03080098,"(((max(((pods_collected * 0.064280264) + -2.4748456) * pods_collected, max_time) * 0.1927058) * pods_collected) + log(score_per_pod_per_time))"
17,0.030665133,"((max(max_time, max(max_pods / 0.1722736, ((max_pods * 0.06408426) + -2.4910526) * max_pods)) * 0.1912251) * pods_collected)"
18,0.029556138,"((max(max_time + (log(score_per_time) / 0.16205831), ((max_pods * 0.06946209) + -3.1153417) * max_pods) * 0.18497272) * pods_collected)"
20,0.028798826,"((max(max_time + (log(score_per_time + -3.115342) / 0.16205831), ((max_pods * 0.06946219) + -3.115342) * max_pods) * 0.18497275) * pods_collected)"
21,0.024986181,"((max(max_time + (-6.836332 / score_per_pod_per_time), max(max_pods / 0.17560561, ((max_pods * 0.057863913) + -1.5303248) * pods_collected)) * 0.19489302) * pods_collected)"
23,0.024287209,"((max(max_time + ((-6.836275 / score_per_pod_per_time) - 2.3031373), max(max_pods / 0.17589688, ((pods_collected * 0.056649026) + -1.2886174) * pods_collected)) * 0.19545206) * pods_collected)"
25,0.022875216,"((max(max_time + ((-6.8388567 / max(score_per_pod_per_time, 0.21042675)) - 2.3037472), max(max_pods / 0.17571208, ((pods_collected * 0.056649026) + -1.2886174) * pods_collected)) * 0.19514671) * pods_collected)"
27,0.022233713,"((max(max_time + ((-6.8388505 / max(score_per_pod_per_time, 0.21042837)) - 2.303745), max(max_pods / 0.17560829, (((pods_collected * 0.05957906) + -1.5231231) - score_per_pod_per_time) * pods_collected)) * 0.19540909) * pods_collected)"
29,0.021944772,"(((max(max_time + ((-6.8388505 / max(score_per_pod_per_time, 0.21042837)) - 2.303745), max(max_pods / 0.17560829, (((pods_collected * 0.05957906) + -1.5231231) - score_per_pod_per_time) * pods_collected)) - 0.95623654) * 0.19540909) * pods_collected)"
