Complexity,Loss,Equation
1,0.19748256,"score_per_time"
3,0.018658902,"(score_per_pod * 0.19271503)"
5,0.0183741,"((score_per_pod / 5.4968715) ^ 1.0120242)"
7,0.014233589,"(max(1.0031544 ^ max_time, score_per_pod) / 5.1892276)"
9,0.0139581375,"((max(1.0031544 ^ max_time, score_per_pod) / 5.49413) ^ 1.0119189)"
11,0.012861205,"min(max(score_per_pod / 5.189225, pods_collected - score_per_pod), score_per_time ^ 1.3342502)"
12,0.010472685,"min(max(max_pods - exp(5.1488185), score_per_pod / 5.1892276), score_per_time ^ 1.3342502)"
14,0.010346259,"min(max(max_pods - exp(5.1488333), score_per_pod / 5.191008), (score_per_time ^ 1.3342557) - 0.09415951)"
17,0.010264924,"min(max(1.0031544 ^ max_time, score_per_pod) / 5.1892276, (score_per_time ^ (0.4467417 + 0.88818055)) + (-0.8362033 / score_per_time))"
