Complexity,Loss,Equation
1,1447.3,"37.704544"
3,88.98572,"(0.1927252 * score_per_pod)"
5,74.41428,"(max(pods_collected, score_per_pod_idiv) * 0.1928784)"
6,63.25714,"((0.1928389 * exp(pr_diff)) * score_per_pod_idiv)"
7,33.6,"((1.1847817 + pr_diff) * (score_per_pod_idiv * 0.16279961))"
9,31.542856,"(((1.1709872 + pr_diff) * (score_per_pod * 0.16530575)) - 0.5590285)"
12,31.428572,"((score_per_pod_idiv / 5.162808) + (sin(-0.5882328) + ((score_per_pod_idiv / 5.989874) * pr_diff)))"
14,30.814285,"(((((score_per_pod * pr_diff) / 5.8860703) + score_per_pod_idiv) - (exp(-0.21607642) * score_per_pod)) - 0.5308943)"
15,30.7,"((((score_per_pod * pr_diff) / 5.8769126) + (sin(-0.5449285) + score_per_pod_idiv)) - (exp(-0.2160264) * score_per_pod))"
16,29.571428,"(((min((max_time * pr_diff) / 10.64728, 16.088877) + score_per_pod_idiv) - (exp(-0.21603158) * score_per_pod)) + -0.50387853)"
18,29.2,"(((min(((max_time + pods_collected) * pr_diff) / 10.64728, 16.088877) + score_per_pod_idiv) - (exp(-0.2160055) * score_per_pod)) + -0.50386626)"
21,29.185715,"(((min(((max_time + pods_collected) * sin(pr_diff)) / 10.64728, 16.088877) + score_per_pod_idiv) - (exp(min(-0.2160055, pods_collected)) * score_per_pod)) + -0.50386626)"
22,29.171429,"(((min(((max_time + pods_collected) * pr_diff) / (10.64728 + pr_diff), 16.088877) + score_per_pod_idiv) - (exp(min(-0.2160055, pods_collected)) * score_per_pod)) + -0.50386626)"
24,24.471428,"((score_per_pod_idiv / exp(sin(exp(exp(sin(sin(exp(0.8699329) - score_per_pod_idiv) - 0.97438663) - 1.9972049) / 0.66066045) - pr_diff) - 1.615696)) / 10.794513)"
