Complexity,Loss,Equation
1,542.5913978494623,"2735.999999999989"
3,85.9429212438687,"(max_score_exp_ratios * 0.3837328033783845)"
4,85.8853046594982,"floor(0.3836274360671969 * max_score_exp_ratios)"
5,81.51950832185607,"min(0.38373299197851235 * max_score_exp_ratios, max_score)"
6,81.45519713261649,"min(floor(0.3840260706166067 * max_score_exp_ratios), max_score)"
7,7.487578797298723,"(((exp_time_ratio ^ -0.2744939116979682) * 0.4362281532527611) * max_score_exp_ratios)"
8,7.243727598566308,"floor(((exp_time_ratio ^ -0.27441222777200613) * 0.4362885606201161) * max_score_exp_ratios)"
9,0.24373603691403123,"min(((exp_time_ratio ^ -0.274532555165291) * 0.4362362973048952) * max_score_exp_ratios, max_score)"
10,0.0,"min(floor(((exp_time_ratio ^ -0.27441222777200613) * 0.4362885606201161) * max_score_exp_ratios), max_score)"
