Complexity,Loss,Equation
1,935.6718749999999,"4084.8703973495803"
3,141.3157434008868,"(max_score_exp_ratios * 0.3722611869100176)"
4,141.234375,"floor(max_score_exp_ratios * 0.3723129817588259)"
5,126.70819609344966,"min(max_score_exp_ratios * 0.37246676211783913, max_score)"
6,126.6171875,"min(floor(max_score_exp_ratios * 0.37249160081257726), max_score)"
7,24.28609714770804,"((max_score_exp_ratios * (exp_time_ratio ^ -0.25609337841711033)) * 0.41720200828008563)"
8,24.03125,"floor((max_score_exp_ratios * (exp_time_ratio ^ -0.2560908762632072)) * 0.41724644677280004)"
9,0.44858082347979433,"min((max_score_exp_ratios * (exp_time_ratio ^ -0.25614284511137053)) * 0.4172122111231246, max_score)"
10,0.1875,"min(floor((max_score_exp_ratios * (exp_time_ratio ^ -0.2560908762632072)) * 0.41724644677280004), max_score)"
