Complexity,Loss,Equation
1,1434.3170731707291,"6791.999999999969"
3,95.09442817002036,"(max_score_exp_ratios * 0.44443264127264315)"
4,94.97909407665506,"floor(max_score_exp_ratios * 0.4444065866141227)"
5,53.88909974647753,"min(max_score_exp_ratios * 0.4449046488906171, max_score)"
6,53.749128919860624,"min(floor(max_score_exp_ratios * 0.445035027540138), max_score)"
7,25.881472695561733,"min((max_score_exp_ratios * 0.32920101328862966) ^ 1.0347587550291466, max_score)"
8,25.818815331010452,"min(floor((max_score_exp_ratios * 0.3290820317249243) ^ 1.034806857239219), max_score)"
9,12.114905939831404,"min(0.41862234183910363 * (max_score_exp_ratios * (pods ^ 0.01578570578306094)), max_score)"
10,0.003484320557491289,"min(floor(max_score_exp_ratios * (0.436757706321453 * (exp_pod_ratio ^ 0.029633598696580003))), max_score)"
