Complexity,Loss,Equation
1,10092.792207792205,"38231.00000000009"
3,524.9646511108645,"(max_score_exp_ratios * 0.4386002867402142)"
4,524.8571428571429,"floor(max_score_exp_ratios * 0.4386163147211554)"
5,46.54818548847118,"min(max_score_exp_ratios * 0.43874981044648026, max_score)"
6,46.4025974025974,"min(floor(max_score_exp_ratios * 0.4387706366932341), max_score)"
7,25.906823860050864,"min((max_score_exp_ratios * 0.41691413934935334) ^ 1.004846873772741, max_score)"
8,25.82484346553098,"min(floor(max_score_exp_ratios * 0.41683250962136215) ^ 1.0048662701568176, max_score)"
9,0.22496092409504875,"min((exp_pod_ratio ^ 0.007210128636040495) * (max_score_exp_ratios * 0.4363113788432946), max_score)"
10,0.012987012987012988,"min(floor((exp_pod_ratio ^ 0.007182402684273708) * (max_score_exp_ratios * 0.43632596270444785)), max_score)"
