Complexity,Loss,Equation
1,2756.5099009900955,"12898.954779180476"
3,83.50858529223788,"(max_score_exp_ratios * 0.4233422142513677)"
4,83.4009900990099,"floor(max_score_exp_ratios * 0.4233586987255014)"
5,34.006944995328425,"min(max_score_exp_ratios * 0.4235242816073484, max_score)"
6,33.89108910891089,"min(floor(max_score_exp_ratios * 0.42352938940645907), max_score)"
7,20.557620480469556,"min((max_score_exp_ratios * 0.38179113003464327) ^ 1.010934239029732, max_score)"
8,20.4952505807304,"min(floor(max_score_exp_ratios * 0.3820636105605279) ^ 1.0108607816200565, max_score)"
10,8.643564356435643,"min(floor(max_score_exp_ratios * (0.41913673405123536 * (exp_pod_ratio ^ 0.01208520589791192))), max_score)"
11,2.0663980253754857,"min(max_score_exp_ratios * (0.41872370149042676 * (exp_pod_ratio ^ (-0.02864697240995533 * -0.4882912613861696))), max_score)"
12,1.8316831683168318,"min(floor(max_score_exp_ratios * (0.418751839260801 * (exp_pod_ratio ^ (-0.028583819551888063 * -0.488101912811263)))), max_score)"
