Complexity,Loss,Equation
1,5505.851851884327,"20025.00000263046"
2,5505.851851851852,"floor(20025.02554240382)"
3,1865.7597591333085,"(14153.001283389975 * exp_pod_ratio)"
5,1700.1276578922907,"min(14427.903519293304 * exp_pod_ratio, max_score)"
6,1700.0617283950617,"min(floor(14428.39975474934 * exp_pod_ratio), max_score)"
7,1260.1509424484007,"((0.38828865217784947 * exp_pod_ratio) * min(max_score, max_score_exp_ratios))"
8,1260.1277449415936,"((0.3882906611300268 * exp_pod_ratio) * min(floor(max_score_exp_ratios), max_score))"
9,0.2076459004157287,"min(max_score_exp_ratios * ((exp_pod_ratio ^ 0.5600173714534837) * 0.4369143339174762), max_score)"
10,0.0,"min(floor(max_score_exp_ratios * ((exp_pod_ratio ^ 0.560004042468973) * 0.436926513693789)), max_score)"
