Complexity,Loss,Equation
1,1592.2312499999978,"7254.851373947181"
3,207.30316469518172,"(max_score_exp_ratios * 0.449064605706562)"
4,207.225,"floor(max_score_exp_ratios * 0.4488953510852038)"
5,108.35605338187148,"min(max_score_exp_ratios * 0.4495033220258629, max_score)"
6,108.25625,"min(floor(max_score_exp_ratios * 0.4494858488586369), max_score)"
7,89.75413201360293,"min((max_score_exp_ratios * 0.3727565245140232) ^ 1.0216896951705376, max_score)"
8,75.75625,"min(floor((max_score_exp_ratios * 0.29319815918709824) ^ 1.0502937844383997), max_score)"
9,0.7060270248044022,"min(max_score_exp_ratios * (0.43672347576480774 * (exp_pod_ratio ^ 0.06214600324572152)), max_score)"
10,0.0,"min(floor(max_score_exp_ratios * (0.43672909216027284 * (exp_pod_ratio ^ 0.06205644799560339))), max_score)"
