Complexity,Loss,Equation
1,8654.799999999994,"38788.25881785444"
3,1680.3741544532638,"(max_score_exp_ratios ^ 0.9289965596672569)"
4,1680.26,"floor(max_score_exp_ratios ^ 0.9289893460458216)"
5,227.13952729379702,"min(max_score_exp_ratios * 0.44671058298398597, max_score)"
6,227.02,"min(floor(max_score_exp_ratios * 0.44671636002958903), max_score)"
7,150.42609265039584,"min((max_score_exp_ratios ^ 1.0358548705038104) * 0.297105556553224, max_score)"
8,150.36,"min(floor((max_score_exp_ratios ^ 1.0358527159058475) * 0.2971173471038255), max_score)"
9,22.57698257784105,"min((0.429588648264449 * max_score_exp_ratios) * (1.0228776003634117 ^ exp_pod_ratio), max_score)"
10,22.52,"min(floor(max_score_exp_ratios * (0.429588648264449 * (1.0228776003634117 ^ exp_pod_ratio))), max_score)"
11,0.2136922217047686,"min(max_score_exp_ratios * (0.0049071031668747045 * ((exp_pod_ratio ^ 0.04188253494106461) * max_pods)), max_score)"
12,0.02,"min(floor(max_score_exp_ratios * (0.0049072207956792156 * ((exp_pod_ratio ^ 0.04186556075797385) * max_pods))), max_score)"
16,0.0,"min(floor((max_score_exp_ratios * ((0.002739239524687853 ^ 0.9494383281080907) * ((exp_pod_ratio ^ 0.041858125090930114) * 1.3293813372279455))) * max_pods), max_score)"
