Complexity,Loss,Equation
1,0.37985334,"7478.271"
3,0.04189818,"(max_score * 0.18672955)"
5,0.039746586,"((max_score * 0.124024086) ^ 1.0525463)"
6,0.031412188,"(max_score / log(18557.965 / pods_collected))"
7,0.007941996,"(pods_collected * ((max_score / max_pods) * 0.19261251))"
8,0.007941993,"(pods_collected * ((max_score * exp(-1.647099)) / max_pods))"
9,0.0052757277,"(pods_collected * ((max_score / (max_pods ^ 0.8897544)) * 0.117694564))"
10,0.0046680374,"(pods_collected * ((max_score / min(sqrt(max_score), max_pods)) * 0.18998788))"
11,0.0017267214,"(pods_collected * (((max_score + (1.0456709 ^ max_pods)) / max_pods) * 0.18764542))"
13,0.0010771701,"(((max_score + ((1.0454352 ^ max_pods) - max_time)) / (max_pods / pods_collected)) * 0.19698496)"
15,0.0009243412,"(pods_collected * ((((max_score + ((1.0455408 ^ max_pods) - max_time)) / max_pods) * 0.19334485) - -0.5642828))"
17,0.0008072288,"(pods_collected * ((((max_score + (((1.0455087 ^ max_pods) - max_time) - max_time)) / max_pods) * 0.19441055) + 1.9394928))"
18,0.0008042241,"(pods_collected * ((((max_score + (((1.0455087 ^ pods_collected) - max_time) - max_time)) / max_pods) * 0.19441055) + exp(0.69086087)))"
19,0.0006941528,"(min(pods_collected * 1.0258567, max_pods) * (((((max_score + (1.0455791 ^ pods_collected)) - max_time) / max_pods) * 0.19271474) + 0.46901664))"
21,0.00063853466,"(min(pods_collected * 1.0254904, max_pods) * (((((max_score + (1.0453568 ^ pods_collected)) - (max_time * 1.293358)) / max_pods) * 0.19209886) + 1.0455505))"
22,0.0006348712,"(min(pods_collected * 1.0254904, max_pods) * (((((max_score + (1.0453568 ^ pods_collected)) - (max_time * 1.293358)) / max_pods) * 0.19209886) + sqrt(1.0455505)))"
23,0.0005568489,"(min(pods_collected * 1.0239929, max_pods) * (((((max_score + ((1.0457652 ^ pods_collected) - max_time)) - max_time) / (max_pods + -1.291869)) * 0.19140056) + 1.6877022))"
25,0.00055629615,"(min(pods_collected * 1.0239929, max_pods) * (((((max_score + (((1.0457438 ^ pods_collected) - 5.3584323) - max_time)) - max_time) / (max_pods + -1.3801819)) * 0.19129473) + 1.6877098))"
26,0.00055624114,"(min(pods_collected * 1.0239929, max_pods) * (((((max_score + (((1.0457438 ^ pods_collected) - log(max_time)) - max_time)) - max_time) / (max_pods + -1.3801819)) * 0.19129473) + 1.6877098))"
27,0.0005537354,"(min(pods_collected * 1.0239929, max_pods) * (((((max_score + (((1.0457538 ^ pods_collected) ^ (pods_collected / max_pods)) - max_time)) - max_time) / (max_pods + -1.3078212)) * 0.19137871) + 1.68771))"
29,0.0005531767,"(min(pods_collected * 1.0241108, max_pods) * (((((max_score + (((1.0457538 ^ pods_collected) ^ (pods_collected / max_pods)) - max_time)) - (max_time - -3.3277152)) / (max_pods + -1.3078212)) * 0.19140056) + 1.68771))"
30,0.00055088993,"(min(pods_collected * 1.0241097, max_pods) * (((((max_score + (((1.0457438 ^ max_pods) ^ ((pods_collected / max_pods) ^ log(max_pods))) - max_time)) - max_time) / (max_pods + -1.3014165)) * 0.19129473) + 1.6877098))"
