Complexity,Loss,Equation
1,1.1444981,"pods_collected"
3,0.513155,"(pods_collected ^ 1.7099296)"
4,0.443563,"(sqrt(max_time) * pods_collected)"
5,0.33242697,"((max_score * 0.002185321) * pods_collected)"
6,0.19944903,"((0.019884482 * max_score) * sqrt(pods_collected))"
7,0.040409785,"(((pods_collected / max_pods) * max_score) * 0.1927124)"
9,0.03599635,"(((pods_collected * 0.19323638) * (max_score + -132.28796)) / max_pods)"
11,0.032402266,"(((pods_collected * 0.1926091) * (max_score + (-1.0452412 ^ pods_collected))) / max_pods)"
13,0.02817801,"(((pods_collected * 0.19323525) * ((max_score + (-1.0452412 ^ pods_collected)) + -132.28796)) / max_pods)"
15,0.027503038,"(((pods_collected * 0.19284846) * (((max_score + max_pods) + (-1.0452412 ^ pods_collected)) + -132.28796)) / max_pods)"
16,0.026906217,"(((pods_collected * 0.19297989) * ((max_score + (-1.0452412 ^ pods_collected)) - square(max_time / max_pods))) / max_pods)"
18,0.025596246,"(((pods_collected * 0.19292271) * ((max_score + ((-1.0482455 ^ pods_collected) * 0.54496914)) - square(max_time / max_pods))) / max_pods)"
19,0.024008568,"(((pods_collected * 0.19323526) * ((max_score + (-1.0455517 ^ pods_collected)) - (pods_collected / (pods_collected + (0.14588198 - max_pods))))) / max_pods)"
20,0.022221861,"(((pods_collected * 0.19353233) * ((max_score + (-1.0450056 ^ pods_collected)) - (max_time / square(pods_collected + (-1.0101871 - max_pods))))) / max_pods)"
21,0.01958774,"(((pods_collected * 0.1932354) * ((max_score + (-1.0455517 ^ pods_collected)) - (pods_collected / (pods_collected + ((pods_collected / max_time) - max_pods))))) / max_pods)"
23,0.019018136,"(((pods_collected * 0.1932354) * ((max_score + (-1.0455517 ^ pods_collected)) - ((pods_collected - 1.414037) / (pods_collected + ((pods_collected / max_time) - max_pods))))) / max_pods)"
24,0.018891372,"(((pods_collected * 0.19422317) * ((max_score + ((sqrt(1.2032421) ^ pods_collected) / max_score)) - square(sqrt(max_time) / ((pods_collected - max_pods) + -1.010248)))) / max_pods)"
25,0.017612133,"(((pods_collected * 0.19325228) * ((max_score + ((sqrt(1.2032808) ^ pods_collected) / max_score)) - square(sqrt(max_time) / cube((pods_collected - max_pods) + -1.0151703)))) / max_pods)"
26,0.01744224,"(((pods_collected * 0.19325228) * ((max_score + ((sqrt(1.2032808) ^ pods_collected) / max_score)) - square(sqrt(max_time) / cube(tanh(pods_collected - max_pods) + -1.0151703)))) / max_pods)"
27,0.017318841,"(((pods_collected * 0.19325246) * ((max_score + ((sqrt(1.2032808) ^ pods_collected) / max_score)) - square(sqrt(max_time) / cube(tanh(tanh(pods_collected - max_pods)) + -1.0151703)))) / max_pods)"
28,0.017291494,"(((pods_collected * 0.19332051) * ((max_score + ((sqrt(1.2032418) ^ pods_collected) / max_score)) - square(sqrt(max_time) / cube(tanh(tanh(tanh(pods_collected - max_pods))) + -1.015174)))) / max_pods)"
29,0.017256916,"(((pods_collected * 0.19325237) * ((max_score + ((sqrt(1.2032808) ^ pods_collected) / (max_score - pods_collected))) - square(sqrt(max_time) / cube(tanh(tanh(pods_collected - max_pods)) + -1.0151703)))) / max_pods)"
30,0.017229924,"(((pods_collected * 0.19331987) * ((max_score + ((sqrt(1.2032421) ^ pods_collected) / (max_score - pods_collected))) - square(sqrt(max_time) / cube(tanh(tanh(tanh(pods_collected - max_pods))) + -1.015174)))) / max_pods)"
