Complexity,Loss,Equation
1,0.25362742,"22.986547"
2,0.20363513,"sqrt(max_time)"
3,0.15263352,"(0.0021851151 * max_score)"
4,0.14972338,"sqrt(max_score / 16.335928)"
5,0.018658902,"(max_score / (max_pods / 0.19271503))"
7,0.016647309,"((max_score + -136.58606) / (max_pods / 0.19325429))"
8,0.016625294,"((max_score - square(11.546866)) / (max_pods / 0.19325407))"
9,0.016026774,"(((max_score - max_time) / (max_pods / 0.19401424)) - -0.84718126)"
10,0.015696744,"((max_score / exp(-0.8873736 ^ max_pods)) / (max_pods / 0.19270495))"
12,0.01352645,"((max_score - (max_time ^ exp(pods_collected - max_pods))) / (max_pods / 0.1937857))"
13,0.013441165,"((max_score - (max_time ^ exp(tanh(pods_collected - max_pods)))) / (max_pods / 0.19318943))"
14,0.012701607,"((max_score - ((max_time - max_pods) ^ exp(pods_collected - max_pods))) / (max_pods / 0.19285557))"
15,0.012647166,"((max_score - ((max_time - max_pods) ^ cube(exp(pods_collected - max_pods)))) / (max_pods / 0.1928457))"
16,0.012617664,"((max_score + ((-0.021452727 ^ square(pods_collected - max_pods)) * (pods_collected - max_time))) / (max_pods / 0.19274795))"
18,0.012358375,"((max_score + (((cube(-4.4848666) / max_time) ^ (max_pods - pods_collected)) * (pods_collected - max_time))) / (max_pods / 0.19268332))"
19,0.00979175,"((max_score + (exp(pods_collected - max_pods) * (exp(sqrt(pods_collected) - cube(1.7092521)) - max_time))) / (max_pods / 0.19360955))"
20,0.0085717905,"((max_score + (cube(exp(pods_collected - max_pods)) * (exp(sqrt(pods_collected) - cube(1.7093809)) - max_time))) / (max_pods / 0.19319887))"
21,0.008292967,"((max_score + ((-0.083037086 ^ square(pods_collected - max_pods)) * (exp(sqrt(max_pods) - cube(1.7074856)) - max_time))) / (max_pods / 0.1927839))"
22,0.0082929665,"((max_score + ((tanh(-0.083037086) ^ square(pods_collected - max_pods)) * (exp(sqrt(max_pods) - cube(1.7074856)) - max_time))) / (max_pods / 0.1927839))"
23,0.008087001,"((max_score + ((-0.05833358 ^ square(pods_collected - max_pods)) * (exp(sqrt(max_pods) - cube(1.7080094)) - max_time))) / ((max_pods / 0.19239439) - 1.144842))"
24,0.008053185,"((max_score + ((-0.07789542 ^ square(pods_collected - max_pods)) * ((exp(sqrt(max_pods) - cube(1.7076035)) - max_time) + sqrt(max_time)))) / (max_pods / 0.19261785))"
25,0.007925693,"((max_score + ((-0.04220847 ^ square(pods_collected - max_pods)) * ((exp(sqrt(max_pods) - cube(1.7081016)) - max_time) - (-2.6151295 / 0.19274795)))) / (max_pods / 0.1927442))"
26,0.007879218,"((max_score + ((-0.16783284 ^ square(pods_collected - max_pods)) * (((exp(sqrt(max_pods) - cube(1.706964)) - max_pods) - max_time) + sqrt(max_score)))) / (max_pods / 0.19261774))"
28,0.0078671845,"((max_score + ((-0.2931889 ^ square(pods_collected - max_pods)) * (((exp(sqrt(max_pods) - cube(1.7069786)) - pods_collected) - max_time) + (0.35572365 + sqrt(max_score))))) / (max_pods / 0.1925822))"
30,0.007865187,"((max_score + ((-0.2931889 ^ square(pods_collected - max_pods)) * (((exp(sqrt(max_pods) - (cube(1.7069786) + -0.00051720336)) - pods_collected) - max_time) + (0.35572365 + sqrt(max_score))))) / (max_pods / 0.1925822))"
