Complexity,Loss,Equation
1,0.38562307,"90.93452"
3,0.2905684,"(max_score / 281.80032)"
4,0.16459961,"sqrt(0.16091998 * max_score)"
5,0.068558015,"((max_score / 488.01123) - -6.142431)"
6,0.06455607,"max(max_score / 450.95773, sqrt(max_time))"
7,0.058819387,"((max_score / 992.88336) + (max_score / max_time))"
8,0.047933433,"max(max_score / (sqrt(max_time) * 15.582791), 8.857291)"
10,0.043025922,"(((max_score - (max_time / 0.09375535)) / herm(-0.31891492)) + 13.443094)"
11,0.042508844,"max(max_score / max(herm(0.43112263), max_time / 2.3280554), sqrt(max_time))"
12,0.04050326,"(max_score / min(max(herm(0.4331871), max_time / 2.3103456), max_time / 1.2805274))"
13,0.040248163,"max(max_score / min(max(herm(0.42896786), max_time / 2.3458455), max_time), exp(2.181283))"
14,0.039331317,"(max_score / min(max(herm(0.4331871), max_time / log(log(max_score))), max_time / 1.2805274))"
15,0.03707555,"max(max_score / min(max(herm(0.43563008), max_time / 2.293526), max_time / 1.2187183), exp(2.1813009))"
16,0.03675317,"max(max_score / max(herm(0.42476112), max_time / log((max_score / max_time) / 2.5095882)), exp(2.7009397))"
17,0.033023153,"(max_score / min(max(herm(0.43045035), max_time / log((max_score / max_time) / 2.5032122)), max_time * 0.7800694))"
18,0.032444965,"max(max_score / min(max(herm(0.42482105), max_time / log((max_score / max_time) / 2.5138245)), max_time), exp(2.179522))"
20,0.029809676,"max(max_score / min(max(herm(0.4374725), max_time / log((max_score / max_time) / 2.5027924)), max_time * 0.81666654), exp(2.1812828))"
