Complexity,Loss,Equation
1,0.38562307,"90.9456"
3,0.2905684,"(max_score / 281.80032)"
4,0.16459961,"sqrt(0.16090716 * max_score)"
5,0.0077330046,"((0.19260767 / max_pods) * max_score)"
6,0.0077324933,"(tanh(0.19261041 / max_pods) * max_score)"
7,0.0017444202,"(max(0.18884969 / max_pods, 0.0012166158) * max_score)"
8,0.0017440239,"(max(tanh(0.18884978 / max_pods), 0.0012166661) * max_score)"
9,0.0010995681,"(max(min(0.18960491 / max_pods, 0.011403081), 0.0012166661) * max_score)"
10,0.0010995414,"(max(min(erf(0.16962054) / max_pods, 0.0114020845), 0.0012166661) * max_score)"
11,0.0010855433,"(max(min(0.18622033 / (max_pods + -1.3933442), 0.0114020845), 0.0012166661) * max_score)"
12,0.0009553761,"(max(min(0.1896468 / max_pods, 0.0114018265), cube(0.018011156) * max_pods) * max_score)"
14,0.0009477174,"(max(min(0.18748413 / (max_pods - 0.9213673), 0.0114020845), cube(0.018013217) * max_pods) * max_score)"
15,0.00094196614,"(max(min(0.18844853 / (max_pods - cube(cube(0.028383078) * max_score)), 0.011403081), 0.0012166661) * max_score)"
16,0.000938801,"(max(min(0.1884407 / (max_pods - cube(erf(cube(0.027696943)) * max_score)), 0.011462351), 0.0012166661) * max_score)"
17,0.00085343467,"(max(min(0.18748699 / (max_pods + (cube(-0.033531047) * max_score)), 0.0114018265), cube(0.018011156) * max_pods) * max_score)"
18,0.0007795872,"(max(min(0.18812256 / (max_pods - cube(cube(0.029085036) * max_score)), 0.01151882), cube(0.018040478) * max_pods) * max_score)"
19,0.000779587,"(max(min(0.18812256 / (max_pods - cube(cube(0.029085036) * max_score)), 0.01151882), tanh(cube(0.018040478) * max_pods)) * max_score)"
20,0.00075633667,"(max(min(0.18741919 / (max_pods - cube(cube(0.028383078) * max_score)), 0.011330484), cube(0.01798621) * max_pods) * (max_score + max_pods))"
21,0.0007397463,"(max(min(0.18741919 / (max_pods - cube(erf(cube(0.02811586)) * max_score)), 0.011330484), cube(0.01798621) * max_pods) * (max_score + max_pods))"
22,0.000682649,"((max(min(0.18471853 / (max_pods - cube(erf(erf(cube(0.027439145))) * max_score)), 0.010748881), cube(0.017900635) * max_pods) * max_score) + 0.49580926)"
23,0.0006798858,"((max(min(tanh(0.18727496) / (max_pods - cube(erf(erf(cube(0.02811586))) * max_score)), 0.010817147), cube(0.017940171) * max_pods) * max_score) + 0.4830851)"
24,0.0006746434,"((max(min(0.18471853 / (max_pods - cube((erf(erf(cube(0.027439145))) / 0.97616214) * max_score)), 0.010748881), cube(0.017900635) * max_pods) * max_score) + 0.49580926)"
25,0.00066946924,"((max(min(tanh(0.18727496) / ((max_pods * 1.0041407) - cube(erf(erf(cube(0.02811586))) * max_score)), 0.010817147), cube(0.017940171) * max_pods) * max_score) + 0.4924441)"
26,0.00065893895,"((max(min(tanh(tanh(0.18727496)) / (max_pods - cube((erf(erf(cube(0.026683195))) * max_score) - -0.26115447)), 0.010817147), cube(0.017940171) * max_pods) * max_score) + 0.5982126)"
27,0.0006548372,"((max(min(tanh(tanh(0.18727496)) / (max_pods - cube((erf(erf(cube(0.026683195))) * max_score) - erf(-0.26115447))), 0.010817147), cube(0.017940171) * max_pods) * max_score) + 0.5982126)"
28,0.00064752455,"((max(min(tanh(tanh(0.18727496)) / (max_pods - cube(max((erf(erf(cube(0.026683195))) * max_score) - -0.2761186, 0.59323907))), 0.010817147), cube(0.017940171) * max_pods) * max_score) + 0.5715052)"
30,0.0006437417,"((max(min(tanh(tanh(0.18727496)) / ((max_pods - cube(max((erf(erf(cube(0.026683195))) * max_score) - -0.26115447, 0.6002886))) + -0.23691316), 0.010817147), cube(0.017940171) * max_pods) * max_score) + 0.5715052)"
