Complexity,Loss,Equation
1,1.1444981,"pods_collected"
3,0.5131549,"(pods_collected ^ 1.7099304)"
4,0.443563,"(pods_collected * sqrt(max_time))"
5,0.24416691,"(max_score * min(0.18652736, pods_collected))"
6,0.16972709,"(min(cube(pods_collected), max_score) / 5.3452144)"
7,0.040409792,"(max_score * ((pods_collected / max_pods) * 0.1927124))"
9,0.03603438,"(pods_collected * (((-136.42 + max_score) / max_pods) * 0.19325957))"
10,0.035981968,"(pods_collected * (((max_score + cube(-5.1023345)) / max_pods) * 0.19325563))"
11,0.034621414,"((pods_collected * (((max_score - max_time) / max_pods) * 0.19378108)) + pods_collected)"
12,0.034253076,"((tanh(max_pods * 0.08441422) * max_score) * ((pods_collected / max_pods) * 0.1927124))"
13,0.031049758,"(max(square(cube(-0.027939392 * max_pods)), max_score) * ((pods_collected / max_pods) * 0.1927124))"
14,0.030905727,"(pods_collected * ((max(cube((0.1365394 * 1.2638328) * pods_collected), max_score) / max_pods) * 0.19266379))"
15,0.029958528,"(pods_collected * ((max(cube(square(-0.027773194 * pods_collected)), max_score - max_time) / max_pods) * 0.19732444))"
16,0.027315512,"(pods_collected * (((max(cube(square(-0.027939392 * pods_collected)), max_score) - exp(4.930506)) / max_pods) * 0.19286796))"
17,0.02712687,"(pods_collected * (((max(cube(square(-0.027939392 * pods_collected)), max_score) - exp(square(-2.2067726))) / max_pods) * 0.19286796))"
18,0.025723204,"(pods_collected * (((max(cube(square(-0.027939392 * pods_collected)), max_score) - square(max_time / max_pods)) / max_pods) * 0.19286796))"
20,0.024950754,"(pods_collected * (((max(cube(square(-0.027939392 * pods_collected)), max_score) - square(max_time / (max_pods - 0.9439287))) / max_pods) * 0.19286796))"
21,0.022534031,"(pods_collected * (((max(cube(square(-0.027938332 * max_pods)), max_score) - (max_time / (1.1462315 + (max_pods - pods_collected)))) / max_pods) * 0.19294225))"
23,0.018846676,"(pods_collected * (((max(cube(square(0.028013753 * max_pods)), max_score) - (max_time / cube(exp(0.03683698) + (max_pods - pods_collected)))) / max_pods) * 0.19295281))"
24,0.01805987,"(pods_collected * (((max(cube(square(0.028096238 * max_pods)), max_score) - (max_time / cube(exp(square(0.17298648)) + (max_pods - pods_collected)))) / max_pods) * 0.19322018))"
26,0.017805396,"(pods_collected * (((max(cube((-1.1790665 * max_pods) * -0.14720343), max_score) - (max_time / cube(exp(0.021791654) + sqrt(sqrt(max_pods - pods_collected))))) / max_pods) * 0.19386663))"
27,0.01731445,"(pods_collected * (((max(cube((-1.1790665 * max_pods) * -0.14720343), max_score) - (max_time / cube(exp(0.021791654) + sqrt(sqrt(tanh(max_pods - pods_collected)))))) / max_pods) * 0.19386663))"
29,0.017297335,"(pods_collected * ((((max(cube((-1.1790665 * max_pods) * -0.14720343), max_score) - (max_time / cube(exp(0.021791654) + sqrt(sqrt(tanh(max_pods - pods_collected)))))) / max_pods) + 0.047870375) * 0.19386663))"
30,0.017288191,"(pods_collected * ((((max(cube((-1.1790665 * max_pods) * -0.14720343), max_score) - (max_time / cube(exp(0.021791654) + sqrt(sqrt(sqrt(tanh(max_pods - pods_collected))))))) / max_pods) + 0.047870375) * 0.19386663))"
