Complexity,Loss,Equation
1,1.1444981,"pods_collected"
3,0.51317585,"(pods_collected ^ 1.7101636)"
4,0.443563,"(sqrt(max_time) * pods_collected)"
5,0.24416691,"(min(0.18652855, pods_collected) * max_score)"
7,0.04041422,"(((pods_collected / max_pods) * 0.19269219) * max_score)"
9,0.03922593,"((0.19677022 * (pods_collected / max_pods)) * (max_score - max_time))"
11,0.03876689,"((0.19682722 * (pods_collected / max_pods)) * (max_score - (max_time - pods_collected)))"
13,0.038243078,"(((pods_collected / max_pods) * 0.19686215) * (((max_score - 0.04629792) - max_time) + max_pods))"
15,0.03771065,"(((pods_collected / max_pods) * min(0.19558693, max_score)) * ((max_score - max(max_time, -0.29078928)) + max_pods))"
20,0.034860507,"((0.19254895 * min(tanh(min(max(0.155074, pods_collected) * 0.08861908, max_time)), square(sqrt(min(pods_collected / max_pods, max_score))))) * max_score)"
22,0.034602575,"(((pods_collected / max_pods) * tanh(0.1962854)) * max((max_score - max_time) - (min(square(max_pods), max_pods + -0.9999239) * log(0.0097975535)), -0.8167583))"
