Complexity,Loss,Equation
1,6.1040335e6,"54.839275"
3,2.6207632e6,"(0.0017592013 * max_score)"
5,309023.88,"((max_score / max_pods) * 0.20974228)"
7,248242.03,"(((0.19346635 * max_score) / max_pods) + 6.0728297)"
8,242450.03,"(((0.19155505 * max_score) / max_pods) + log2(max_pods))"
9,216574.31,"(((0.19542766 * max_score) / max_pods) + (0.044463884 * max_pods))"
10,179195.83,"(((0.20141569 * max_score) / max_pods) + cube(0.010776453 * pods_collected))"
11,151547.31,"((0.2071769 / (cos(square(38.05694 * max_pods)) + max_pods)) * max_score)"
13,139074.78,"(((0.19991753 / (cos(square(38.05694 * pods_collected)) + max_pods)) * max_score) + 2.7212024)"
14,128724.75,"((0.19633213 / (cos(square(38.05694 * pods_collected)) + max_pods)) * (max_score + square(45.467937)))"
16,128096.27,"((0.19633213 / (cos(square(38.05694 * pods_collected) - -0.5276262) + max_pods)) * (max_score + square(45.467937)))"
