Complexity,Loss,Equation
1,1.1444981,"pods_collected"
3,0.51316124,"(pods_collected ^ 1.7100008)"
4,0.443563,"(sqrt(max_time) * pods_collected)"
5,0.4301495,"((pods_collected / max_time) * max_score)"
6,0.4092016,"sqrt((pods_collected * max_score) / 0.20526277)"
7,0.3476244,"((pods_collected / (max_time - pods_collected)) * max_score)"
8,0.24416691,"max(pods_collected, (tanh(pods_collected) + -0.8134709) * max_score)"
9,0.19946934,"(sqrt(pods_collected) * ((tanh(max_pods) + -0.98014885) * max_score))"
10,0.040409796,"((pods_collected / max_pods) * ((tanh(max_pods) + -0.8072876) * max_score))"
11,0.039017983,"((pods_collected / max_pods) * ((tanh(log(max_pods)) + -0.8072876) * max_score))"
12,0.036484327,"((pods_collected / max_pods) * ((cube(tanh(log(max_pods))) + -0.8072876) * max_score))"
18,0.034901503,"(((pods_collected / max_pods) * ((tanh(exp(log(pods_collected))) + -0.8064821) * (max_score - max(max_time, max_pods)))) + pods_collected)"
20,0.03490148,"(((pods_collected / max_pods) * ((tanh(log(max(cube(pods_collected), max_time))) + -0.8064821) * (max_score - max(max_time, max_pods)))) + pods_collected)"
23,0.034899905,"((pods_collected / max_pods) * ((tanh(sqrt(((max_pods + 0.5691019) + 0.23455961) * 0.27478823)) + min(max(-0.8072876, -0.0454832), min(-0.8072876, 0.41661042))) * max_score))"
