Complexity,Loss,Equation
1,0.55550873,"8862.011"
3,0.095848665,"(max_score * 0.19030148)"
5,0.08967602,"((max_score - max_time) * 0.19606079)"
7,0.038180817,"((max_score * (pods_collected / max_pods)) * 0.19269812)"
9,0.034543455,"((((max_score * pods_collected) * 0.19289264) + -362.71545) / max_pods)"
10,0.028335007,"(((max_score * pods_collected) / min(exp(5.0680304), max_pods)) / 5.1895375)"
11,0.025450181,"(((pods_collected * (max_score * 0.19255437)) + (-1.0633308 ^ pods_collected)) / max_pods)"
13,0.021786416,"((((pods_collected * (max_score * 0.19273372)) + -362.5215) + (-1.0633291 ^ pods_collected)) / max_pods)"
15,0.021457061,"(((((pods_collected - -0.10469977) * (max_score * 0.19253035)) + (-1.0633308 ^ pods_collected)) + -376.13394) / max_pods)"
17,0.020791978,"((((max_score * (min(pods_collected - -0.27832955, max_pods) * 0.19230431)) + (-1.0633308 ^ pods_collected)) + -362.71545) / max_pods)"
19,0.019565636,"(((max_score * (min(pods_collected + 0.8983405, max_pods) * 0.19162773)) + ((-1.063411 ^ pods_collected) - (max_time / 0.42681062))) / max_pods)"
21,0.019557279,"((((max_score + 0.20391975) * (min(pods_collected + 0.8983405, max_pods) * 0.19162773)) + ((-1.063411 ^ pods_collected) - (max_time / 0.42681062))) / max_pods)"
22,0.019555103,"(((max_score * (min(pods_collected + sqrt(0.7921926), max_pods) * 0.19162773)) + ((-1.063411 ^ pods_collected) - ((max_time + 0.6243324) / 0.42924693))) / max_pods)"
23,0.019548725,"(((((max_score + 0.36102265) * (min(pods_collected + 0.8983405, max_pods) * 0.19162767)) + ((-1.063411 ^ pods_collected) - (max_time / 0.42924693))) / max_pods) + -0.16951269)"
25,0.019547911,"((((((max_score + 0.36102265) * (min(pods_collected + 0.8983405, max_pods) * 0.19162767)) + ((-1.063411 ^ pods_collected) - (max_time / 0.42924693))) / max_pods) - -1.2195566) + -1.3924818)"
26,0.019531673,"(((max_score * (min(pods_collected + 0.88801, max_pods) * 0.19162773)) + ((((-1.0647371 ^ pods_collected) * 0.64874846) - (max_time + max_time)) / exp(-0.15851365))) / (max_pods + -0.014934634))"
27,0.019528506,"(((max_score * (min(pods_collected + sqrt(0.7921905), max_pods) * 0.19162771)) + ((((-1.0647371 ^ pods_collected) * 0.64874846) - (max_time + max_time)) / exp(-0.15851365))) / (max_pods - 0.015647333))"
28,0.019511348,"(((max_score * (min((pods_collected + 0.88801) / 0.999716, max_pods) * 0.19162773)) + ((((-1.0647371 ^ pods_collected) * 0.64874846) - (max_time + max_time)) / exp(-0.15851365))) / (max_pods + -0.014934634))"
30,0.019501658,"(((max_score * (min((pods_collected + 0.88801) / 0.999716, max_pods) * 0.19162773)) + ((((-1.0647371 ^ pods_collected) * 0.64874846) - ((max_time + 0.6821561) + max_time)) / exp(-0.15851365))) / (max_pods + -0.014934634))"
