Complexity,Loss,Equation
1,0.25362742,"22.986547"
3,0.1526211,"(max_score * 0.002185382)"
5,0.018658906,"((0.19271505 / max_pods) * max_score)"
6,0.01865844,"(sin(0.19271527 / max_pods) * max_score)"
7,0.015775887,"((0.19271505 / max(max_pods, 16.862514)) * max_score)"
9,0.014919357,"((max(max_score, -1.0507135 ^ pods_collected) * 0.19200921) / max_pods)"
10,0.014235673,"((0.19271505 / max_pods) * max(max_score, log(0.3496521) ^ max_pods))"
11,0.0127637675,"((max_score / (exp(sin(max_score * -0.28895906)) + max_pods)) * 0.19397452)"
12,0.0113526555,"((0.19271505 / max(max_pods, 16.862514)) * max(max_score, log(0.3496521) ^ max_pods))"
13,0.010659548,"((max_score / (exp(sin(max_score * 0.31079495) / 0.46851814) + max_pods)) * 0.19327691)"
14,0.0106314765,"((max_score / (exp(sin(max_score * 0.3107952) / sin(0.48390803)) + max_pods)) * 0.19327383)"
15,0.010365115,"((max_score / (exp((sin(max_score * 0.31079495) + 0.24905331) / 0.6228613) + max_pods)) * 0.19352542)"
16,0.008416719,"((max(max_score, log(0.3496634) ^ max_pods) / (exp(sin(max_score * -0.28895918)) + max_pods)) * 0.19397432)"
18,0.0065119946,"((max(max_score, log(0.3496521) ^ max_pods) / (exp(sin(max_score * 0.31079823) / 0.45846757) + max_pods)) * 0.19352628)"
20,0.0062398957,"((max(max_score, log(0.3496521) ^ max_pods) / (exp(sin(max_score * 0.31079823) / 0.45846757) + (max_pods - -0.19244675))) * 0.19352628)"
21,0.0054940386,"((max(max_score, log(0.3496521) ^ max_pods) / (exp(sin(max_score * 0.31079823) / max(sin(max_time), 0.46912348)) + max_pods)) * 0.19352628)"
22,0.0052102315,"((max(max_score, log(0.3496609) ^ max_pods) / (exp(sin(sin(max_score * 0.31078354)) / sin(exp(sin(max_score)))) + max_pods)) * 0.19353876)"
23,0.004580737,"((max(max_score, log(0.3496521) ^ max_pods) / (exp(sin(max_score * 0.31078807) / sin(max(exp(sin(max_score)), 0.4691236))) + max_pods)) * 0.19352548)"
24,0.0039915256,"((max(max_score, log(0.3496521) ^ max_pods) / (exp(sin(sin(max_score * 0.31078783)) / sin(exp(sin(max_score + 0.38446826)))) + max_pods)) * 0.19352542)"
25,0.0033880034,"((max(log(0.3496521) ^ max_pods, max_score) / (exp(sin(sin(max_score * 0.31078783)) / sin(exp(sin(sin(max_score) / 0.51865935)))) + max_pods)) * 0.19352548)"
26,0.0033725419,"((max(max_score, log(0.3496609) ^ max_pods) / (exp(sin(sin(max_score * 0.31078354)) / sin(exp(sin(sin(max_score) / sin(0.5528614))))) + max_pods)) * 0.19353876)"
27,0.0030628028,"((max(log(0.3496521) ^ max_pods, max_score) / (max(exp(sin(sin(max_score * 0.31078783)) / sin(exp(sin(sin(max_score) / 0.51865935)))), 0.3064273) + max_pods)) * 0.19352548)"
28,0.003055675,"((max(max_score, log(0.3496609) ^ max_pods) / (max(exp(sin(sin(max_score * 0.31078354)) / sin(exp(sin(sin(max_score) / sin(0.5528614))))), 0.31078354) + max_pods)) * 0.19353876)"
30,0.0029994827,"((max(max_score, (log(0.3496609) ^ max_pods) + max_pods) / (max(exp(sin(sin(max_score * 0.31078354)) / sin(exp(sin(sin(max_score) / sin(0.5528614))))), 0.31078354) + max_pods)) * 0.19353876)"
