Complexity,Loss,Equation
1,2577.125,"max_time"
3,1412.2174,"(pods_collected * 37.70827)"
4,1377.5507,"(sqrt(max_time) * pods_collected)"
5,178.86346,"(min(0.19137152, pods_collected) * max_score)"
6,169.55803,"(min(cube(pods_collected), max_score) / 5.2254353)"
7,86.427536,"((pods_collected / max_pods) * (max_score / 5.1884604))"
8,86.42726,"((pods_collected * tanh(0.19273582 / max_pods)) * max_score)"
9,72.38479,"((0.19273537 * max(max_score / max_pods, pods_collected)) * pods_collected)"
10,71.00226,"((0.19273537 * (pods_collected / max_pods)) * max(max_score, square(pods_collected)))"
11,51.545853,"((0.19227661 * (pods_collected / max_pods)) * (max_score + (1.0453925 ^ pods_collected)))"
12,40.019424,"((0.19273184 * (pods_collected / max_pods)) * max(sqrt(1.1042145) ^ pods_collected, max_score))"
13,39.991264,"(((pods_collected / max_pods) * 0.1927331) * max(max_score, cube(max_pods * square(0.41507003))))"
15,38.50565,"((((pods_collected / max_pods) * 0.19426662) * max(max_score, cube(max_pods * square(0.41590732)))) - pods_collected)"
16,38.3278,"((((pods_collected / max_pods) * 0.19424249) * max(max_score, cube(max_pods * tanh(square(0.41807574))))) - pods_collected)"
18,38.32609,"((((pods_collected / max_pods) * 0.1942457) * (max(max_score, cube(pods_collected * tanh(square(0.4180721)))) + -1.1024281)) - pods_collected)"
19,36.612152,"(((((pods_collected / (max_pods + 1.4551249)) * 0.17722641) * max(max_score, cube(max_pods * square(0.41506997)))) - pods_collected) * 1.1185933)"
21,36.489815,"((((pods_collected / (max_pods + 1.4537325)) * 0.19803941) * max(max_score, square(pods_collected - min(exp(3.748989), pods_collected)) / 0.5783574)) - pods_collected)"
23,36.121487,"((((pods_collected / (max_pods + 1.4539646)) * 0.19803569) * max(max_score, square((0.8329596 - min(exp(3.7330203), max_pods)) + max_pods) / 0.588455)) - pods_collected)"
24,36.044598,"((((pods_collected / (max_pods - (tanh(-2.034176) + -0.20221904))) * 0.1973096) * max(max_score, square(pods_collected - min(exp(3.7228334), pods_collected)) / 0.58453965)) - pods_collected)"
25,35.44322,"(((((pods_collected / (max_pods + 1.4551249)) * 0.17719854) * max(max_score, square((0.83286315 - min(exp(3.7350552), max_pods)) + max_pods) / 0.5870664)) - pods_collected) * 1.1186569)"
27,35.438484,"((((((pods_collected / (max_pods + 1.4551249)) * 0.17719854) * max(max_score, square((0.83286315 - min(exp(3.7350552), max_pods)) + max_pods) / 0.5870664)) - pods_collected) + 0.40267164) * 1.1186569)"
28,35.43693,"(((((pods_collected / (max_pods + 1.4551052)) * 0.17721575) * max(max_score, (square((0.8329529 - min(exp(3.733318), max_pods)) + max_pods) - square(2.976839)) / 0.587427)) - pods_collected) * 1.1186205)"
30,35.436916,"(((((pods_collected / (max_pods + 1.4551052)) * 0.17721575) * max(max_score, (square((0.8329529 - min(exp(3.733318), max_pods)) + max_pods) - square(2.976839)) / min(0.587427, 1.9611676))) - pods_collected) * 1.1186205)"
