Complexity,Loss,Equation
1,0.25362742,"22.986547"
3,0.15262124,"(max_score * 0.002185393)"
5,0.018658904,"((0.19271508 * max_score) / max_pods)"
7,0.015597145,"((0.19271505 * max_score) / min(max_pods, 166.04706))"
9,0.013584086,"((-25.663002 - (max_score * -0.19325544)) / min(max_pods, 166.04706))"
10,0.012898656,"((0.19271508 * max_score) / min(max(max_pods, exp(2.8204484)), 156.9125))"
11,0.012187465,"max((-25.663002 - (max_score * -0.19325544)) / max_pods, 1.0177231 ^ max_pods)"
12,0.011449922,"max((0.19271508 * max_score) / max(max_pods, exp(2.8204484)), 1.0177231 ^ max_pods)"
13,0.011439875,"max((0.19271508 * max_score) / max(max_pods, exp(exp(1.0372602))), 1.0177217 ^ pods_collected)"
14,0.011349208,"max((0.19271508 * max_score) / max(max_pods, exp(2.8204484) - -0.15356047), 1.0177231 ^ max_pods)"
15,0.011072954,"max((0.19271508 * max_score) / max(max_pods, pods_collected + exp(sin(max_pods))), 1.0177231 ^ pods_collected)"
16,0.008683697,"max((0.18925987 * max_score) / (max_pods + (sin(max_time * max_pods) / 0.41155288)), 1.0177231 ^ max_pods)"
18,0.007844029,"max((0.19271508 * max_score) / max(max_pods, pods_collected + (sin(max_pods * max_time) / 0.22121961)), 1.017723 ^ max_pods)"
19,0.007107102,"max((0.192702 * max_score) / max(max_pods, pods_collected + (sin(log(2.0578473) * pods_collected) / -0.20960212)), 1.017723 ^ max_pods)"
21,0.007023042,"max(((0.192702 * max_score) - -0.6698726) / max(max_pods, pods_collected + (sin(log(2.0578473) * pods_collected) / -0.20960212)), 1.017723 ^ max_pods)"
22,0.006592068,"max((0.19271508 * max_score) / max(max_pods, pods_collected + (sin(((0.46761832 * -0.89754283) + max_time) * max_score) / -0.20960212)), 1.017723 ^ max_pods)"
23,0.006582427,"max((0.19271508 * max_score) / max(max_pods, pods_collected + (sin(((0.46761832 * -0.89754283) + max_time) * max_score) / sin(-0.20960212))), 1.017723 ^ max_pods)"
25,0.006574224,"max(((0.19270201 * max_score) - -0.535087) / max(max_pods, pods_collected + (sin(((0.46761832 * -0.89754283) + max_time) * max_score) / sin(-0.20960212))), 1.017723 ^ max_pods)"
26,0.0065646577,"max(((0.19270201 * max_score) - -0.535087) / max(max_pods, pods_collected + (sin(((0.46761832 * -0.89754283) + max_time) * max_score) / sin(sin(-0.20960212)))), 1.017723 ^ max_pods)"
27,0.0065551577,"max(((0.19270201 * max_score) - -0.535087) / max(max_pods, pods_collected + (sin(((0.46761832 * -0.89754283) + max_time) * max_score) / sin(sin(sin(-0.20960212))))), 1.017723 ^ max_pods)"
28,0.006545735,"max(((0.19270201 * max_score) - -0.535087) / max(max_pods, pods_collected + (sin(((0.46761832 * -0.89754283) + max_time) * max_score) / sin(sin(sin(sin(-0.20960212)))))), 1.017723 ^ max_pods)"
29,0.0065379064,"max(((0.192702 * max_score) - sin(max_time)) / max(max_pods, pods_collected + (sin(((0.46761832 * -0.89754283) + max_time) * max_score) / sin(sin(sin(sin(-0.20960212)))))), 1.017723 ^ max_pods)"
30,0.0065285494,"max(((0.192702 * max_score) - sin(max_time)) / max(max_pods, pods_collected + (sin(((0.46761832 * -0.89754283) + max_time) * max_score) / sin(sin(sin(sin(sin(-0.20960212))))))), 1.017723 ^ max_pods)"
