Complexity,Loss,Equation
1,935.6718749999999,"4081.6648088731463"
3,141.31574339747564,"(max_score_exp_ratios * 0.3722611868618206)"
4,141.234375,"floor(max_score_exp_ratios * 0.3723128845474863)"
5,92.16967534158528,"((max_score_exp_ratios * 0.3879523190816739) - time)"
6,92.140625,"(floor(max_score_exp_ratios * 0.38797893048384813) - time)"
7,24.286088866155936,"((max_score_exp_ratios / (exp_time_ratio ^ 0.2560968684238995)) * 0.41720244641898724)"
8,24.03125,"floor((max_score_exp_ratios / (exp_time_ratio ^ 0.25611793901689034)) * 0.4172519831745589)"
9,0.4485812971820238,"min((max_score_exp_ratios / (exp_time_ratio ^ 0.25614127333075076)) * 0.4172120174474396, max_score)"
10,0.1875,"min(floor((max_score_exp_ratios / (exp_time_ratio ^ 0.25611793901689034)) * 0.4172519831745589), max_score)"
