Complexity,Loss,Equation
1,1434.317073170729,"6791.999999999984"
3,95.094428171155,"(max_score_exp_ratios * 0.4444326412455183)"
4,94.97909407665506,"floor(max_score_exp_ratios * 0.4444066386937741)"
5,53.889099746472915,"min(max_score_exp_ratios * 0.44490464889053266, max_score)"
6,53.749128919860624,"floor(min(max_score_exp_ratios * 0.44503423893135613, max_score))"
7,25.88111893478227,"min((max_score_exp_ratios * 0.3293206558145351) ^ 1.0347159277940274, max_score)"
8,25.81533101045296,"floor(min((max_score_exp_ratios * 0.328968123240446) ^ 1.0348480200229986, max_score))"
9,6.677175192068206,"min((max_score_exp_ratios * 0.4557879657387677) + (-278.26088495396 / exp_time_ratio), max_score)"
10,6.634146341463414,"min(floor((max_score_exp_ratios * 0.45576650953505515) + (-276.9450332164122 / exp_time_ratio)), max_score)"
11,5.0569370517403245,"min((max_score_exp_ratios * 0.4584249644128339) + ((-300.65609398154294 - pods) / exp_time_ratio), max_score)"
12,5.006968641114983,"floor(min((max_score_exp_ratios * 0.4584592560375251) + ((-300.45992626485986 - pods) / exp_time_ratio), max_score))"
13,0.6943816103060304,"min((max_score_exp_ratios * 0.46670353167969675) + ((-372.8949390990687 - (pods * 4.084295898559722)) / exp_time_ratio), max_score)"
14,0.6373033097204136,"min((max_score_exp_ratios * 0.46658332622873766) + (floor(-372.6061883471081 - (pods * 4.00995804851653)) / exp_time_ratio), max_score)"
15,0.6062717770034843,"min(floor((max_score_exp_ratios * 0.46662749062263276) + (floor(-372.6061883471081 - (pods * 4.00995804851653)) / exp_time_ratio)), max_score)"
17,0.5505226480836237,"min(floor((max_score_exp_ratios * 0.4665522956058357) + ((floor(-372.6061883471081 - (pods * 4.00995804851653)) - -1.6861348152801772) / exp_time_ratio)), max_score)"
18,0.5296167247386759,"min(floor((max_score_exp_ratios * 0.4666959962511071) + ((floor(-372.6061883471081 - (pods * 4.00995804851653)) / exp_time_ratio) - floor(exp_pod_ratio))), max_score)"
19,0.5121951219512195,"min(floor((max_score_exp_ratios * 0.46662749062263276) + ((floor(-372.6061883471081 - (pods * 4.00995804851653)) / exp_time_ratio) - log(floor(exp_pod_ratio)))), max_score)"
20,0.4181184668989547,"min(floor((max_score_exp_ratios * 0.4666462910900734) + ((floor(-372.6061883471081 - (pods * 4.00995804851653)) / exp_time_ratio) - floor(exp_pod_ratio / 1.7248518964953623))), max_score)"
