Complexity,Loss,Equation
1,5505.851851851972,"20025.000000009757"
2,5505.851851851852,"floor(20025.05139717013)"
3,1865.7597589406053,"(14153.001280407772 * exp_pod_ratio)"
4,1865.7407407407406,"floor(14153.262465258249 * exp_pod_ratio)"
5,1571.658468364196,"min(max_score_exp_ratios - 17802.596808473438, max_score)"
6,1571.6172839506173,"min(floor(max_score_exp_ratios - 17796.63380791409), max_score)"
7,1283.308634255188,"min(max_score_exp_ratios - (26040.1489037746 / exp_time_ratio), max_score)"
8,1268.4674238048212,"min(max_score_exp_ratios - (17974.847656381124 / floor(exp_time_ratio)), max_score)"
9,173.30704208111732,"min(max_score_exp_ratios - (max_score_exp_ratios / (exp_pod_ratio - -0.7284049023260464)), max_score)"
10,173.22222222222223,"floor(min(max_score_exp_ratios - (max_score_exp_ratios / (exp_pod_ratio - -0.728442798763948)), max_score))"
11,170.99741749808115,"min(max_score_exp_ratios - ((max_score_exp_ratios + max_pods) / (exp_pod_ratio - -0.740848896772424)), max_score)"
12,93.44742140991825,"min(max_score_exp_ratios - ((max_score - (44061.72633588475 / exp(exp_pod_ratio))) / exp_time_ratio), max_score)"
13,93.35980902777777,"min(max_score_exp_ratios - floor((max_score - (44059.115514753 / exp(exp_pod_ratio))) / exp_time_ratio), max_score)"
14,36.904262080992986,"min(max_score_exp_ratios - ((max_score - (44060.73561298574 / exp(min(exp_pod_ratio, 1.9096293347326474)))) / exp_time_ratio), max_score)"
15,36.81481481481482,"min(floor(max_score_exp_ratios - ((max_score - (44065.80763541916 / exp(min(exp_pod_ratio, 1.9093831435657556)))) / exp_time_ratio)), max_score)"
16,35.931948719006265,"min((max_score_exp_ratios - ((max_score - (43886.67721030476 / exp(min(exp_pod_ratio, 1.9142063234379196)))) / exp_time_ratio)) * 1.0020199595007389, max_score)"
17,35.851851851851855,"min(floor((max_score_exp_ratios - ((max_score - (43887.18925039279 / exp(min(exp_pod_ratio, 1.9142063234379196)))) / exp_time_ratio)) * 1.0020417692361965), max_score)"
18,35.782192725441,"min((max_score_exp_ratios - ((max_score - ((43886.67721030476 - pods) / exp(min(exp_pod_ratio, 1.9142063234379196)))) / exp_time_ratio)) * 1.0020199595007389, max_score)"
19,31.8060320682404,"min(max_score_exp_ratios - (((max_score - (43978.7856669923 / exp(min(exp_pod_ratio, 1.9557956292951153)))) / exp_time_ratio) - log(exp_pod_ratio ^ pods)), max_score)"
20,31.71604938271605,"min(floor(max_score_exp_ratios - (((max_score - (43982.38038528657 / exp(min(exp_pod_ratio, 1.9558149086788312)))) / exp_time_ratio) - log(exp_pod_ratio ^ pods))), max_score)"
21,30.46725119715952,"min(max_score_exp_ratios - (((max_score - (43978.725111461856 / exp(min(exp_pod_ratio, 1.9557998732725586)))) / exp_time_ratio) - log((exp_pod_ratio ^ pods) + 44104.579370561376)), max_score)"
22,18.977912124795978,"min(max_score_exp_ratios - (((max_score - (44047.56128685689 / exp(min(exp_pod_ratio, 1.962316957990491)))) / exp_time_ratio) - log(floor(1.2163368064366098 * exp_pod_ratio) ^ max_pods)), max_score)"
23,18.91358024691358,"floor(min(max_score_exp_ratios - (((max_score - (44047.5640000539 / exp(min(exp_pod_ratio, 1.9623199765289123)))) / exp_time_ratio) - log(floor(1.2163368064366098 * exp_pod_ratio) ^ max_pods)), max_score))"
24,18.806899597629812,"min(max_score_exp_ratios - (((max_score - (44070.796576291905 / exp(min(exp_pod_ratio, 1.962316957990491)))) / exp_time_ratio) - log((floor(1.2163368064366098 * exp_pod_ratio) * -0.9815588178147137) ^ max_pods)), max_score)"
25,18.74074074074074,"floor(min(max_score_exp_ratios - (((max_score - (44070.796576291905 / exp(min(exp_pod_ratio, 1.962316957990491)))) / exp_time_ratio) - log((floor(1.2163368064366098 * exp_pod_ratio) * -0.9815588178147137) ^ max_pods)), max_score))"
26,18.139153521296233,"min(max_score_exp_ratios - (((max_score - (44047.560896219875 / exp(min(exp_pod_ratio, 1.976712955160058)))) / exp_time_ratio) - (log(floor(1.2163368064366098 * exp_pod_ratio) ^ (max_pods / max_score)) * max_score_exp_ratios)), max_score)"
27,18.037037037037038,"min(floor(max_score_exp_ratios - (((max_score - (44047.560896219875 / exp(min(exp_pod_ratio, 1.976712955160058)))) / exp_time_ratio) - (log(floor(1.2163368064366098 * exp_pod_ratio) ^ (max_pods / max_score)) * max_score_exp_ratios))), max_score)"
28,18.00088990706352,"min((max_score_exp_ratios - 2.994297400713919) - (((max_score - (44048.227539481355 / exp(min(exp_pod_ratio, 1.9716553769401275)))) / exp_time_ratio) - (log(floor(1.2163368064366098 * exp_pod_ratio) ^ (max_pods / max_score)) * max_score_exp_ratios)), max_score)"
29,17.901234567901234,"min(floor((max_score_exp_ratios - exp_pod_ratio) - (((max_score - (44054.632739415436 / exp(min(exp_pod_ratio, 1.9716553769401275)))) / exp_time_ratio) - (log(floor(1.2163368064366098 * exp_pod_ratio) ^ (max_pods / max_score)) * max_score_exp_ratios))), max_score)"
30,17.51343839765093,"min((max_score_exp_ratios - exp_pod_ratio) - (((max_score - (44048.227539481355 / exp(min(exp_pod_ratio, 1.9716553769401275)))) / exp_time_ratio) - (log(min(floor(1.2163368064366098 * exp_pod_ratio), exp_pod_ratio) ^ (max_pods / max_score)) * max_score_exp_ratios)), max_score)"
