Complexity,Loss,Equation
1,542.5913978494622,"2736.000000000021"
3,85.94292122994467,"(max_score_exp_ratios * 0.38373297040787785)"
4,85.88172043010752,"floor(max_score_exp_ratios * 0.3836189203755301)"
5,30.614676074149802,"((max_score_exp_ratios ^ 0.9023605606243329) - time)"
6,30.544802867383513,"floor((max_score_exp_ratios ^ 0.9023776410532195) - time)"
7,19.8157939036075,"((max_score_exp_ratios - (time * exp_pod_ratio)) * 0.41639922604293605)"
8,19.79246443819636,"((max_score_exp_ratios - floor(time * exp_pod_ratio)) * 0.4163635863674376)"
9,13.633948999070967,"min((max_score_exp_ratios - (time * exp_pod_ratio)) * 0.4164027408970229, max_score)"
10,13.611558080300227,"min((max_score_exp_ratios - floor(time * exp_pod_ratio)) * 0.4163641889109659, max_score)"
11,10.635407807178275,"min(((max_score_exp_ratios - (time * exp_pod_ratio)) * 0.4107089687777144) + max_pods, max_score)"
12,10.605734767025089,"floor(min(((max_score_exp_ratios - (time * exp_pod_ratio)) * 0.4108241168714892) + max_pods, max_score))"
13,9.512458608429224,"min(((max_score_exp_ratios - ((time + pods) * exp_pod_ratio)) * 0.41524584319791713) + max_pods, max_score)"
14,9.440860215053764,"min(floor(((max_score_exp_ratios - ((time + pods) * exp_pod_ratio)) * 0.4152494423426088) + max_pods), max_score)"
16,4.31554538360189,"min(((max_score_exp_ratios - (time * (exp_pod_ratio + 1.542458920031414))) * 0.4122728215128451) + (max_pods * exp(exp_time_ratio)), max_score)"
17,4.301417334381481,"min(((max_score_exp_ratios - floor(time * (exp_pod_ratio + 1.5424766298918509))) * 0.41223648823609027) + (max_pods * exp(exp_time_ratio)), max_score)"
18,3.0892491479571316,"min(((max_score_exp_ratios - (time * (exp_pod_ratio + min(1.5275948562047155, exp_time_ratio)))) * 0.41175688362775925) + (max_pods * exp(exp_time_ratio)), max_score)"
19,3.0736636181625494,"min(((max_score_exp_ratios - floor(time * (exp_pod_ratio + min(1.5275948562047155, exp_time_ratio)))) * 0.4117416169264565) + (max_pods * exp(exp_time_ratio)), max_score)"
20,2.872187267380781,"min(((max_score_exp_ratios - (time * (exp_pod_ratio + min(1.5527722807813582, exp_time_ratio)))) * 0.41064632384561406) + (max_pods * (exp(exp_time_ratio) - -0.24717952868045495)), max_score)"
21,2.806991969462945,"min(((max_score_exp_ratios - (time * (exp_pod_ratio + min(1.5069839292433187, exp_time_ratio)))) * 0.4129898399240055) + ((max_pods * exp(exp_time_ratio)) - exp(exp_pod_ratio)), max_score)"
22,2.781362007168459,"floor(min(((max_score_exp_ratios - (time * (exp_pod_ratio + min(1.502847140413397, exp_time_ratio)))) * 0.4129548762140584) + ((max_pods * exp(exp_time_ratio)) - exp(exp_pod_ratio)), max_score))"
23,2.6108751891406574,"min(((max_score_exp_ratios - (time * (exp_pod_ratio + min(1.5456301001678256, exp_time_ratio)))) * 0.412286770748954) + (((max_pods - -1.5622119411898006) * exp(exp_time_ratio)) - exp(exp_pod_ratio)), max_score)"
24,2.5483870967741935,"floor(min(((max_score_exp_ratios - (time * (exp_pod_ratio + min(1.5456284819762356, exp_time_ratio)))) * 0.4123816711929718) + (((max_pods - -1.5622120326802238) * exp(exp_time_ratio)) - exp(exp_pod_ratio)), max_score))"
25,2.5268817204301075,"floor(min(((max_score_exp_ratios - (time * (exp_pod_ratio + min(1.5415518935169206, exp_time_ratio)))) * 0.4123693546092009) + floor(((max_pods - -1.5622120326802238) * exp(exp_time_ratio)) - exp(exp_pod_ratio)), max_score))"
26,2.4874551971326166,"floor(min((((max_score_exp_ratios - (time * (exp_pod_ratio + min(1.5419812489535114, exp_time_ratio)))) * 0.4125631454721384) + -1.5622120326802238) + (((max_pods - -1.5622120326802238) * exp(exp_time_ratio)) - exp(exp_pod_ratio)), max_score))"
27,2.4444444444444446,"floor(min(((floor(max_score_exp_ratios) - (time * (exp_pod_ratio + min(1.5416729983020696, exp_time_ratio)))) * 0.41293259101627067) + (((max_pods - -1.5622120326802238) * (exp(exp_time_ratio) + -0.08891912947135666)) - exp(exp_pod_ratio)), max_score))"
28,2.4229390681003586,"floor(min((((max_score_exp_ratios - (time * (exp_pod_ratio + min(1.5420937947041333, exp_time_ratio)))) * 0.4128832649527713) + (-1.6386222144376597 - 1.8285193076611703)) + (((max_pods - -1.5622120326802238) * exp(exp_time_ratio)) - exp(exp_pod_ratio)), max_score))"
30,2.4050179211469533,"floor(min((((max_score_exp_ratios - (time * (exp_pod_ratio + min(1.5420291293141746, exp_time_ratio)))) * 0.41274160371018054) + (-1.5623448638644752 - exp(1.291079959533424))) + (((max_pods - floor(-1.5622120326802238)) * exp(exp_time_ratio)) - exp(exp_pod_ratio)), max_score))"
