Complexity,Loss,Equation
1,539.9567567567562,"1903.9999999999957"
3,33.79780081261375,"(max_score_exp_ratios / 2.260893504332241)"
4,33.66486486486487,"floor(max_score_exp_ratios / 2.260510755379339)"
5,11.678311976976744,"min(max_score_exp_ratios / 2.2586158454085195, max_score)"
6,11.513513513513514,"floor(min(max_score_exp_ratios / 2.258130629072878, max_score))"
7,6.040456726849894,"min((max_score_exp_ratios / 2.222700328442189) + -33.27455846703992, max_score)"
8,5.9837837837837835,"floor(min((max_score_exp_ratios / 2.2227406677417942) + -32.94212082494111, max_score))"
9,1.7665622942122827,"min((max_score_exp_ratios / 2.2171202832248804) + (-78.7731380566068 / exp_time_ratio), max_score)"
10,1.6432432432432433,"floor(min((max_score_exp_ratios / 2.216848187936596) + (-78.7731380566062 / exp_time_ratio), max_score))"
11,0.790538282256185,"min((max_score_exp_ratios / 2.1943923233778655) + ((-91.66614015076068 - pods) / exp_time_ratio), max_score)"
12,0.6702702702702703,"min(floor((max_score_exp_ratios / 2.194158107227875) + ((-91.10495712076117 - pods) / exp_time_ratio)), max_score)"
13,0.29548387580333385,"min((max_score_exp_ratios / 2.176772715706917) + ((-59.069877710589225 - pods) / (exp_time_ratio * 0.5722785385706858)), max_score)"
14,0.16216216216216217,"min(floor((max_score_exp_ratios / 2.1778054477330167) + ((-59.05440934017558 - pods) / (exp_time_ratio * 0.5831122782441183))), max_score)"
17,0.14594594594594595,"min(floor((max_score_exp_ratios / 2.176961617816891) + ((-59.84669541789664 - (pods + floor(exp_pod_ratio))) / (exp_time_ratio * 0.590680475817045))), max_score)"
19,0.12432432432432433,"min(floor((max_score_exp_ratios / 2.1775592713024694) + ((floor(-59.844727751770705) - (pods + log(floor(exp_pod_ratio)))) / (exp_time_ratio * 0.5893749920980317))), max_score)"
21,0.10810810810810811,"min(floor((max_score_exp_ratios / 2.1775592713024694) + ((floor(-59.844727751770705) - min(pods + log(floor(exp_pod_ratio)), max_pods)) / (exp_time_ratio * 0.5893749920980317))), max_score)"
23,0.10270270270270271,"min(floor((max_score_exp_ratios / 2.1775592713024694) + ((floor(-59.844727751770705) - min(pods + log(floor(exp_pod_ratio ^ 1.09806753970118)), max_pods)) / (exp_time_ratio * 0.5893749920980317))), max_score)"
