Complexity,Loss,Equation
1,1592.2312499999978,"7257.230035665855"
3,207.30316067008533,"(max_score_exp_ratios * 0.4490646932251233)"
4,207.225,"floor(max_score_exp_ratios * 0.44889562913086006)"
5,108.35604530109701,"min(max_score_exp_ratios * 0.4495031826880611, max_score)"
6,108.25625,"min(floor(max_score_exp_ratios * 0.4494858883022677), max_score)"
7,75.50504830038685,"min((max_score_exp_ratios * 0.286532426990315) ^ 1.0529576390382862, max_score)"
8,75.40363984967412,"min(floor(max_score_exp_ratios * 0.28571837151120677) ^ 1.053337886832865, max_score)"
9,13.862445013462937,"min(((max_score_exp_ratios + time) * 0.23019080905547196) ^ 1.0778365159758185, max_score)"
10,13.787622929477585,"min(floor((max_score_exp_ratios + time) * 0.22947586948651344) ^ 1.0782536680235768, max_score)"
11,11.199371821272104,"min((((max_score_exp_ratios / 1.1548703324427434) + time) * 0.5527275855494642) - max_time, max_score)"
12,11.15,"min(floor((((max_score_exp_ratios / 1.1582651965015422) + time) * 0.5543174809455106) - max_time), max_score)"
13,11.13125,"min(floor((((floor(max_score_exp_ratios) / 1.1552598706478276) + time) * 0.552935861071799) - max_time), max_score)"
14,10.952323492968548,"min(((((max_score_exp_ratios / 1.1563770426619249) + time) * 0.5530269133241564) + exp(exp_pod_ratio)) - max_time, max_score)"
15,10.727491339377117,"min(((((max_score_exp_ratios / 1.1669882123662474) + time) * 0.5581236679574183) + (exp_pod_ratio ^ exp_pod_ratio)) - max_time, max_score)"
16,10.68125,"floor(min(((((max_score_exp_ratios / 1.166761126471096) + time) * 0.5580383011525373) + (exp_pod_ratio ^ exp_pod_ratio)) - max_time, max_score))"
17,9.710178446960755,"min(((((max_score_exp_ratios / 1.167297338448205) + time) * 0.5582662335043062) + (max_score ^ (exp_pod_ratio + -2.2329352792283297))) - max_time, max_score)"
18,7.889700470053527,"min(((((max_score_exp_ratios / 1.2218209981969004) + time) * 0.5840443040930452) + (-2.176676029104808 ^ floor(exp_pod_ratio - -1.636804132062675))) - max_time, max_score)"
19,7.875,"min(floor((((max_score_exp_ratios / 1.2243471785393978) + time) * 0.5852292314761534) + (-2.175283795371991 ^ floor(exp_pod_ratio - -1.636804132062675))) - max_time, max_score)"
20,7.6333168165942205,"min(((((max_score_exp_ratios / 1.2302638596768465) + time) * 0.5880252133566969) + ((-1.72738131432747 ^ floor(exp_pod_ratio - -1.636804132062675)) * 2.3041644928336735)) - max_time, max_score)"
21,7.460068971794061,"min(((((max_score_exp_ratios / 1.2399877359372165) + time) * 0.5925891000708292) + ((-1.2414429269301164 ^ floor(exp_pod_ratio - -1.636804132062675)) * log(max_time))) - max_time, max_score)"
22,7.40625,"floor(min(((((max_score_exp_ratios / 1.237295283319511) + time) * 0.5913318701092529) + ((-1.2523397208412905 ^ floor(exp_pod_ratio - -1.636804132062675)) * exp(1.8586710121127585))) - max_time, max_score))"
23,7.303241661487839,"min(((((max_score_exp_ratios / 1.2152751022439603) + time) * 0.5804571224395357) + (((-1.3114765084154048 ^ floor(exp_pod_ratio - -1.636804132062675)) + 1.9146818136296664) * log(time))) - max_time, max_score)"
24,7.231284489812383,"min((floor(((max_score_exp_ratios / 1.2123060330015776) + time) * 0.5790701591858192) + (((-1.3008550684149374 ^ floor(exp_pod_ratio - -1.636804132062675)) + 1.9145976803675533) * log(time))) - max_time, max_score)"
25,7.1258979214302745,"min(((((max_score_exp_ratios / 1.212308091327936) + time) * 0.5790667696238694) + (((-1.3008550679616397 ^ floor(exp_pod_ratio - -1.636804132062675)) + min(1.914597680403043, exp_time_ratio)) * log(time))) - max_time, max_score)"
26,7.075,"min(floor(((((max_score_exp_ratios / 1.2152580832377273) + time) * 0.580478355751517) + (((-1.3114761183546533 ^ floor(exp_pod_ratio - -1.636804132062675)) + min(1.9146818183192535, exp_time_ratio)) * exp(1.7923961044441634))) - max_time), max_score)"
27,6.995406863012491,"min(((((max_score_exp_ratios / 1.1740258884588486) + time) * 0.560826302669267) + ((((-1.0925214483902312 ^ floor(exp_pod_ratio - -1.636804132062675)) + min(1.9184311370519087, exp_time_ratio)) / 0.5894003267610756) * log(time))) - max_time, max_score)"
28,6.95625,"floor(min(((((max_score_exp_ratios / 1.1740523509059169) + time) * 0.5608579839472027) + ((((-1.0925214483902312 ^ floor(exp_pod_ratio - -1.636804132062675)) + min(1.9184311370519087, exp_time_ratio)) / 0.5894003267610756) * log(time))) - max_time, max_score))"
29,6.94375,"floor(min((((floor(max_score_exp_ratios / 1.1740523509059169) + time) * 0.5608579839472027) + ((((-1.0925214483902312 ^ floor(exp_pod_ratio - -1.636804132062675)) + min(1.9184311370519087, exp_time_ratio)) / 0.5894003267610756) * log(time))) - max_time, max_score))"
30,6.9375,"floor(min((((((max_score_exp_ratios / 1.1740523509059169) + time) * 0.5608579839472027) + ((((-1.0925214483902312 ^ floor(exp_pod_ratio - -1.636804132062675)) + min(1.9184311370519087, exp_time_ratio)) / 0.5894003267610756) * log(time))) - max_time) + -0.19168593244921522, max_score))"
