Complexity,Loss,Equation
1,3777.524999999998,"14006.818835779399"
3,293.1984075443084,"(0.4253210455426672 * max_score_exp_ratios)"
4,292.9875,"floor(0.42533695505661434 * max_score_exp_ratios)"
5,5.2650509028921775,"min(0.42532484149626015 * max_score_exp_ratios, max_score)"
6,5.025,"floor(min(0.42533665720103464 * max_score_exp_ratios, max_score))"
10,5.0125,"floor(min(0.4253367289629773 * (max_score_exp_ratios - floor(log(exp_pod_ratio))), max_score))"
14,0.7194646454080045,"min((0.42534200834352315 * max_score_exp_ratios) + (-0.332609092269682 / log(max_score / (0.4307816248192557 * max_score_exp_ratios))), max_score)"
15,0.4625,"min(floor((0.4253582277398278 * max_score_exp_ratios) + (-0.4289589868551385 / log(max_score / (0.4306645526912391 * max_score_exp_ratios)))), max_score)"
17,0.4125,"min(floor((0.4253659568232005 * max_score_exp_ratios) + (-0.4289589868551385 / (log(max_score / (0.43046234267201083 * max_score_exp_ratios)) * 0.721250437124759))), max_score)"
18,0.4,"floor(min((0.42536625398426336 * max_score_exp_ratios) - (exp(-0.5267047474738537) / log(max_score / (0.42744497214749655 * (max_score_exp_ratios + time)))), max_score))"
21,0.3875,"floor(min(((0.42538379609480004 * max_score_exp_ratios) - (0.7011779376816994 / log((max_score + -0.15625143104155367) / (0.4273108858013224 * (max_score_exp_ratios + time))))) - 0.4275860140009143, max_score))"
22,0.325,"floor(min((0.42538379609480004 * max_score_exp_ratios) - (exp(-0.5267047474738537) / log(max_score / (0.42744497214749655 * (max_score_exp_ratios + time)))), min(0.4253369388339444 * max_score_exp_ratios, max_score)))"
23,0.2375,"min(floor(min((0.4254498636320977 * max_score_exp_ratios) - (exp(-0.5267047474738537) / log(max_score / (0.42745692695616444 * (max_score_exp_ratios + time)))), max_score)), floor(0.4253369586312576 * max_score_exp_ratios))"
25,0.175,"floor(min(((0.4255116866750218 * max_score_exp_ratios) - (0.7011779376816994 / log((max_score + 0.4275860140009143) / (0.42734201796672683 * (max_score_exp_ratios + time))))) - -0.4952419633333416, min(0.4253360573731392 * max_score_exp_ratios, max_score)))"
