Complexity,Loss,Equation
1,0.9063271405350956,"9.613984082071562"
2,0.0030290224550110667,"log(max_score)"
4,0.003011682615563026,"log(max_score / 1.0041727952690582)"
5,0.003011682615563025,"(log(max_score) - log(1.0041727952690582))"
6,0.0007403521454628064,"(log(max_score) + tanh(log(pods)))"
7,0.0007403521454628022,"log(max_score * exp(tanh(log(pods))))"
8,0.0007225406821102494,"(log(max_score) + (tanh(log(pods)) * 1.0963432594553661))"
10,0.00047570853758223327,"(log(max_score) + ((tanh(log(pods)) * 2.693019922291352) * time))"
11,0.000429812610585359,"(log(max_score) + (tanh(log(pods)) * (exp(time) + -0.3955988217599489)))"
12,0.00042594033551699085,"(log(max_score) + (tanh(log(pods)) * ((time * 1.976146595032353) + 0.3467315684117711)))"
13,0.0004185541018458501,"(log(max_score) + (tanh(log(pods)) * ((exp(time) * 1.2383102322760757) + -0.7511438641345332)))"
14,0.00031487803922329984,"(log(max_score) + (tanh(log(pods)) - exp((log(time) * max_pods) * 0.08209565101971936)))"
15,0.00029460751605453044,"(log(max_score) + (tanh(log(pods)) - tanh(exp((log(time) * max_pods) * 0.07920518708026786))))"
16,0.00029139176111398017,"(log(max_score) + ((tanh(log(pods)) - -0.005074742640292197) - exp((log(time) * max_pods) * 0.07743039714013907)))"
17,0.0002549437092586024,"(log(max_score) + (tanh(log(pods)) - tanh(exp((log(time) * (max_pods / time)) * 0.04013944272859755))))"
19,0.00024954656169956426,"(log(max_score) + (tanh(log(pods)) - tanh(min(exp((log(time) * (max_pods / time)) * 0.04013944272859755), 0.590368775519919))))"
23,0.00024024074535693504,"(log(max_score) + (tanh(log(pods)) - min(exp(((log(tanh(time + time)) * max_pods) * 0.18482972917749266) + time) * time, 0.47335225925081276)))"
25,0.00022554693832993098,"(log(max_score) + (tanh(log(pods)) - min(exp((((log(tanh(time / 0.47335225925081276)) * pods) * max_pods) * 0.2583497875091645) + time) * pods, 0.4727821050099533)))"
26,0.00022482746557882344,"(log(max_score) + (tanh(log(pods)) - min(exp((((log(tanh(time + time)) * tanh(pods)) * max_pods) * 0.2583497875091645) + time) * time, 0.47335225925081276)))"
27,0.00022346249019561227,"(log(max_score) + (tanh(log(pods)) - min(min(exp((((log(tanh(time / 0.47335225925081276)) * pods) * max_pods) * 0.2583497875091645) + time), time) * pods, 0.4727821050099533)))"
29,0.00022321478417181703,"(log(max_score + log(max_pods)) + (tanh(log(pods)) - min(exp((((log(tanh(time + time)) * tanh(pods)) * max_pods) * 0.2583497875091645) + time) * time, 0.47335225925081276)))"
30,0.00020457449071837632,"(log(max_score + 2.751357239555902) + ((tanh(log(pods)) / 1.109749252971553) - min(exp((((log(tanh(time + time)) * tanh(pods)) * max_pods) * 0.2583497875091645) + time) * time, 0.47335225925081276)))"
