Complexity,Loss,Equation
1,13.620042985135859,"level"
2,0.022384513508197437,"1.1999992132189408"
6,0.022384513508189808,"exp(-0.3905253040937165 / -2.141966728149127)"
7,0.02237034109049099,"(1.2000036173792301 - (max_time / square(max_score)))"
8,0.022197096258611635,"(1.19995875635682 - cube(-2.883220878865812e-6 * max_score))"
9,0.013740315482529923,"(cube(1.7012331845553633e-5 * square(max_pods)) + 1.1993407577755744)"
10,0.006086351561951586,"(cube(square(1.8751267433729415e-5 * square(max_pods))) + 1.1999968428658532)"
11,0.0053233367949629355,"(cube(cube(square(max_pods / herm(-0.25445988444037876)))) + 1.1999970920299843)"
12,0.005292173026921922,"(square(square(square(square(max_pods / herm(-0.2549379539747245))))) + 1.1999968428658532)"
13,0.005244965512732585,"(cube(cube(square(max_pods / herm(-0.3271303063283607))) * epid) + 1.1999975789956423)"
16,0.0052278100507306665,"(cube(cube(square((max_pods - 2.5525217701918206) / herm(-0.3253827465012298))) * epid) + 1.199998317034985)"
18,0.005208454621257179,"(square(square(square(square(min(square(level - log(max_time)), max_pods) / herm(-0.25493799406839057))))) + 1.1999985363670966)"
19,0.004890324803846217,"(cube(square(cube((max_pods + (max_time / sqrt(max(exp(level), max_pods)))) / herm(-0.2544656791961051)))) + 1.1999968428658532)"
20,0.004481092011758822,"(cube(square(cube((max_pods + (max_time / (sqrt(exp(level)) - -2.066373406394759))) / herm(-0.2544656791961051)))) + 1.1999968428658532)"
21,0.004210581641404407,"(cube(cube(square(max_pods / herm(-0.25445988240187656)))) + (cube(max_time / square(sqrt(exp(level)) - max_time)) + 1.1999969746600403))"
22,0.0037301517340949967,"(cube(cube(square(max_pods / herm(-0.25445988240187656)))) + (cube(herm(max_time / cube(sqrt(exp(level)) - max_time))) + 1.1999969746600403))"
23,0.003661013163388731,"(cube(cube(square(max_pods / herm(-0.25445988240187656)))) + (herm(max_time / cube((sqrt(exp(level)) - max_time) - epid)) + 1.1999969746600403))"
24,0.003496466438105807,"(cube(cube(square(max_pods / herm(-0.25445988240187656)))) + (cube(max_time / square((sqrt(exp(level)) - max_time) / -0.9400016763423025)) + 1.1999969746600403))"
25,0.0034432958804968684,"(cube(cube(square(max_pods / herm(-0.25445988081998544)))) + (cube(herm(max_time / (cube(sqrt(exp(level)) - max_time) * 0.9728242181477261))) + 1.1999977948391714))"
26,0.003418607236125822,"(square(square(square(square(max_pods / herm(-0.25493795717340406))))) + (cube(herm(max_time / (cube(sqrt(exp(level)) - max_time) * 0.97242419531554))) + 1.1999969746600403))"
28,0.0034162116824228545,"(square(square(square(square(max_pods / herm(-0.25493795717340406))))) + (cube(herm(max_time / ((cube(sqrt(exp(level)) - max_time) * 0.97242419531554) - level))) + 1.1999969746600403))"
29,0.003412796162033315,"(square(square(square(square(max_pods / herm(-0.25493795547914655))))) + (cube(herm((max_time + -0.44512637581995124) / cube((sqrt(exp(level)) - max_time) + 0.3713673305640295))) + 1.1999969726617692))"
