Complexity,Loss,Equation
1,8.264758441575387,"level"
2,0.808533525241514,"8.798112627417266"
4,0.1557397953908881,"log(imean(max_score, max_score))"
5,0.020555700213742787,"(log(max_score) - 0.8290303523080763)"
7,0.020359070126967898,"log((max_score * 0.43715715590399934) - epid)"
8,0.020358663501450935,"log((max_score * 0.43675271567741936) - sqrt(level))"
9,0.02035784831388915,"log((max_score * imean(0.4370903393153294, max_score)) - level)"
10,0.02032448318296364,"log((max_score - max(sqrt(max_pods), epid)) * 0.43697274902814526)"
11,0.02031498430081798,"log((max_score - epid) * imean(0.43693987953169094, max_time * epid))"
12,0.015361634908408325,"log(max_score * imean(0.43667271057120566, (max_score * 0.19585758247756668) - max_time))"
14,0.015043161480788672,"log(max_score * imean(0.43647228357098194, ((max_score * 0.19305381636369867) - max_time) * max_score))"
16,0.014892098589437118,"log((max_score * imean(0.43707904707558176, ((max_score * 0.19305386674125716) - max_time) * max_score)) - level)"
18,0.01488776329785604,"log((max_score * imean(0.43707904707558176, min((max_score * 0.19305386674125716) - max_time, level) * max_score)) - level)"
20,0.014874657309633652,"log((max_score * imean(0.43707904707558176, min((((max_score * 0.19305386674125716) / epid) - max_time) * max_score, max_time))) - level)"
21,0.014810065116522043,"log((max_score - imean(epid, sqrt(epid) - (max_pods - epid))) * imean(0.437018735706021, (max_score * 0.19587016483510705) - max_time))"
23,0.014658676442981897,"log((max_score - imean(epid, epid - imean(max_pods - sqrt(epid), max_score))) * imean(0.4370187149982047, (max_score * 0.19587020127873048) - max_time))"
24,0.01309162410217885,"log((max_score - imean(epid, (sqrt(epid) - (max_pods - epid)) / 1.6221706553925512)) * imean(0.4369698386618367, (max_score * 0.195884221498954) - max_time))"
27,0.013056923876275446,"log(((max_score - 0.5326818419584659) - imean(epid, (sqrt(epid) - (max_pods - epid)) / 1.6221706553925512)) * imean(0.4369698386618367, (max_score * 0.195884221498954) - max_time))"
28,0.012995752183656487,"log((max_score - imean(epid, log(sqrt(max_score)) - (max_pods - ((epid / 0.6142439437420083) + 0.20056724165561904)))) * imean(0.43696384347891437, (max_score * 0.19587274401004331) - max_time))"
30,0.012702303351284097,"log(min(max_score - imean(epid, log(sqrt(max_score)) - (max_pods - ((epid / 0.6142439437420083) + 0.20056724165561904))), max_score) * imean(0.43696384347891437, (max_score * 0.19587274401004331) - max_time))"
