Complexity,Loss,Equation
1,0.808533525241514,"8.798112627417273"
3,0.4398083476782428,"imean(9.758133230063276, max_pods)"
4,0.3816771774600682,"imean(12.957638070382409, sqrt(max_time))"
5,0.36161781240546803,"imean(max_time / 11.27871299973535, 10.339261664686878)"
6,0.3576189407406698,"(log(-112.60829951324354 + max_time) + 2.313382942916904)"
7,0.34954867628935427,"imean((max_time + max_pods) / 13.231465259733698, 10.395160792817892)"
8,0.32530342499787884,"log(imean(max_pods - 11.862124587296355, 9.95094519109429) * max_time)"
10,0.3188910060836454,"imean(max_pods, max(sqrt((max_time * 8.658634995155998) / max_pods), 9.758120389378162))"
11,0.3046344067175402,"imean(max_pods, max(imean(max_time / max_pods, max_pods) + -0.9156117181404877, 9.6161208712822))"
12,0.2971629025506593,"imean(imean(max_pods, max(sqrt((max_time * 8.718318441705758) / max_pods), 9.836311876385361)), max_time)"
13,0.2942754787223329,"imean(imean(max_pods, max(imean((max_time / max_pods) / 1.0810614280850463, max_pods), 9.836311876385361)), max_time)"
14,0.29014534147770943,"imean(max_pods, max(sqrt(((sqrt(sqrt(max_time)) * max_time) / 0.7006528751566178) / max_pods), 9.616031531802165))"
15,0.2856041557871881,"imean(imean(max_pods, max(sqrt(((max_time * log(max_time)) / max_pods) / 0.8300079839876554), 9.863996095451942)), max_time)"
16,0.2805202063621799,"imean(imean(max_pods, max(sqrt(((sqrt(sqrt(max_time)) * max_time) / 0.6883746846309162) / max_pods), 9.836311876385361)), max_time)"
18,0.2768116019945908,"imean(imean(max_pods + 0.408171862494173, max(sqrt(((sqrt(sqrt(max_time)) * max_time) / max_pods) / 0.6893525456184381), 9.836311876385361)), max_time)"
20,0.2753922081327273,"imean(imean(max_pods + 0.6752873698713886, max(sqrt(((sqrt(sqrt(max_time)) * max_time) / 0.6893525456184381) / max_pods), 9.836311876385361)), max_time - max_pods)"
21,0.27538827396377125,"imean(imean(max_pods + sqrt(0.4341155300194163), max(sqrt(((sqrt(sqrt(max_time)) * max_time) / 0.6893525456184381) / max_pods), 9.836311876385361)), max_time - max_pods)"
22,0.2585911399344866,"imean(imean(max_pods, max(sqrt(((sqrt(sqrt(max_time)) * max_time) / 0.6940711432759106) / max_pods), 9.942765196952047)), (max_time - (max_pods / 0.19797099390027703)) / 0.4065350445409215)"
24,0.2584523380521453,"imean(imean(max_pods, max(sqrt(((sqrt(sqrt(max_time)) * max_time) / 0.6996584638405642) / (max_pods - 0.9801898185927972)), 9.939623249090342)), (max_time - (max_pods / 0.19798975315278003)) / 0.40583251053278935)"
26,0.2577611253221104,"imean(imean(max_pods + -0.10074988160146597, max(sqrt(((sqrt(sqrt(max_time)) * max_time) / 0.694471347409465) / max_pods), 9.95094519109429)), (max_time - ((1.1228485405266413 / 0.2199317985768662) * max_pods)) / 0.3717484718362319)"
