Complexity,Loss,Equation
1,293.95585163985146,"max_score_exp_ratios"
3,80.29426871543863,"(max_score_exp_ratios ^ 1.0021747116783695)"
4,80.18316831683168,"floor(max_score_exp_ratios ^ 1.002191802844234)"
5,30.009688905704344,"min(max_score_exp_ratios ^ 1.002200650123154, max_score)"
6,29.896039603960396,"min(floor(max_score_exp_ratios ^ 1.002198785283009), max_score)"
7,14.102108276616919,"min(max_score_exp_ratios * (1.0090665389527516 ^ exp_pod_ratio), max_score)"
9,2.529326516758713,"min((max_score_exp_ratios * (1.0001574404297293 ^ pods)) * 1.0097391250015588, max_score)"
10,2.3316831683168315,"min(floor((max_score_exp_ratios * (1.0001580241863066 ^ pods)) * 1.0097392109027765), max_score)"
11,2.0711393695788094,"min((max_score_exp_ratios * 1.0094792695873371) * (6.4541895911718825 ^ (pods * 8.636357789482668e-5)), max_score)"
12,1.8316831683168318,"min(floor((max_score_exp_ratios * (0.9993753196877597 ^ (pods * -0.2565968021402118))) * 1.0095706802014754), max_score)"
