Complexity,Loss,Equation
1,2338.4491680194806,"max_score_exp_ratios"
3,524.9643317907913,"(max_score_exp_ratios * 1.057421296631411)"
4,524.8571428571429,"floor(max_score_exp_ratios * 1.0574596359945978)"
5,26.24141832416391,"min(max_score_exp_ratios ^ 1.0053309386922658, max_score)"
6,26.16883116883117,"min(floor(max_score_exp_ratios ^ 1.0053316681372981), max_score)"
7,25.90529759275067,"min((max_score_exp_ratios ^ 1.0048572695056424) * 1.0050561317158275, max_score)"
8,25.823314667134053,"min(floor(max_score_exp_ratios * 1.0048550647429277) ^ 1.0048747936739952, max_score)"
9,9.555917148321614,"min((max_score_exp_ratios ^ 1.004849173157128) * (1.0027523791699369 ^ exp_time_ratio), max_score)"
10,9.38961038961039,"min(floor((max_score_exp_ratios ^ 1.0048505120966293) * (1.002753094764229 ^ exp_time_ratio)), max_score)"
11,2.6155278581567973,"min(((max_score_exp_ratios ^ 1.0060703994191749) * (1.0032941519394214 ^ exp_time_ratio)) * 0.9862275062000556, max_score)"
12,2.5289414771229657,"min(floor((max_score_exp_ratios ^ 1.0060717014273486) * (1.0032942949654855 ^ exp_time_ratio)) * 0.9862274395716486, max_score)"
