Complexity,Loss,Equation
1,3771.511640625,"max_score_exp_ratios"
3,1716.2442809813172,"(max_score_exp_ratios * 1.0749452144952507)"
4,1716.16,"floor(max_score_exp_ratios * 1.0749489106528676)"
5,200.91477197505517,"min(max_score_exp_ratios ^ 1.0071123700207618, max_score)"
6,200.78,"min(floor(max_score_exp_ratios ^ 1.007100571252306), max_score)"
7,51.128586717528535,"min(max_score_exp_ratios * (pods ^ 0.019358759100016814), max_score)"
8,51.02,"min(floor(max_score_exp_ratios * (pods ^ 0.019352960263978643)), max_score)"
9,0.21014029928905073,"min((max_score_exp_ratios * 1.0529232139174667) * (exp_pod_ratio ^ 0.04187424620735865), max_score)"
10,0.02,"min(floor((max_score_exp_ratios * 1.052941919317368) * (exp_pod_ratio ^ 0.04186708684211823)), max_score)"
22,0.0,"min(floor(((max_score_exp_ratios * (1.6674107482623917 ^ (-3.863949229072249e-5 * -0.023293386697502347))) * (exp_pod_ratio ^ ((1.0074478878597855 * 0.04124813707650898) * 1.007447887859737))) * (1.6580814220136302 ^ 0.102023306287103)), max_score)"
