Complexity,Loss,Equation
1,150.26050200591217,"max_score_exp_ratios"
3,30.58410920603448,"(max_score_exp_ratios ^ 1.0086740486226657)"
4,30.43243243243243,"floor(max_score_exp_ratios ^ 1.0086679031025103)"
5,7.314912010208345,"min(max_score_exp_ratios ^ 1.008718778347654, max_score)"
6,7.183783783783784,"min(floor(max_score_exp_ratios ^ 1.0087431300777954), max_score)"
7,6.2520615427054995,"min((max_score_exp_ratios ^ 1.0152429140172294) * 0.9504012647228216, max_score)"
8,6.1891891891891895,"min(floor((max_score_exp_ratios ^ 1.014564008262158) * 0.9555906888709529), max_score)"
9,0.26986014052909874,"min((max_score_exp_ratios * 1.0510122130537802) * (exp_pod_ratio ^ 0.023274088423721806), max_score)"
10,0.0,"min(floor((max_score_exp_ratios * 1.0513730628910174) * (exp_pod_ratio ^ 0.023083773622905136)), max_score)"
