Complexity,Loss,Equation
1,5505.852058510857,"20025.01673937946"
2,5505.851851851852,"floor(20025.01673937946)"
3,2793.031048758783,"(max_score_exp_ratios * 1.268476418660226)"
4,2792.962962962963,"floor(max_score_exp_ratios * 1.2687321969788112)"
5,1790.3689763882844,"((exp_time_ratio ^ 0.6150205738933069) * max_score_exp_ratios)"
7,358.24834547227186,"min((exp_pod_ratio ^ 0.6585890337648126) * max_score_exp_ratios, max_score)"
9,0.2076266548641864,"min(((exp_pod_ratio * 1.0972704925170884) ^ 0.5600150619960272) * max_score_exp_ratios, max_score)"
10,0.0,"min(floor(((exp_pod_ratio * 1.0973333790025699) ^ 0.559999623048305) * max_score_exp_ratios), max_score)"
