Complexity,Loss,Equation
1,552.6003761291504,"max_score_exp_ratios"
2,552.1171875,"floor(max_score_exp_ratios)"
3,141.3157230260602,"(max_score_exp_ratios * 0.8974844264626737)"
4,141.234375,"floor(max_score_exp_ratios * 0.8976090700538935)"
5,29.27466807343896,"((exp_time_ratio ^ -0.24458718536008495) * max_score_exp_ratios)"
7,5.936241871760297,"min((exp_time_ratio ^ -0.24458718536008495) * max_score_exp_ratios, max_score)"
9,0.44857066684052077,"min(((exp_time_ratio ^ -0.2561435390146767) * max_score_exp_ratios) * 1.0058570831237608, max_score)"
10,0.1875,"min(floor((exp_time_ratio ^ -0.25609556776661563) * (max_score_exp_ratios * 1.0059424430805477)), max_score)"
