Complexity,Loss,Equation
1,238.96916783924172,"max_score_exp_ratios"
2,238.45878136200716,"floor(max_score_exp_ratios)"
3,85.94291735778087,"(max_score_exp_ratios * 0.9251415176221354)"
4,85.8853046594982,"floor(max_score_exp_ratios * 0.9244788247151822)"
5,37.007673264541815,"((exp_time_ratio ^ -0.1748062882367011) * max_score_exp_ratios)"
7,7.487537756329726,"(((exp_time_ratio * 0.8322398416002568) ^ -0.27448465558283464) * max_score_exp_ratios)"
8,7.243727598566308,"floor(((0.8317610386237546 * exp_time_ratio) ^ -0.274416688227727) * max_score_exp_ratios)"
9,0.2436816346292194,"min(((exp_time_ratio * 0.8322193397495395) ^ -0.2745101650371181) * max_score_exp_ratios, max_score)"
10,0.0,"min(floor(((0.8317610386237546 * exp_time_ratio) ^ -0.274416688227727) * max_score_exp_ratios), max_score)"
