Complexity,Loss,Equation
1,690.2597396850585,"max_score_exp_ratios"
3,203.2831144564719,"(max_score_exp_ratios ^ 1.0089603875172304)"
4,203.2,"floor(max_score_exp_ratios ^ 1.0089739322266944)"
5,100.1312666729667,"min(max_score_exp_ratios ^ 1.0090822832362305, max_score)"
6,100.0375,"min(floor(max_score_exp_ratios ^ 1.009077634276747), max_score)"
7,36.612978462898496,"min(max_score_exp_ratios * (pods ^ 0.020415081639255966), max_score)"
8,36.45625,"min(floor(max_score_exp_ratios * (pods ^ 0.020410191057391402)), max_score)"
9,0.24543149496097952,"min(max_score_exp_ratios * ((exp_pod_ratio * 2.2910634723303787) ^ 0.06209996959475893), max_score)"
10,0.0,"min(floor(max_score_exp_ratios * ((exp_pod_ratio * 2.2945449578548924) ^ 0.06207066322803125)), max_score)"
