Complexity,Loss,Equation
1,517.763101929987,"max_score_exp_ratios"
3,86.84360606802373,"(max_score_exp_ratios ^ 1.007855168914316)"
4,86.72822299651568,"floor(max_score_exp_ratios ^ 1.0078987189815178)"
5,44.22911324304167,"min(max_score_exp_ratios ^ 1.007923498391777, max_score)"
6,44.09756097560975,"min(floor(max_score_exp_ratios ^ 1.007934612481894), max_score)"
7,13.901328309540776,"min(max_score_exp_ratios * (pods ^ 0.018181786067543667), max_score)"
9,5.228257785497201,"min(max_score_exp_ratios * ((1.0156304783994292 ^ exp_pod_ratio) * 1.0408399181762338), max_score)"
10,5.182887893130255,"min(floor(max_score_exp_ratios * 1.0408399181762338) * (1.0156304783994292 ^ exp_pod_ratio), max_score)"
11,0.23840027057363405,"min((max_score_exp_ratios * 1.0528893177027459) * (exp_pod_ratio ^ (0.17220496368081945 * 0.1722437747127159)), max_score)"
12,0.003484320557491289,"min(floor((max_score_exp_ratios * 1.0529800025732456) * (exp_pod_ratio ^ (0.201736031152335 * 0.14688641867763558))), max_score)"
